claim_id,state,district,latitude,longitude,claimed_area,recorded_area,submission_date,verification_date,approval_date,status,days_pending,claim_type,anomaly_flag,anomaly_type,severity
FRA-00001,Kerala,Wayanad,9.575032,75.687573,3.74,4.01,2025-10-17,,,Rejected,0,Community Forest Resource,False,None,None
FRA-00002,Jharkhand,Ranchi,22.074493,84.765233,7.83,6.72,2023-02-12,,,Rejected,0,Community Forest Right,False,None,None
FRA-00003,Chhattisgarh,Dantewada,20.946328,82.428291,0.59,0.64,2025-11-30,2026-01-14,2026-02-07,Approved,0,Community Forest Right,False,None,None
FRA-00004,Madhya Pradesh,Bhopal,22.949818,78.435918,5.49,5.1,2022-03-30,,,Rejected,0,Community Forest Right,False,None,None
FRA-00005,Madhya Pradesh,Mandla,24.073512,79.474079,12.99,13.29,2025-11-25,2026-03-17,2026-04-20,Pending,283,Community Forest Right,True,Delayed Processing,Medium
FRA-00006,Odisha,Sundargarh,21.042738,84.641745,5.87,5.36,2023-07-01,,,Rejected,0,Individual Forest Right,False,None,None
FRA-00007,Maharashtra,Nandurbar,20.13656,74.958487,7.2,6.7,2025-08-03,,,Pending,397,Community Forest Right,False,None,None
FRA-00008,Madhya Pradesh,Balaghat,24.054506,80.220183,6.32,5.5,2025-03-07,2025-06-05,,Under Verification,546,Community Forest Right,False,None,None
FRA-00009,Jharkhand,West Singhbhum,22.357179,84.488706,11.3,11.43,2025-04-12,2025-07-05,2025-08-30,Approved,0,Individual Forest Right,False,None,None
FRA-00010,Maharashtra,Nashik,18.363638,73.376931,2.09,2.17,2025-10-25,2025-11-12,2026-01-05,Approved,0,Community Forest Right,False,None,None
FRA-00011,Maharashtra,Chandrapur,21.884314,79.886238,0.67,0.71,2025-05-12,2026-01-14,,Pending,480,Community Forest Right,True,Delayed Processing,High
FRA-00012,Chhattisgarh,Dantewada,18.016227,82.166276,10.94,12.49,2023-01-01,,,Pending,1342,Community Forest Resource,False,None,None
FRA-00013,Odisha,Mayurbhanj,19.111357,86.431299,8.32,9.02,2024-12-22,2025-06-03,,Under Verification,621,Individual Forest Right,False,None,None
FRA-00014,Madhya Pradesh,Mandla,24.196805,80.326662,4.96,4.3,2025-03-07,2025-04-07,,Under Verification,546,Individual Forest Right,False,None,None
FRA-00015,Maharashtra,Nandurbar,18.513566,76.802259,8.47,7.87,2025-01-24,2025-07-03,2025-09-15,Under Verification,588,Community Forest Resource,True,Delayed Processing,Medium
FRA-00016,Kerala,Idukki,10.8143,76.29394,2.25,2.06,2023-11-24,2024-02-12,2024-03-17,Approved,0,Individual Forest Right,False,None,None
FRA-00017,Madhya Pradesh,Bhopal,22.572354,80.62168,12.96,11.29,2023-05-03,2023-07-14,2023-08-15,Approved,0,Community Forest Resource,False,None,None
FRA-00018,Maharashtra,Nashik,18.971989,76.783784,6.4,5.62,2025-09-11,2025-11-14,2026-01-10,Approved,0,Community Forest Resource,False,None,None
FRA-00019,Madhya Pradesh,Bhopal,22.151532,79.912854,12.11,10.69,2023-01-28,2023-04-05,2023-04-27,Approved,0,Community Forest Right,False,None,None
FRA-00020,Jharkhand,Gumla,24.186215,84.263847,41.64,41.46,2022-07-20,2022-10-07,2022-10-13,Approved,0,Individual Forest Right,True,Unusual Claim Area,Medium
FRA-00021,Jharkhand,Ranchi,22.411593,84.007544,6.16,6.95,2024-07-20,2024-10-27,2025-01-11,Approved,0,Community Forest Right,False,None,None
FRA-00022,Chhattisgarh,Kanker,19.483539,82.906128,8.9,9.01,2023-10-05,2023-12-28,2024-03-03,Approved,0,Community Forest Resource,False,None,None
FRA-00023,Chhattisgarh,Bastar,22.803895,80.240334,3.19,3.28,2025-10-14,2026-02-04,,Under Verification,325,Community Forest Resource,False,None,None
FRA-00024,Chhattisgarh,Bastar,21.096908,81.257675,8.96,9.02,2023-06-19,2023-09-28,2023-11-12,Approved,0,Community Forest Right,False,None,None
FRA-00025,Chhattisgarh,Surguja,20.286123,82.787055,14.07,12.0,2025-06-26,2025-07-31,,Under Verification,435,Individual Forest Right,False,None,None
FRA-00026,Maharashtra,Chandrapur,18.529826,75.792071,1.5,1.38,2023-08-07,2023-12-01,2024-02-13,Approved,0,Community Forest Resource,False,None,None
FRA-00027,Kerala,Wayanad,11.50359,76.386506,14.01,12.34,2022-10-03,2022-10-26,2023-01-09,Approved,0,Community Forest Right,False,None,None
FRA-00028,Maharashtra,Nandurbar,20.870449,74.628778,9.7,9.01,2024-09-27,2025-01-23,2025-02-03,Approved,0,Community Forest Right,False,None,None
FRA-00029,Odisha,Koraput,18.514183,86.470037,9.74,9.04,2024-06-23,,,Pending,803,Individual Forest Right,False,None,None
FRA-00030,Madhya Pradesh,Bhopal,24.362627,79.764078,2.66,2.29,2024-01-27,,,Pending,951,Individual Forest Right,False,None,None
FRA-00031,Madhya Pradesh,Mandla,22.911629,80.732352,14.6,12.58,2024-01-03,2024-02-13,2024-05-13,Approved,0,Community Forest Resource,False,None,None
FRA-00032,Jharkhand,Gumla,24.31441,84.828581,2.86,3.12,2022-12-29,2023-01-14,,Under Verification,1345,Community Forest Right,False,None,None
FRA-00033,Jharkhand,Gumla,22.667014,86.755811,2.07,2.3,2024-08-21,2024-12-13,2025-02-14,Approved,0,Individual Forest Right,False,None,None
FRA-00034,Chhattisgarh,Bastar,21.300166,81.195398,4.54,3.95,2023-07-26,2023-10-09,2023-12-04,Approved,0,Community Forest Resource,False,None,None
FRA-00035,Odisha,Koraput,18.961367,87.366803,3.09,3.52,2023-06-28,2023-09-22,2023-11-21,Approved,0,Community Forest Right,False,None,None
FRA-00036,Jharkhand,Ranchi,22.962989,86.018058,4.19,4.45,2024-12-22,,,Under Verification,621,Individual Forest Right,True,Delayed Processing,Medium
FRA-00037,Kerala,Idukki,11.369466,76.658469,2.31,2.59,2024-11-04,2025-01-05,2025-02-20,Approved,0,Community Forest Right,False,None,None
FRA-00038,Maharashtra,Nandurbar,18.76736,78.319435,6.0,6.45,2022-12-23,,,Pending,1351,Community Forest Resource,False,None,None
FRA-00039,Madhya Pradesh,Mandla,22.717284,78.719553,8.91,9.32,2024-08-10,2024-11-14,2024-12-16,Approved,0,Community Forest Resource,False,None,None
FRA-00040,Chhattisgarh,Bastar,19.418932,81.991562,9.48,8.32,2023-04-27,,,Pending,1226,Individual Forest Right,False,None,None
FRA-00041,Chhattisgarh,Bastar,18.231069,82.951808,9.36,10.11,2024-07-21,2024-10-19,2025-01-05,Approved,0,Community Forest Resource,False,None,None
FRA-00042,Jharkhand,West Singhbhum,22.999132,84.5165,10.47,11.7,2022-08-07,,,Rejected,0,Community Forest Resource,False,None,None
FRA-00043,Maharashtra,Nashik,18.200874,74.993586,96.5,107.83,2024-08-09,,,Pending,756,Community Forest Resource,True,Unusual Claim Area,High
FRA-00044,Kerala,Kannur,11.991708,76.36968,13.51,14.5,2025-07-07,,,Under Verification,424,Community Forest Right,True,Delayed Processing,High
FRA-00045,Jharkhand,Ranchi,23.783862,84.820728,5.37,6.0,2022-06-15,2022-07-24,2022-09-16,Approved,0,Community Forest Resource,False,None,None
FRA-00046,Chhattisgarh,Bastar,20.074339,80.992644,7.26,16.45,2024-05-10,2024-08-26,2024-11-13,Approved,0,Community Forest Right,True,Land Record Mismatch,Medium
FRA-00047,Madhya Pradesh,Mandla,22.746532,78.559947,13.43,14.78,2025-01-07,,,Rejected,0,Community Forest Resource,False,None,None
FRA-00048,Chhattisgarh,Dantewada,19.097108,81.307508,0.92,0.87,2025-10-22,,,Rejected,0,Community Forest Right,False,None,None
FRA-00049,Chhattisgarh,Bastar,22.534644,81.775678,10.11,8.85,2024-05-27,2024-08-04,2024-09-01,Approved,0,Community Forest Right,False,None,None
FRA-00050,Odisha,Mayurbhanj,20.318797,84.518752,13.25,12.37,2024-05-13,2024-06-02,2024-08-06,Approved,0,Community Forest Resource,False,None,None
FRA-00051,Madhya Pradesh,Mandla,22.560555,77.274473,14.38,12.4,2025-10-30,2022-05-05,,Pending,309,Community Forest Right,True,Delayed Processing,Medium
FRA-00052,Kerala,Wayanad,11.191909,75.544911,84.45,75.93,2022-12-10,,,Pending,1364,Community Forest Right,True,Unusual Claim Area,Medium
FRA-00053,Madhya Pradesh,Bhopal,24.322218,79.303187,13.67,13.16,2023-02-11,2023-05-20,2023-08-13,Approved,0,Community Forest Resource,False,None,None
FRA-00054,Odisha,Koraput,21.684909,85.546696,1.1,1.11,2025-09-16,2025-11-29,2026-02-24,Approved,0,Community Forest Right,False,None,None
FRA-00055,Jharkhand,Ranchi,23.083809,85.267658,73.11,82.31,2022-11-10,2023-02-21,2023-05-03,Approved,0,Community Forest Right,True,Unusual Claim Area,High
FRA-00056,Jharkhand,West Singhbhum,24.064336,86.073661,5.17,4.78,2026-02-07,2022-09-02,2022-10-08,Under Verification,209,Community Forest Right,True,Delayed Processing,High
FRA-00057,Odisha,Mayurbhanj,20.4502,84.596712,4.25,3.97,2025-05-05,,,Rejected,0,Individual Forest Right,False,None,None
FRA-00058,Maharashtra,Nandurbar,18.342452,78.760597,7.58,8.17,2025-11-15,,,Pending,293,Community Forest Right,False,None,None
FRA-00059,Madhya Pradesh,Bhopal,22.735589,78.617605,4.03,4.23,2024-01-26,,,Pending,952,Community Forest Right,False,None,None
FRA-00060,Kerala,Idukki,10.555432,76.134363,43.41,46.52,2023-01-30,2023-05-15,2023-07-27,Approved,0,Community Forest Right,True,Unusual Claim Area,Medium
FRA-00061,Kerala,Idukki,12.441532,77.081571,4.8,4.6,2023-09-12,2023-11-29,2023-12-20,Approved,0,Individual Forest Right,False,None,None
FRA-00062,Maharashtra,Chandrapur,20.78967,74.010236,13.09,13.05,2022-01-26,,,Pending,1682,Community Forest Right,False,None,None
FRA-00063,Odisha,Mayurbhanj,22.361991,84.136153,12.99,11.49,2022-05-14,2022-06-02,2022-08-19,Approved,0,Individual Forest Right,False,None,None
FRA-00064,Chhattisgarh,Kanker,22.05571,82.847377,1.74,1.61,2025-02-16,,,Rejected,0,Community Forest Resource,False,None,None
FRA-00065,Chhattisgarh,Dantewada,20.252572,81.328163,12.97,14.88,2023-09-18,,,Pending,1082,Community Forest Resource,False,None,None
FRA-00066,Madhya Pradesh,Balaghat,23.563788,78.058585,1.68,1.55,2025-02-04,2025-02-14,2025-04-12,Approved,0,Community Forest Resource,False,None,None
FRA-00067,Jharkhand,Simdega,22.0816,85.008367,4.6,1.97,2022-05-26,,,Pending,1562,Community Forest Right,True,Land Record Mismatch,Medium
FRA-00068,Chhattisgarh,Bastar,18.29819,82.377886,9.13,10.02,2023-08-15,2023-10-23,2023-12-05,Approved,0,Community Forest Right,False,None,None
FRA-00069,Maharashtra,Nashik,19.751035,77.784293,99.97,105.14,2025-05-21,2025-06-11,2025-07-15,Approved,0,Community Forest Right,True,Unusual Claim Area,Medium
FRA-00070,Maharashtra,Gadchiroli,21.052436,74.401526,8.02,7.88,2023-07-24,2023-10-16,2023-12-15,Approved,0,Community Forest Right,False,None,None
FRA-00071,Madhya Pradesh,Dindori,22.869903,78.333234,10.22,11.32,2023-11-07,2024-01-19,2024-02-29,Approved,0,Community Forest Right,False,None,None
FRA-00072,Maharashtra,Gadchiroli,19.819304,75.516137,5.19,5.92,2024-04-07,2024-04-17,,Under Verification,880,Community Forest Resource,False,None,None
FRA-00073,Jharkhand,West Singhbhum,22.13551,85.814538,9.53,9.53,2024-06-24,,,Rejected,0,Community Forest Resource,False,None,None
FRA-00074,Chhattisgarh,Surguja,20.19058,82.09475,2.26,2.58,2025-05-31,,,Rejected,0,Community Forest Right,False,None,None
FRA-00075,Maharashtra,Gadchiroli,20.209006,73.745674,14.89,16.73,2025-06-02,2025-01-25,,Under Verification,459,Community Forest Right,True,Delayed Processing,High
FRA-00076,Jharkhand,West Singhbhum,22.609327,85.929428,6.06,6.83,2024-11-06,,,Rejected,0,Individual Forest Right,False,None,None
FRA-00077,Odisha,Sundargarh,19.859501,86.544728,4.37,3.72,2023-09-04,,,Rejected,0,Community Forest Resource,False,None,None
FRA-00078,Jharkhand,Gumla,23.116368,85.695195,5.32,5.74,2024-02-12,,,Pending,935,Individual Forest Right,False,None,None
FRA-00079,Kerala,Palakkad,11.215393,75.583906,11.75,10.14,2024-10-17,,,Pending,687,Individual Forest Right,True,Delayed Processing,High
FRA-00080,Chhattisgarh,Surguja,22.348502,82.622571,6.88,15.7,2024-07-24,2024-08-21,2024-10-17,Approved,0,Community Forest Right,True,Land Record Mismatch,Medium
FRA-00081,Maharashtra,Nashik,20.599347,79.814122,12.86,14.25,2024-02-18,2024-08-06,,Under Verification,929,Community Forest Right,False,None,None
FRA-00082,Maharashtra,Gadchiroli,20.469838,74.878162,10.42,9.76,2023-04-11,,,Rejected,0,Individual Forest Right,False,None,None
FRA-00083,Kerala,Wayanad,10.831036,76.735003,13.6,11.75,2022-04-25,2022-06-21,2022-08-20,Approved,0,Community Forest Resource,False,None,None
FRA-00084,Jharkhand,Gumla,22.424959,84.276389,13.13,13.6,2023-05-09,,,Pending,1214,Individual Forest Right,False,None,None
FRA-00085,Jharkhand,Simdega,23.148926,86.333943,13.53,13.39,2023-08-13,,,Pending,1118,Community Forest Right,False,None,None
FRA-00086,Odisha,Keonjhar,21.055755,84.90939,4.13,4.56,2023-02-12,2023-06-25,,Under Verification,1300,Community Forest Right,False,None,None
FRA-00087,Maharashtra,Chandrapur,20.299248,80.941536,4.78,10.73,2025-09-10,2025-09-21,2025-12-07,Approved,0,Individual Forest Right,True,Land Record Mismatch,Medium
FRA-00088,Maharashtra,Chandrapur,18.876018,74.521056,4.13,4.45,2025-09-12,,,Pending,357,Individual Forest Right,False,None,None
FRA-00089,Kerala,Wayanad,10.426799,76.102058,8.9,9.52,2022-07-04,2022-10-05,,Under Verification,1523,Individual Forest Right,False,None,None
FRA-00090,Chhattisgarh,Kanker,21.932564,82.629382,5.8,5.8,2023-07-13,,,Rejected,0,Community Forest Right,False,None,None
FRA-00091,Odisha,Keonjhar,21.71693,85.107491,36.32,35.17,2023-04-08,2023-07-28,,Under Verification,1245,Community Forest Right,True,Unusual Claim Area,High
FRA-00092,Maharashtra,Gadchiroli,19.819144,78.382627,10.25,10.51,2025-07-31,2025-09-06,,Under Verification,400,Community Forest Right,False,None,None
FRA-00093,Madhya Pradesh,Mandla,24.28814,77.885469,1.42,1.56,2025-12-06,2026-02-06,2026-02-25,Approved,0,Individual Forest Right,False,None,None
FRA-00094,Odisha,Sundargarh,18.964482,84.0566,8.29,8.01,2024-01-30,,,Pending,948,Community Forest Resource,False,None,None
FRA-00095,Jharkhand,Gumla,24.213534,86.292227,12.59,13.03,2023-07-27,2023-09-22,2023-10-24,Approved,0,Individual Forest Right,False,None,None
FRA-00096,Odisha,Koraput,22.423711,84.653007,13.57,4.44,2022-05-05,2022-06-08,2022-06-28,Approved,0,Individual Forest Right,True,Land Record Mismatch,High
FRA-00097,Odisha,Mayurbhanj,22.455284,86.541401,3.48,3.82,2025-02-09,2025-03-18,2025-04-21,Approved,0,Individual Forest Right,False,None,None
FRA-00098,Maharashtra,Gadchiroli,19.109099,80.872225,14.82,15.0,2022-12-24,2023-04-23,2023-05-01,Approved,0,Community Forest Right,False,None,None
FRA-00099,Chhattisgarh,Surguja,18.078905,80.796103,2.34,2.28,2022-08-21,,,Rejected,0,Community Forest Right,False,None,None
FRA-00100,Maharashtra,Gadchiroli,19.808022,74.772398,9.42,10.06,2025-09-11,,,Pending,358,Individual Forest Right,False,None,None
FRA-00101,Madhya Pradesh,Dindori,24.118246,78.705094,2.07,2.2,2024-06-27,2024-07-17,2024-09-01,Approved,0,Individual Forest Right,False,None,None
FRA-00102,Chhattisgarh,Surguja,21.121587,81.756094,10.83,10.44,2025-05-08,,,Pending,484,Community Forest Resource,False,None,None
FRA-00103,Jharkhand,Ranchi,23.98274,84.400449,9.99,11.12,2025-02-03,,,Rejected,0,Community Forest Right,False,None,None
FRA-00104,Chhattisgarh,Dantewada,19.694658,81.360497,34.7,38.15,2024-05-24,2024-07-05,2024-08-26,Approved,0,Individual Forest Right,True,Unusual Claim Area,High
FRA-00105,Jharkhand,Ranchi,23.861472,85.304264,2.39,2.07,2025-02-24,,,Pending,557,Community Forest Right,False,None,None
FRA-00106,Odisha,Sundargarh,21.972369,86.244773,14.54,14.98,2023-12-22,2024-03-05,2024-04-06,Approved,0,Community Forest Right,False,None,None
FRA-00107,Chhattisgarh,Bastar,19.75057,81.668796,2.17,2.03,2026-02-07,,,Under Verification,209,Individual Forest Right,True,Delayed Processing,Medium
FRA-00108,Odisha,Keonjhar,22.18615,84.579605,82.23,75.2,2025-09-08,2025-10-06,2025-12-31,Approved,0,Community Forest Right,True,Unusual Claim Area,Medium
FRA-00109,Jharkhand,Simdega,22.393523,85.090731,5.2,5.89,2025-05-06,2025-05-22,2025-06-15,Approved,0,Community Forest Resource,False,None,None
FRA-00110,Madhya Pradesh,Bhopal,22.680257,79.647755,7.54,7.41,2023-07-14,2023-09-27,2023-10-16,Approved,0,Individual Forest Right,False,None,None
FRA-00111,Odisha,Sundargarh,20.607736,84.387887,3.7,4.24,2025-04-07,2022-06-10,2022-07-12,Under Verification,515,Individual Forest Right,True,Delayed Processing,High
FRA-00112,Madhya Pradesh,Dindori,23.867535,77.702779,6.01,6.38,2024-10-21,,,Pending,683,Community Forest Right,False,None,None
FRA-00113,Madhya Pradesh,Dindori,24.154411,77.169209,0.77,0.87,2023-10-04,,,Pending,1066,Community Forest Resource,False,None,None
FRA-00114,Kerala,Kannur,10.368546,76.012581,14.51,13.08,2025-06-19,,,Pending,442,Community Forest Right,False,None,None
FRA-00115,Madhya Pradesh,Dindori,24.111211,77.973266,9.04,9.1,2024-03-21,2024-06-25,,Under Verification,897,Individual Forest Right,False,None,None
FRA-00116,Madhya Pradesh,Bhopal,23.326512,77.775615,11.76,11.23,2025-08-14,,,Rejected,0,Individual Forest Right,False,None,None
FRA-00117,Odisha,Mayurbhanj,19.193996,83.687914,11.51,10.04,2025-04-19,,,Under Verification,503,Individual Forest Right,True,Delayed Processing,High
FRA-00118,Jharkhand,Ranchi,23.172303,86.209848,12.05,12.38,2023-12-22,,,Pending,987,Community Forest Right,False,None,None
FRA-00119,Madhya Pradesh,Bhopal,22.921844,78.148308,9.85,11.26,2022-07-04,,,Pending,1523,Community Forest Right,False,None,None
FRA-00120,Maharashtra,Gadchiroli,19.798935,79.478527,37.25,41.71,2024-09-01,,,Pending,733,Community Forest Right,True,Unusual Claim Area,High
FRA-00121,Kerala,Wayanad,11.013647,75.431397,4.09,4.01,2024-06-18,,,Pending,808,Community Forest Right,False,None,None
FRA-00122,Odisha,Keonjhar,20.049666,86.485092,10.34,8.95,2025-07-16,,,Pending,415,Individual Forest Right,False,None,None
FRA-00123,Maharashtra,Nashik,19.136588,78.789869,10.02,11.24,2022-11-04,2023-01-27,2023-04-26,Approved,0,Community Forest Right,False,None,None
FRA-00124,Odisha,Sundargarh,19.015807,86.189753,1.73,1.76,2024-10-04,,,Under Verification,700,Community Forest Right,True,Delayed Processing,Medium
FRA-00125,Madhya Pradesh,Mandla,22.772165,80.804677,5.46,5.9,2023-01-29,2023-02-25,2023-03-21,Approved,0,Individual Forest Right,False,None,None
FRA-00126,Maharashtra,Gadchiroli,20.647717,80.011142,9.46,9.74,2026-01-23,2023-03-08,2023-05-31,Under Verification,224,Community Forest Right,True,Delayed Processing,Medium
FRA-00127,Odisha,Mayurbhanj,22.378354,85.747679,11.41,12.38,2023-04-25,,,Pending,1228,Community Forest Right,False,None,None
FRA-00128,Chhattisgarh,Surguja,21.391534,81.711258,6.89,7.45,2024-02-22,,,Pending,925,Individual Forest Right,False,None,None
FRA-00129,Chhattisgarh,Kanker,22.36501,80.156539,7.47,7.18,2022-07-30,,,Rejected,0,Individual Forest Right,False,None,None
FRA-00130,Odisha,Koraput,21.552467,84.227561,13.63,25.85,2024-06-14,2024-07-22,2024-09-22,Approved,0,Individual Forest Right,True,Land Record Mismatch,Medium
FRA-00131,Jharkhand,Ranchi,22.937282,84.098656,14.0,15.42,2025-08-24,2025-09-21,2025-10-13,Approved,0,Community Forest Right,False,None,None
FRA-00132,Kerala,Palakkad,11.776523,76.172775,9.42,10.57,2022-02-08,2022-06-04,2022-06-28,Approved,0,Community Forest Resource,False,None,None
FRA-00133,Maharashtra,Nashik,18.444747,75.304813,4.87,4.21,2024-05-09,,,Pending,848,Individual Forest Right,False,None,None
FRA-00134,Madhya Pradesh,Dindori,23.491848,77.065741,7.97,7.35,2022-10-22,2022-11-01,2023-01-23,Approved,0,Community Forest Resource,False,None,None
FRA-00135,Jharkhand,Gumla,23.660928,84.299649,14.63,12.73,2024-11-12,,,Under Verification,661,Individual Forest Right,True,Delayed Processing,Medium
FRA-00136,Kerala,Kannur,12.443118,75.634126,0.74,0.8,2023-12-08,2024-03-11,2024-06-04,Approved,0,Community Forest Resource,False,None,None
FRA-00137,Kerala,Idukki,9.900229,75.880748,5.41,5.64,2025-11-03,,,Pending,305,Community Forest Resource,False,None,None
FRA-00138,Chhattisgarh,Kanker,18.315503,82.328571,7.14,14.39,2022-03-31,,,Rejected,0,Community Forest Right,True,Land Record Mismatch,High
FRA-00139,Madhya Pradesh,Balaghat,22.715277,80.448554,1.19,0.68,2023-07-14,2023-09-09,2023-11-08,Approved,0,Community Forest Right,True,Land Record Mismatch,High
FRA-00140,Kerala,Kannur,10.602041,76.993227,4.37,3.82,2024-05-19,2024-08-14,2024-09-11,Approved,0,Community Forest Right,False,None,None
FRA-00141,Madhya Pradesh,Bhopal,22.8198,78.18256,6.97,7.43,2022-12-08,,,Pending,1366,Individual Forest Right,False,None,None
FRA-00142,Kerala,Idukki,11.344554,76.087351,9.77,10.62,2022-04-28,2022-07-28,2022-09-22,Approved,0,Community Forest Resource,False,None,None
FRA-00143,Kerala,Palakkad,12.358368,75.356949,9.31,10.1,2022-03-13,2022-04-22,2022-07-18,Approved,0,Community Forest Right,False,None,None
FRA-00144,Maharashtra,Gadchiroli,20.420379,78.432496,14.26,13.71,2022-06-07,,,Pending,1550,Community Forest Right,False,None,None
FRA-00145,Odisha,Keonjhar,19.498447,83.510519,11.17,11.17,2024-03-03,2024-04-12,,Under Verification,915,Community Forest Right,False,None,None
FRA-00146,Kerala,Kannur,10.143711,76.529693,10.56,12.14,2023-02-14,2023-06-13,2023-06-27,Approved,0,Community Forest Resource,False,None,None
FRA-00147,Jharkhand,Ranchi,24.026283,87.386464,14.81,7.61,2025-12-24,2026-03-13,2026-04-24,Approved,0,Community Forest Right,True,Land Record Mismatch,Medium
FRA-00148,Maharashtra,Nandurbar,18.48545,74.607843,2.51,2.73,2022-02-23,2022-05-17,2022-07-08,Approved,0,Community Forest Resource,False,None,None
FRA-00149,Chhattisgarh,Bastar,18.328741,81.19448,10.9,10.83,2025-04-18,,,Pending,504,Community Forest Resource,True,Delayed Processing,Medium
FRA-00150,Madhya Pradesh,Dindori,23.164583,79.06944,2.36,2.59,2025-02-03,,,Pending,578,Individual Forest Right,False,None,None
FRA-00151,Jharkhand,Ranchi,24.078477,85.813357,4.91,4.41,2025-05-31,2026-03-09,2026-04-19,Pending,461,Individual Forest Right,True,Delayed Processing,High
FRA-00152,Kerala,Idukki,11.343285,75.233571,9.79,10.06,2025-04-04,2025-07-07,2025-09-29,Approved,0,Community Forest Resource,False,None,None
FRA-00153,Odisha,Koraput,21.800945,83.127681,1.16,1.21,2025-03-27,2025-05-02,2025-07-19,Approved,0,Community Forest Resource,False,None,None
FRA-00154,Madhya Pradesh,Dindori,24.222492,79.18231,9.81,9.23,2023-05-17,,,Rejected,0,Community Forest Right,False,None,None
FRA-00155,Jharkhand,Ranchi,23.721534,84.553282,6.53,6.46,2023-11-28,,,Pending,1011,Community Forest Resource,False,None,None
FRA-00156,Odisha,Keonjhar,22.401497,83.588448,5.87,5.98,2023-10-16,2023-11-10,2023-12-19,Approved,0,Individual Forest Right,False,None,None
FRA-00157,Madhya Pradesh,Bhopal,22.72553,78.536599,9.42,15.63,2022-11-24,,,Rejected,0,Community Forest Right,True,Land Record Mismatch,High
FRA-00158,Odisha,Sundargarh,18.592705,87.253548,7.83,8.93,2023-03-17,,,Pending,1267,Community Forest Right,False,None,None
FRA-00159,Jharkhand,West Singhbhum,22.714371,84.028621,2.06,1.83,2025-01-22,,,Pending,590,Individual Forest Right,True,Delayed Processing,High
FRA-00160,Maharashtra,Nandurbar,19.450095,75.308814,6.1,6.01,2025-01-31,2025-04-30,2025-07-22,Approved,0,Individual Forest Right,False,None,None
FRA-00161,Jharkhand,Simdega,23.987243,85.186799,14.11,15.19,2023-02-12,,,Pending,1300,Individual Forest Right,False,None,None
FRA-00162,Madhya Pradesh,Bhopal,22.342591,78.332163,7.37,7.27,2025-05-26,2025-07-10,,Under Verification,466,Community Forest Resource,False,None,None
FRA-00163,Odisha,Mayurbhanj,20.071818,85.774252,12.72,13.08,2024-11-04,,,Rejected,0,Community Forest Resource,False,None,None
FRA-00164,Maharashtra,Chandrapur,19.89957,73.133096,5.3,4.68,2025-06-10,,,Under Verification,451,Community Forest Resource,True,Delayed Processing,Medium
FRA-00165,Maharashtra,Nandurbar,20.8856,77.668186,2.97,3.08,2025-06-23,,,Rejected,0,Community Forest Resource,False,None,None
FRA-00166,Chhattisgarh,Bastar,20.862851,82.101563,3.27,3.21,2024-05-07,2024-08-13,2024-09-13,Approved,0,Community Forest Resource,False,None,None
FRA-00167,Jharkhand,Ranchi,23.764438,85.815391,8.63,9.92,2024-09-06,,,Pending,728,Individual Forest Right,False,None,None
FRA-00168,Jharkhand,Simdega,23.365683,86.36554,69.07,63.37,2025-11-20,2026-01-30,2026-02-28,Approved,0,Community Forest Right,True,Unusual Claim Area,High
FRA-00169,Odisha,Mayurbhanj,21.26096,85.200514,7.46,7.6,2023-07-15,2023-10-06,2023-12-19,Approved,0,Community Forest Right,False,None,None
FRA-00170,Odisha,Mayurbhanj,19.661811,84.294337,10.86,10.36,2024-06-24,,,Pending,802,Individual Forest Right,False,None,None
FRA-00171,Chhattisgarh,Surguja,22.66512,82.088514,2.49,3.87,2025-04-16,2025-05-02,2025-07-31,Approved,0,Community Forest Right,True,Land Record Mismatch,Medium
FRA-00172,Kerala,Kannur,9.801635,76.926915,0.58,0.59,2022-11-20,2023-01-29,2023-04-05,Approved,0,Community Forest Right,False,None,None
FRA-00173,Odisha,Keonjhar,21.083592,87.085716,1.8,1.03,2024-12-31,,,Rejected,0,Individual Forest Right,True,Land Record Mismatch,Medium
FRA-00174,Jharkhand,West Singhbhum,22.465779,86.621511,13.15,12.32,2022-03-18,2022-06-08,2022-08-29,Approved,0,Community Forest Right,False,None,None
FRA-00175,Odisha,Sundargarh,22.456398,85.444852,7.66,8.67,2024-10-29,,,Pending,675,Individual Forest Right,False,None,None
FRA-00176,Odisha,Mayurbhanj,21.424477,85.917284,10.92,9.33,2023-11-22,,,Rejected,0,Individual Forest Right,False,None,None
FRA-00177,Chhattisgarh,Dantewada,22.134949,81.545842,1.76,1.85,2023-01-14,2023-05-26,,Under Verification,1329,Individual Forest Right,False,None,None
FRA-00178,Madhya Pradesh,Mandla,22.958936,78.786942,4.37,4.15,2025-04-07,,,Rejected,0,Community Forest Resource,False,None,None
FRA-00179,Odisha,Mayurbhanj,18.748497,83.532012,4.95,4.81,2024-10-26,2025-01-23,,Under Verification,678,Community Forest Resource,False,None,None
FRA-00180,Odisha,Keonjhar,20.958502,83.986079,2.44,1.29,2025-05-25,2025-09-01,2025-11-15,Approved,0,Community Forest Resource,True,Land Record Mismatch,Medium
FRA-00181,Jharkhand,Simdega,22.195257,85.974591,1.4,1.42,2024-11-01,2025-01-18,2025-02-11,Approved,0,Community Forest Resource,False,None,None
FRA-00182,Jharkhand,Ranchi,23.700738,86.509213,7.59,8.5,2024-07-01,,,Rejected,0,Community Forest Resource,False,None,None
FRA-00183,Jharkhand,West Singhbhum,23.409778,85.95579,10.26,9.67,2022-02-14,2022-06-08,2022-06-13,Approved,0,Community Forest Resource,False,None,None
FRA-00184,Madhya Pradesh,Bhopal,23.059243,79.80154,8.35,7.25,2022-05-22,2022-09-29,,Under Verification,1566,Community Forest Right,False,None,None
FRA-00185,Chhattisgarh,Kanker,21.829138,82.935,9.87,9.63,2024-02-23,2024-04-21,2024-06-13,Approved,0,Community Forest Resource,False,None,None
FRA-00186,Maharashtra,Nandurbar,20.614136,75.782159,3.09,3.12,2024-12-29,2025-01-26,2025-01-31,Under Verification,614,Community Forest Resource,True,Delayed Processing,High
FRA-00187,Jharkhand,Gumla,22.61878,85.211559,4.5,5.09,2022-08-20,2022-11-22,2023-01-19,Approved,0,Individual Forest Right,False,None,None
FRA-00188,Chhattisgarh,Kanker,18.336455,81.781832,6.97,7.33,2022-04-10,2022-04-25,2022-06-20,Approved,0,Community Forest Resource,False,None,None
FRA-00189,Chhattisgarh,Bastar,18.700678,82.98045,3.9,4.39,2025-03-25,2025-06-19,2025-08-04,Approved,0,Individual Forest Right,False,None,None
FRA-00190,Kerala,Palakkad,10.740681,75.687885,8.57,8.81,2022-12-25,,,Pending,1349,Community Forest Right,False,None,None
FRA-00191,Madhya Pradesh,Mandla,24.353966,79.68537,11.89,11.24,2024-05-02,2024-06-19,2024-08-11,Approved,0,Community Forest Resource,False,None,None
FRA-00192,Jharkhand,Gumla,24.123352,85.052577,57.19,52.99,2022-04-29,,,Pending,1589,Community Forest Right,True,Unusual Claim Area,Medium
FRA-00193,Kerala,Wayanad,12.266678,77.117833,1.84,1.96,2023-01-26,2023-03-25,2023-06-15,Approved,0,Individual Forest Right,False,None,None
FRA-00194,Chhattisgarh,Kanker,20.396971,82.608422,5.33,6.06,2022-02-01,2022-03-07,2022-03-27,Approved,0,Community Forest Right,False,None,None
FRA-00195,Chhattisgarh,Kanker,19.98316,80.717993,5.16,4.82,2024-08-12,,,Pending,753,Community Forest Right,False,None,None
FRA-00196,Odisha,Sundargarh,20.364016,86.612675,10.97,11.83,2023-10-18,2024-01-30,,Under Verification,1052,Individual Forest Right,False,None,None
FRA-00197,Maharashtra,Nandurbar,20.96501,73.129759,8.52,8.73,2024-05-05,2024-06-09,2024-07-26,Approved,0,Community Forest Resource,False,None,None
FRA-00198,Chhattisgarh,Dantewada,20.753213,82.830394,5.39,5.82,2024-09-27,2025-03-20,,Under Verification,707,Community Forest Right,False,None,None
FRA-00199,Chhattisgarh,Surguja,18.846329,82.160941,7.58,8.53,2025-01-15,2025-02-09,,Under Verification,597,Individual Forest Right,False,None,None
FRA-00200,Kerala,Wayanad,11.793017,76.030981,12.72,11.7,2025-12-19,2026-01-25,2026-04-04,Approved,0,Individual Forest Right,False,None,None
FRA-00201,Maharashtra,Nashik,20.637137,73.125854,8.22,8.0,2022-02-04,,,Pending,1673,Community Forest Right,False,None,None
FRA-00202,Madhya Pradesh,Dindori,24.015419,80.639093,2.05,1.8,2022-11-01,2023-01-29,2023-04-11,Approved,0,Community Forest Right,False,None,None
FRA-00203,Odisha,Sundargarh,18.816077,87.31684,7.16,6.61,2025-11-28,2026-03-05,2026-03-20,Approved,0,Community Forest Resource,False,None,None
FRA-00204,Madhya Pradesh,Bhopal,23.013196,78.508678,7.4,7.7,2025-12-10,2026-02-21,2026-04-22,Approved,0,Community Forest Right,False,None,None
FRA-00205,Maharashtra,Gadchiroli,21.579165,80.353218,3.83,4.29,2025-11-18,2026-03-29,,Under Verification,290,Individual Forest Right,False,None,None
FRA-00206,Kerala,Idukki,12.197935,76.408775,0.98,1.11,2023-10-07,2023-11-12,2024-01-31,Approved,0,Community Forest Resource,False,None,None
FRA-00207,Jharkhand,Ranchi,22.748192,85.973854,8.72,9.63,2025-10-18,2026-01-20,,Under Verification,321,Community Forest Resource,False,None,None
FRA-00208,Chhattisgarh,Bastar,20.503964,82.92297,97.82,92.72,2022-06-05,2022-09-21,2022-12-13,Approved,0,Community Forest Resource,True,Unusual Claim Area,High
FRA-00209,Odisha,Sundargarh,20.462414,84.60115,14.15,13.86,2025-10-24,,,Pending,315,Community Forest Resource,False,None,None
FRA-00210,Odisha,Mayurbhanj,21.352434,83.369171,2.74,2.91,2025-07-22,2025-09-19,2025-11-03,Approved,0,Individual Forest Right,False,None,None
FRA-00211,Madhya Pradesh,Mandla,23.11184,80.045386,1.98,1.73,2024-06-01,2024-08-21,2024-10-30,Approved,0,Individual Forest Right,False,None,None
FRA-00212,Madhya Pradesh,Mandla,23.38555,79.387698,11.87,13.17,2022-01-26,2022-03-26,2022-04-10,Approved,0,Community Forest Resource,False,None,None
FRA-00213,Chhattisgarh,Kanker,21.42658,80.508505,4.4,4.09,2022-10-26,2022-12-30,2023-02-08,Approved,0,Community Forest Right,False,None,None
FRA-00214,Madhya Pradesh,Mandla,22.629249,77.98636,9.56,9.83,2023-02-05,,,Pending,1307,Individual Forest Right,False,None,None
FRA-00215,Jharkhand,Simdega,24.104033,85.329615,13.0,5.07,2024-05-31,,,Rejected,0,Community Forest Right,True,Land Record Mismatch,Medium
FRA-00216,Odisha,Mayurbhanj,22.358298,87.359263,4.73,5.01,2024-10-02,2024-12-13,,Under Verification,702,Community Forest Right,False,None,None
FRA-00217,Jharkhand,Simdega,22.28472,85.973477,9.09,9.21,2025-10-28,,,Rejected,0,Community Forest Resource,False,None,None
FRA-00218,Jharkhand,Gumla,23.096137,85.019659,10.55,11.56,2024-04-17,,,Pending,870,Community Forest Right,False,None,None
FRA-00219,Chhattisgarh,Surguja,21.293315,82.145709,11.94,10.41,2025-05-09,,,Pending,483,Community Forest Resource,False,None,None
FRA-00220,Kerala,Kannur,11.130936,76.976802,5.71,12.32,2025-01-04,,,Pending,608,Individual Forest Right,True,Land Record Mismatch,Medium
FRA-00221,Kerala,Wayanad,11.189661,76.612578,9.88,11.26,2023-11-11,2024-03-10,,Under Verification,1028,Individual Forest Right,False,None,None
FRA-00222,Odisha,Mayurbhanj,20.542705,85.33459,8.92,9.12,2024-07-01,2024-09-08,2024-11-27,Approved,0,Individual Forest Right,False,None,None
FRA-00223,Odisha,Koraput,20.431084,84.329445,13.85,12.13,2024-11-06,2022-12-10,2023-02-11,Under Verification,667,Individual Forest Right,True,Delayed Processing,High
FRA-00224,Jharkhand,West Singhbhum,22.797274,85.050924,12.25,10.84,2023-12-04,,,Pending,1005,Individual Forest Right,False,None,None
FRA-00225,Kerala,Palakkad,11.047982,76.379776,5.3,5.18,2024-08-04,2024-10-04,2024-12-28,Approved,0,Community Forest Resource,False,None,None
FRA-00226,Kerala,Kannur,10.686747,76.843471,13.3,13.1,2024-05-29,2024-09-06,2024-10-08,Approved,0,Community Forest Resource,False,None,None
FRA-00227,Madhya Pradesh,Bhopal,23.998756,79.147556,5.8,5.27,2022-08-22,2022-12-20,2023-02-25,Approved,0,Community Forest Resource,False,None,None
FRA-00228,Odisha,Sundargarh,20.945234,85.641521,5.54,2.78,2025-06-18,2025-09-22,2025-11-04,Approved,0,Community Forest Right,True,Land Record Mismatch,Medium
FRA-00229,Madhya Pradesh,Balaghat,22.933265,77.565434,6.13,6.31,2025-03-23,2025-04-25,2025-07-01,Approved,0,Community Forest Resource,False,None,None
FRA-00230,Kerala,Palakkad,11.164738,76.224105,2.53,4.29,2024-07-12,,,Pending,784,Community Forest Resource,True,Land Record Mismatch,Medium
FRA-00231,Maharashtra,Nashik,19.636537,76.933807,10.8,10.62,2022-12-09,2022-12-22,2023-01-24,Approved,0,Community Forest Right,False,None,None
FRA-00232,Chhattisgarh,Surguja,18.841045,81.371964,11.27,12.17,2025-01-30,,,Pending,582,Community Forest Right,False,None,None
FRA-00233,Maharashtra,Chandrapur,20.168174,79.05429,11.52,11.32,2023-03-24,2023-04-29,,Under Verification,1260,Community Forest Resource,False,None,None
FRA-00234,Chhattisgarh,Surguja,22.374049,80.096691,4.31,4.78,2022-06-28,2022-07-23,2022-08-27,Approved,0,Community Forest Resource,False,None,None
FRA-00235,Maharashtra,Chandrapur,21.444195,77.882094,6.71,6.94,2025-09-17,,,Under Verification,352,Community Forest Right,True,Delayed Processing,High
FRA-00236,Kerala,Idukki,10.368,75.668358,12.94,14.82,2025-10-23,,,Rejected,0,Community Forest Right,False,None,None
FRA-00237,Madhya Pradesh,Mandla,24.167619,77.507553,13.06,12.08,2025-12-27,2026-02-06,2026-04-02,Approved,0,Community Forest Resource,False,None,None
FRA-00238,Kerala,Idukki,11.383438,75.937931,1.59,1.73,2022-07-10,2022-10-23,2022-12-02,Approved,0,Community Forest Right,False,None,None
FRA-00239,Jharkhand,West Singhbhum,22.818223,84.008656,11.72,12.54,2024-07-27,,,Pending,769,Individual Forest Right,False,None,None
FRA-00240,Maharashtra,Nashik,18.87132,76.437145,3.57,3.32,2023-08-04,2023-10-26,2023-11-16,Approved,0,Community Forest Right,False,None,None
FRA-00241,Odisha,Koraput,18.683772,85.817808,12.63,10.8,2022-11-20,2022-11-30,2023-01-28,Approved,0,Community Forest Resource,False,None,None
FRA-00242,Chhattisgarh,Surguja,18.794887,82.798177,4.47,4.68,2023-05-28,2023-08-31,2023-11-27,Approved,0,Community Forest Right,False,None,None
FRA-00243,Kerala,Idukki,11.677965,76.88808,6.72,5.9,2022-07-14,2022-09-23,2022-10-07,Approved,0,Individual Forest Right,False,None,None
FRA-00244,Maharashtra,Nashik,18.037148,78.564777,12.35,14.16,2024-05-14,,,Pending,843,Individual Forest Right,False,None,None
FRA-00245,Jharkhand,Ranchi,23.826908,84.358495,5.04,5.62,2022-10-08,2023-01-30,2023-02-21,Approved,0,Community Forest Resource,False,None,None
FRA-00246,Chhattisgarh,Bastar,20.652541,80.025424,9.93,9.75,2023-03-13,,,Pending,1271,Community Forest Right,False,None,None
FRA-00247,Maharashtra,Nashik,21.43985,73.693504,1.96,2.11,2025-04-22,,,Rejected,0,Community Forest Right,False,None,None
FRA-00248,Odisha,Mayurbhanj,19.491145,85.900793,4.1,4.22,2025-08-27,2025-09-04,2025-09-12,Pending,373,Community Forest Resource,True,Delayed Processing,High
FRA-00249,Jharkhand,Simdega,23.615424,86.743306,12.01,11.07,2024-03-01,2024-05-13,2024-08-07,Approved,0,Community Forest Resource,False,None,None
FRA-00250,Madhya Pradesh,Mandla,24.334811,77.527932,12.98,13.25,2024-01-19,,,Pending,959,Community Forest Right,False,None,None
FRA-00251,Madhya Pradesh,Bhopal,23.468409,77.055174,3.63,4.09,2024-03-26,,,Pending,892,Community Forest Resource,False,None,None
FRA-00252,Jharkhand,West Singhbhum,23.754527,84.288497,8.28,3.82,2023-07-23,2023-08-12,2023-10-21,Approved,0,Community Forest Right,True,Land Record Mismatch,Medium
FRA-00253,Kerala,Kannur,11.689875,77.11617,1.34,1.17,2024-06-08,2024-09-04,2024-11-25,Approved,0,Community Forest Resource,False,None,None
FRA-00254,Kerala,Palakkad,9.858329,76.769752,10.67,9.59,2025-02-21,,,Pending,560,Individual Forest Right,True,Delayed Processing,High
FRA-00255,Kerala,Idukki,11.698808,75.295142,13.55,12.88,2024-05-29,2024-06-16,2024-07-24,Approved,0,Community Forest Resource,False,None,None
FRA-00256,Kerala,Wayanad,10.988443,76.276955,1.3,0.48,2022-12-08,2023-01-19,2023-02-06,Approved,0,Individual Forest Right,True,Land Record Mismatch,Medium
FRA-00257,Chhattisgarh,Bastar,20.358823,81.148938,2.68,4.69,2022-03-14,,,Pending,1635,Community Forest Right,True,Land Record Mismatch,High
FRA-00258,Madhya Pradesh,Mandla,22.298502,79.693303,1.26,1.16,2024-11-22,2025-03-14,,Under Verification,651,Community Forest Right,False,None,None
FRA-00259,Odisha,Keonjhar,19.809204,85.488911,0.62,0.56,2025-02-28,,,Rejected,0,Individual Forest Right,False,None,None
FRA-00260,Jharkhand,Simdega,23.479227,85.726762,11.7,10.63,2025-01-24,,,Rejected,0,Individual Forest Right,False,None,None
FRA-00261,Jharkhand,Ranchi,22.582494,85.212483,12.67,14.1,2025-08-10,2024-02-20,2024-04-13,Pending,390,Community Forest Resource,True,Delayed Processing,High
FRA-00262,Chhattisgarh,Dantewada,20.460144,80.179685,14.96,15.91,2022-07-10,2022-08-18,2022-10-28,Approved,0,Community Forest Right,False,None,None
FRA-00263,Jharkhand,Ranchi,23.451927,85.768997,9.74,9.43,2025-04-27,,,Pending,495,Individual Forest Right,False,None,None
FRA-00264,Chhattisgarh,Surguja,19.304955,80.945027,12.11,12.84,2023-10-31,2023-12-14,2024-01-17,Approved,0,Individual Forest Right,False,None,None
FRA-00265,Chhattisgarh,Bastar,18.777053,80.493125,7.26,7.06,2025-01-02,2025-04-20,2025-05-21,Approved,0,Community Forest Right,False,None,None
FRA-00266,Odisha,Koraput,18.861684,86.634186,4.91,5.21,2025-05-20,2025-09-13,2025-10-29,Approved,0,Community Forest Resource,False,None,None
FRA-00267,Chhattisgarh,Surguja,19.981222,80.146852,4.83,5.29,2022-12-23,2023-02-22,2023-04-25,Approved,0,Community Forest Resource,False,None,None
FRA-00268,Chhattisgarh,Bastar,20.310216,82.41169,2.53,2.16,2023-04-01,2023-07-25,2023-09-19,Approved,0,Community Forest Resource,False,None,None
FRA-00269,Kerala,Wayanad,11.246971,75.647052,12.28,10.52,2025-11-03,2022-08-13,2022-10-13,Under Verification,305,Individual Forest Right,True,Delayed Processing,Medium
FRA-00270,Jharkhand,Ranchi,22.419973,86.008595,12.41,12.02,2022-03-02,2022-05-05,2022-06-01,Approved,0,Individual Forest Right,False,None,None
FRA-00271,Odisha,Keonjhar,20.284046,83.668841,9.4,9.73,2025-08-18,2025-10-19,2026-01-02,Approved,0,Individual Forest Right,False,None,None
FRA-00272,Odisha,Sundargarh,19.048944,83.89756,13.33,13.43,2024-11-02,2025-12-11,,Under Verification,671,Community Forest Resource,True,Delayed Processing,High
FRA-00273,Jharkhand,Simdega,24.281693,85.758376,6.13,5.54,2023-10-16,,,Pending,1054,Community Forest Right,False,None,None
FRA-00274,Madhya Pradesh,Dindori,23.323581,80.067369,14.99,17.12,2022-07-25,2022-09-03,2022-10-12,Approved,0,Community Forest Resource,False,None,None
FRA-00275,Madhya Pradesh,Balaghat,23.43923,80.930659,6.13,6.93,2025-03-13,2023-03-17,2023-05-01,Pending,540,Community Forest Resource,True,Delayed Processing,High
FRA-00276,Maharashtra,Nandurbar,20.252436,74.505869,14.83,16.53,2024-10-05,,,Pending,699,Individual Forest Right,False,None,None
FRA-00277,Madhya Pradesh,Bhopal,22.581558,77.875236,8.13,6.91,2025-06-11,2025-07-07,2025-08-24,Approved,0,Community Forest Right,False,None,None
FRA-00278,Madhya Pradesh,Bhopal,22.36928,79.818785,2.55,2.25,2024-12-13,2025-01-10,,Under Verification,630,Community Forest Resource,False,None,None
FRA-00279,Jharkhand,Ranchi,22.841403,85.129111,42.19,48.12,2024-06-13,,,Rejected,0,Community Forest Resource,True,Unusual Claim Area,High
FRA-00280,Maharashtra,Chandrapur,18.892949,77.711601,3.04,1.69,2025-11-11,2025-12-13,2025-12-18,Approved,0,Individual Forest Right,True,Land Record Mismatch,High
FRA-00281,Maharashtra,Chandrapur,21.684153,80.740253,3.7,3.77,2024-10-13,2025-01-26,2025-02-09,Approved,0,Community Forest Right,False,None,None
FRA-00282,Chhattisgarh,Bastar,22.108309,82.010074,11.07,10.52,2022-01-24,2022-03-06,2022-03-19,Approved,0,Individual Forest Right,False,None,None
FRA-00283,Kerala,Wayanad,9.644442,76.09555,6.58,5.92,2024-04-27,,,Pending,860,Community Forest Resource,False,None,None
FRA-00284,Jharkhand,Ranchi,24.072017,86.760555,8.88,9.57,2023-04-07,2023-04-26,2023-05-05,Approved,0,Community Forest Right,False,None,None
FRA-00285,Odisha,Koraput,18.796802,83.765473,5.94,6.35,2025-01-25,2025-02-27,,Under Verification,587,Community Forest Resource,False,None,None
FRA-00286,Jharkhand,Ranchi,23.078308,86.287723,9.31,9.13,2022-04-20,2022-05-26,2022-06-24,Approved,0,Community Forest Resource,False,None,None
FRA-00287,Kerala,Idukki,11.481794,75.743502,1.89,1.83,2025-01-30,,,Rejected,0,Community Forest Right,False,None,None
FRA-00288,Madhya Pradesh,Dindori,22.219071,80.295589,9.56,9.5,2022-07-18,2022-08-18,2022-11-12,Approved,0,Individual Forest Right,False,None,None
FRA-00289,Jharkhand,Ranchi,22.770884,85.391136,7.59,7.96,2022-07-06,,,Pending,1521,Community Forest Right,False,None,None
FRA-00290,Jharkhand,Simdega,22.466457,84.156159,6.88,6.39,2023-07-05,,,Pending,1157,Community Forest Resource,False,None,None
FRA-00291,Kerala,Wayanad,9.757122,75.859478,8.35,9.53,2025-07-10,2025-05-09,2025-07-02,Under Verification,421,Community Forest Right,True,Delayed Processing,High
FRA-00292,Odisha,Koraput,20.079217,86.842729,1.0,1.02,2024-11-24,,,Rejected,0,Community Forest Resource,False,None,None
FRA-00293,Chhattisgarh,Bastar,22.746274,81.347119,14.26,12.84,2023-03-10,,,Rejected,0,Community Forest Right,False,None,None
FRA-00294,Madhya Pradesh,Dindori,22.504798,80.290256,2.64,2.72,2023-10-17,2023-11-13,,Under Verification,1053,Community Forest Resource,False,None,None
FRA-00295,Jharkhand,Simdega,24.14156,85.818909,13.8,11.78,2025-12-05,,,Pending,273,Community Forest Right,False,None,None
FRA-00296,Madhya Pradesh,Dindori,22.374106,79.266376,8.95,10.2,2025-01-12,2022-12-26,,Under Verification,600,Community Forest Right,True,Delayed Processing,High
FRA-00297,Jharkhand,West Singhbhum,23.430058,85.655663,3.0,2.91,2025-06-20,,,Pending,441,Individual Forest Right,False,None,None
FRA-00298,Jharkhand,Simdega,23.726284,84.172518,7.39,6.88,2024-02-02,2024-05-26,2024-07-08,Approved,0,Community Forest Right,False,None,None
FRA-00299,Kerala,Wayanad,12.41749,75.569894,4.86,5.22,2023-10-20,2023-12-22,2024-03-13,Approved,0,Individual Forest Right,False,None,None
FRA-00300,Jharkhand,Gumla,24.283582,85.425096,7.52,7.56,2024-02-05,,,Rejected,0,Individual Forest Right,False,None,None
FRA-00301,Madhya Pradesh,Mandla,23.773923,78.613541,11.82,11.91,2024-11-26,2025-04-13,2025-05-13,Pending,647,Individual Forest Right,True,Delayed Processing,Medium
FRA-00302,Odisha,Mayurbhanj,19.59591,86.705778,7.82,8.14,2022-09-11,,,Pending,1454,Community Forest Right,False,None,None
FRA-00303,Maharashtra,Nashik,18.710335,79.963846,9.01,8.6,2022-12-01,,,Rejected,0,Community Forest Resource,False,None,None
FRA-00304,Madhya Pradesh,Mandla,22.068626,77.198604,12.88,13.96,2023-03-15,2023-09-06,,Under Verification,1269,Individual Forest Right,False,None,None
FRA-00305,Odisha,Sundargarh,20.553125,86.890835,14.52,15.31,2024-08-28,2025-02-19,,Under Verification,737,Individual Forest Right,False,None,None
FRA-00306,Chhattisgarh,Surguja,21.041719,82.829015,10.83,11.51,2023-07-18,2023-09-14,2023-11-02,Approved,0,Individual Forest Right,False,None,None
FRA-00307,Jharkhand,Simdega,23.69299,86.885088,6.26,5.51,2024-11-13,2025-02-26,,Under Verification,660,Community Forest Resource,False,None,None
FRA-00308,Maharashtra,Chandrapur,19.193904,73.864836,1.43,1.64,2025-08-04,2025-09-18,2025-10-26,Approved,0,Community Forest Resource,False,None,None
FRA-00309,Odisha,Mayurbhanj,19.099717,86.444635,13.55,14.79,2025-05-13,2025-07-02,2025-07-24,Approved,0,Community Forest Resource,False,None,None
FRA-00310,Jharkhand,Simdega,22.648566,85.46498,6.13,5.28,2025-12-21,2026-02-17,,Under Verification,257,Community Forest Resource,False,None,None
FRA-00311,Chhattisgarh,Dantewada,22.532633,82.015605,7.86,8.67,2025-09-08,2025-11-03,,Under Verification,361,Community Forest Right,False,None,None
FRA-00312,Chhattisgarh,Surguja,21.625933,81.677095,13.73,15.57,2023-11-19,,,Pending,1020,Individual Forest Right,False,None,None
FRA-00313,Kerala,Idukki,10.761418,77.217109,5.89,6.04,2024-08-07,2024-12-15,,Under Verification,758,Community Forest Resource,False,None,None
FRA-00314,Maharashtra,Gadchiroli,19.888879,74.55635,2.24,2.36,2024-12-21,2025-01-06,2025-01-30,Approved,0,Individual Forest Right,False,None,None
FRA-00315,Odisha,Sundargarh,22.448766,87.017803,14.81,13.22,2023-01-05,,,Rejected,0,Community Forest Resource,False,None,None
FRA-00316,Chhattisgarh,Surguja,21.172495,80.014141,4.47,4.82,2022-12-12,,,Pending,1362,Individual Forest Right,False,None,None
FRA-00317,Chhattisgarh,Dantewada,21.167438,81.21018,14.5,13.99,2022-03-19,,,Pending,1630,Individual Forest Right,False,None,None
FRA-00318,Odisha,Mayurbhanj,18.571665,83.018557,11.14,10.23,2023-12-07,2023-12-30,2024-02-22,Approved,0,Community Forest Right,False,None,None
FRA-00319,Chhattisgarh,Bastar,22.119219,80.894607,4.72,5.04,2025-05-06,,,Pending,486,Community Forest Resource,False,None,None
FRA-00320,Chhattisgarh,Surguja,22.980695,81.470536,11.38,10.24,2024-04-06,2024-05-14,2024-06-04,Approved,0,Individual Forest Right,False,None,None
FRA-00321,Maharashtra,Nandurbar,18.492648,78.688881,11.99,11.54,2025-08-04,2025-10-21,2026-01-13,Approved,0,Individual Forest Right,False,None,None
FRA-00322,Kerala,Wayanad,11.460703,75.049354,10.5,10.24,2024-02-18,2024-03-31,2024-06-04,Approved,0,Individual Forest Right,False,None,None
FRA-00323,Kerala,Wayanad,10.403349,76.654161,10.11,9.41,2025-05-25,,,Rejected,0,Individual Forest Right,False,None,None
FRA-00324,Maharashtra,Gadchiroli,19.130827,79.278081,79.24,74.38,2023-06-23,,,Rejected,0,Individual Forest Right,True,Unusual Claim Area,High
FRA-00325,Maharashtra,Nashik,21.641427,78.505631,7.47,2.58,2022-01-27,,,Pending,1681,Community Forest Resource,True,Land Record Mismatch,High
FRA-00326,Kerala,Wayanad,12.214338,76.610842,7.12,8.14,2023-06-25,,,Pending,1167,Individual Forest Right,False,None,None
FRA-00327,Madhya Pradesh,Mandla,22.900537,79.707066,6.68,5.91,2022-04-04,2022-05-01,2022-07-29,Approved,0,Community Forest Right,False,None,None
FRA-00328,Odisha,Sundargarh,22.320357,84.207392,88.5,93.54,2023-12-03,2024-02-02,2024-03-29,Approved,0,Community Forest Right,True,Unusual Claim Area,High
FRA-00329,Jharkhand,Gumla,22.282641,86.436595,1.35,1.53,2025-02-13,2023-02-16,2023-04-23,Pending,568,Community Forest Right,True,Delayed Processing,High
FRA-00330,Maharashtra,Gadchiroli,21.450303,80.039602,11.05,19.47,2024-09-16,2024-10-24,,Under Verification,718,Individual Forest Right,True,Land Record Mismatch,High
FRA-00331,Kerala,Palakkad,12.433687,76.674611,5.41,5.45,2025-12-05,,,Pending,273,Community Forest Resource,False,None,None
FRA-00332,Chhattisgarh,Dantewada,19.728747,82.028887,6.08,6.7,2025-02-17,2025-08-02,,Under Verification,564,Community Forest Resource,False,None,None
FRA-00333,Chhattisgarh,Dantewada,22.259356,82.608247,1.59,1.59,2023-05-09,2023-06-23,2023-07-04,Approved,0,Community Forest Resource,False,None,None
FRA-00334,Kerala,Kannur,10.709831,75.5875,7.16,7.81,2024-07-06,2024-09-17,2024-11-18,Approved,0,Community Forest Right,False,None,None
FRA-00335,Kerala,Wayanad,9.80793,76.030846,92.31,94.04,2022-07-06,,,Rejected,0,Community Forest Resource,True,Unusual Claim Area,High
FRA-00336,Kerala,Kannur,12.351065,75.908356,1.29,1.18,2024-07-19,2024-11-04,2025-01-27,Approved,0,Community Forest Resource,False,None,None
FRA-00337,Kerala,Idukki,11.647741,75.285058,11.51,10.55,2023-12-01,2024-03-01,2024-04-12,Approved,0,Community Forest Right,False,None,None
FRA-00338,Kerala,Wayanad,9.637334,75.410388,2.54,2.71,2024-04-18,2024-07-15,2024-08-14,Approved,0,Community Forest Right,False,None,None
FRA-00339,Chhattisgarh,Dantewada,22.122771,80.571736,5.4,5.82,2022-04-06,2022-09-13,,Under Verification,1612,Community Forest Right,False,None,None
FRA-00340,Jharkhand,Gumla,24.409637,84.015182,11.18,11.36,2024-06-05,,,Rejected,0,Community Forest Resource,False,None,None
FRA-00341,Chhattisgarh,Kanker,21.652473,80.385145,6.12,6.3,2023-10-22,,,Pending,1048,Community Forest Resource,False,None,None
FRA-00342,Kerala,Palakkad,10.320788,77.408984,14.57,14.36,2022-10-01,2022-12-27,2023-03-07,Approved,0,Community Forest Resource,False,None,None
FRA-00343,Maharashtra,Chandrapur,20.847497,80.484097,9.67,8.8,2025-07-02,,,Rejected,0,Community Forest Resource,False,None,None
FRA-00344,Chhattisgarh,Kanker,20.519467,82.082936,5.17,4.57,2023-12-23,,,Pending,986,Community Forest Resource,False,None,None
FRA-00345,Kerala,Kannur,11.52273,77.234665,8.24,9.17,2024-05-15,,,Rejected,0,Individual Forest Right,False,None,None
FRA-00346,Jharkhand,Gumla,22.132662,84.198117,4.37,4.74,2023-08-10,,,Pending,1121,Individual Forest Right,False,None,None
FRA-00347,Kerala,Idukki,10.112003,76.35293,5.7,13.02,2025-06-15,2025-11-15,,Under Verification,446,Community Forest Resource,True,Land Record Mismatch,High
FRA-00348,Kerala,Wayanad,12.279454,75.968887,14.37,16.42,2023-10-03,2023-10-26,,Under Verification,1067,Community Forest Right,False,None,None
FRA-00349,Chhattisgarh,Dantewada,22.149917,82.734459,10.72,11.19,2025-04-20,,,Pending,502,Community Forest Resource,False,None,None
FRA-00350,Chhattisgarh,Surguja,20.244075,82.95036,1.58,1.8,2024-11-18,2024-12-03,2025-01-31,Approved,0,Community Forest Right,False,None,None
FRA-00351,Chhattisgarh,Kanker,20.91993,80.765048,5.29,5.62,2022-11-14,2023-01-04,2023-03-26,Approved,0,Community Forest Resource,False,None,None
FRA-00352,Maharashtra,Chandrapur,19.962204,77.581416,85.04,76.35,2023-10-13,,,Pending,1057,Community Forest Resource,True,Unusual Claim Area,Medium
FRA-00353,Maharashtra,Nashik,18.367782,74.769585,3.59,3.41,2024-01-09,2024-04-24,2024-07-17,Approved,0,Community Forest Resource,False,None,None
FRA-00354,Kerala,Wayanad,9.844166,75.865018,3.99,4.16,2025-06-26,2025-07-11,2025-08-26,Approved,0,Individual Forest Right,False,None,None
FRA-00355,Jharkhand,Simdega,23.350593,84.989901,13.71,15.03,2024-02-07,,,Pending,940,Community Forest Right,False,None,None
FRA-00356,Madhya Pradesh,Mandla,24.245704,77.77005,7.95,9.02,2022-12-09,2023-05-05,,Under Verification,1365,Community Forest Resource,False,None,None
FRA-00357,Madhya Pradesh,Balaghat,23.675838,80.094329,13.04,12.74,2022-08-01,2022-11-25,2023-01-24,Approved,0,Individual Forest Right,False,None,None
FRA-00358,Kerala,Palakkad,9.571259,76.792171,1.05,0.92,2022-12-31,,,Rejected,0,Community Forest Resource,False,None,None
FRA-00359,Chhattisgarh,Surguja,20.038164,81.353377,6.36,6.01,2024-03-08,,,Pending,910,Community Forest Resource,False,None,None
FRA-00360,Kerala,Wayanad,11.767882,76.46402,10.66,9.29,2024-10-26,2025-02-13,2025-03-28,Approved,0,Community Forest Right,False,None,None
FRA-00361,Jharkhand,West Singhbhum,22.987783,86.312531,7.37,7.44,2025-05-07,,,Pending,485,Community Forest Resource,True,Delayed Processing,High
FRA-00362,Kerala,Idukki,12.372175,75.027876,13.18,11.76,2022-03-27,2022-06-21,2022-08-15,Approved,0,Individual Forest Right,False,None,None
FRA-00363,Odisha,Mayurbhanj,21.493186,87.065959,5.49,5.35,2025-08-15,2025-09-30,,Under Verification,385,Individual Forest Right,False,None,None
FRA-00364,Maharashtra,Chandrapur,18.777305,74.450864,12.1,13.38,2025-01-29,,,Pending,583,Community Forest Right,False,None,None
FRA-00365,Kerala,Wayanad,10.252063,75.493544,8.92,10.13,2024-01-02,2024-04-04,2024-05-09,Approved,0,Community Forest Resource,False,None,None
FRA-00366,Madhya Pradesh,Balaghat,22.794465,78.802584,9.44,8.89,2026-03-04,2025-07-02,2025-08-22,Pending,184,Community Forest Right,True,Delayed Processing,High
FRA-00367,Chhattisgarh,Kanker,21.560996,81.922516,4.51,10.26,2025-10-23,,,Rejected,0,Community Forest Resource,True,Land Record Mismatch,High
FRA-00368,Madhya Pradesh,Balaghat,23.613879,77.327895,4.57,5.02,2025-01-08,2025-04-21,2025-07-15,Approved,0,Individual Forest Right,False,None,None
FRA-00369,Madhya Pradesh,Bhopal,24.031606,79.315603,11.65,10.65,2022-03-17,,,Pending,1632,Community Forest Resource,False,None,None
FRA-00370,Jharkhand,Gumla,22.914547,84.781573,11.7,12.52,2023-08-19,2023-11-01,2024-01-10,Approved,0,Community Forest Right,False,None,None
FRA-00371,Maharashtra,Gadchiroli,20.650714,79.783855,12.19,12.61,2022-12-06,,,Rejected,0,Individual Forest Right,False,None,None
FRA-00372,Chhattisgarh,Kanker,21.679599,81.45051,5.7,5.22,2024-09-25,2024-11-07,2024-12-29,Approved,0,Community Forest Resource,False,None,None
FRA-00373,Chhattisgarh,Surguja,19.940466,82.753706,13.28,11.45,2025-08-21,2025-11-29,2026-02-08,Approved,0,Community Forest Right,False,None,None
FRA-00374,Kerala,Idukki,11.235894,76.4254,5.96,5.74,2025-07-23,,,Under Verification,408,Community Forest Resource,True,Delayed Processing,High
FRA-00375,Jharkhand,Simdega,24.043092,85.207613,11.99,13.38,2022-01-14,,,Pending,1694,Individual Forest Right,False,None,None
FRA-00376,Chhattisgarh,Bastar,20.572706,80.842429,2.68,2.4,2025-05-17,,,Rejected,0,Individual Forest Right,False,None,None
FRA-00377,Jharkhand,Simdega,23.800639,85.685308,7.44,6.79,2022-11-27,,,Pending,1377,Individual Forest Right,False,None,None
FRA-00378,Madhya Pradesh,Balaghat,23.433716,77.644517,9.63,4.62,2025-03-18,2025-04-18,2025-05-26,Approved,0,Community Forest Resource,True,Land Record Mismatch,High
FRA-00379,Kerala,Idukki,12.341762,75.541484,9.29,9.21,2024-09-13,2025-01-07,2025-03-05,Approved,0,Community Forest Resource,False,None,None
FRA-00380,Chhattisgarh,Surguja,18.838609,82.056773,13.87,14.27,2022-05-21,2022-07-19,2022-08-09,Approved,0,Individual Forest Right,False,None,None
FRA-00381,Maharashtra,Nashik,21.306057,77.844088,3.07,3.44,2025-05-13,2025-08-31,2025-11-12,Approved,0,Individual Forest Right,False,None,None
FRA-00382,Madhya Pradesh,Dindori,23.648482,80.607939,8.32,7.07,2025-10-21,,,Pending,318,Community Forest Right,False,None,None
FRA-00383,Madhya Pradesh,Dindori,22.573716,80.209201,11.95,5.11,2025-04-21,,,Rejected,0,Individual Forest Right,True,Land Record Mismatch,Medium
FRA-00384,Odisha,Sundargarh,19.53122,83.024613,11.28,9.61,2024-12-06,2024-12-16,2025-02-07,Approved,0,Community Forest Resource,False,None,None
FRA-00385,Odisha,Sundargarh,19.949079,83.696504,9.95,9.21,2025-01-02,2025-02-27,2025-05-21,Approved,0,Community Forest Resource,False,None,None
FRA-00386,Jharkhand,Gumla,23.03307,86.743259,84.19,81.62,2025-02-10,,,Pending,571,Individual Forest Right,True,Unusual Claim Area,High
FRA-00387,Kerala,Wayanad,11.743443,76.116487,10.64,9.56,2025-02-03,,,Pending,578,Community Forest Resource,True,Delayed Processing,Medium
FRA-00388,Madhya Pradesh,Bhopal,24.058139,78.886675,9.2,8.06,2023-06-23,2023-07-13,2023-10-03,Approved,0,Community Forest Right,False,None,None
FRA-00389,Jharkhand,Simdega,23.779015,86.091154,14.21,15.58,2025-08-04,,,Pending,396,Community Forest Resource,False,None,None
FRA-00390,Maharashtra,Chandrapur,18.778986,79.271676,7.9,8.37,2025-06-13,2025-06-27,2025-08-17,Approved,0,Individual Forest Right,False,None,None
FRA-00391,Chhattisgarh,Bastar,22.984086,82.339019,5.62,11.57,2025-04-15,2025-04-26,2025-05-09,Approved,0,Community Forest Right,True,Land Record Mismatch,High
FRA-00392,Odisha,Mayurbhanj,20.925454,83.875363,13.98,14.29,2023-06-19,2023-09-01,2023-09-19,Approved,0,Community Forest Resource,False,None,None
FRA-00393,Odisha,Keonjhar,22.288062,86.61324,14.37,15.99,2025-03-23,2025-05-28,2025-07-20,Approved,0,Individual Forest Right,False,None,None
FRA-00394,Odisha,Sundargarh,21.226379,87.034357,13.0,12.93,2023-06-13,2023-09-12,2023-10-15,Approved,0,Individual Forest Right,False,None,None
FRA-00395,Odisha,Sundargarh,22.321783,85.324269,0.64,0.7,2023-05-24,2023-07-24,2023-09-10,Approved,0,Individual Forest Right,False,None,None
FRA-00396,Jharkhand,Simdega,22.883845,87.130107,4.4,4.99,2025-10-31,2025-12-28,,Under Verification,308,Individual Forest Right,False,None,None
FRA-00397,Chhattisgarh,Kanker,22.363712,80.620336,3.44,3.18,2025-06-20,2025-10-07,2025-10-25,Approved,0,Individual Forest Right,False,None,None
FRA-00398,Kerala,Kannur,11.341481,76.910611,8.35,20.74,2024-09-14,2024-11-03,2025-01-10,Approved,0,Community Forest Right,True,Land Record Mismatch,High
FRA-00399,Chhattisgarh,Kanker,18.270741,82.39781,7.44,7.53,2024-10-26,2025-02-23,2025-03-22,Approved,0,Individual Forest Right,False,None,None
FRA-00400,Kerala,Kannur,10.446954,75.021047,10.27,9.9,2022-07-26,2022-10-22,2022-11-29,Approved,0,Community Forest Right,False,None,None
FRA-00401,Chhattisgarh,Surguja,20.356727,81.839252,5.81,5.81,2023-03-08,2023-06-22,2023-08-13,Approved,0,Community Forest Right,False,None,None
FRA-00402,Odisha,Sundargarh,19.219557,83.590126,8.85,8.13,2025-08-20,,,Under Verification,380,Individual Forest Right,True,Delayed Processing,High
FRA-00403,Kerala,Palakkad,10.918961,75.024356,6.61,5.89,2025-07-15,,,Pending,416,Community Forest Right,False,None,None
FRA-00404,Odisha,Keonjhar,20.748554,85.555255,6.28,6.64,2025-03-31,2022-06-14,2022-08-18,Under Verification,522,Community Forest Right,True,Delayed Processing,Medium
FRA-00405,Odisha,Keonjhar,20.7414,87.193301,4.24,3.63,2022-09-06,2022-12-11,2023-03-03,Approved,0,Community Forest Resource,False,None,None
FRA-00406,Kerala,Palakkad,12.438119,75.711522,5.21,5.23,2024-07-04,2024-10-19,,Under Verification,792,Community Forest Right,False,None,None
FRA-00407,Kerala,Palakkad,12.104773,76.601452,13.96,13.63,2025-09-24,,,Pending,345,Community Forest Right,True,Delayed Processing,Medium
FRA-00408,Chhattisgarh,Surguja,19.584391,80.874069,4.38,4.57,2023-07-10,2023-10-20,,Under Verification,1152,Community Forest Resource,False,None,None
FRA-00409,Jharkhand,West Singhbhum,22.418295,86.989741,2.31,2.13,2023-05-31,2023-06-30,,Under Verification,1192,Community Forest Right,False,None,None
FRA-00410,Madhya Pradesh,Bhopal,22.159481,80.514764,48.37,43.37,2024-03-24,,,Pending,894,Community Forest Resource,True,Unusual Claim Area,Medium
FRA-00411,Jharkhand,Simdega,22.57339,86.581576,6.93,6.15,2024-12-14,,,Rejected,0,Community Forest Resource,False,None,None
FRA-00412,Odisha,Keonjhar,21.956965,85.102371,13.13,14.84,2025-01-28,2025-05-07,2025-07-20,Approved,0,Community Forest Resource,False,None,None
FRA-00413,Jharkhand,West Singhbhum,23.30865,86.238349,4.99,4.76,2025-01-10,2025-01-31,2025-04-02,Approved,0,Community Forest Right,False,None,None
FRA-00414,Odisha,Mayurbhanj,19.714292,83.000416,12.32,13.61,2023-12-06,2024-02-22,2024-02-28,Approved,0,Community Forest Right,False,None,None
FRA-00415,Jharkhand,Simdega,22.022831,85.506524,4.75,4.37,2022-01-15,,,Pending,1693,Community Forest Resource,False,None,None
FRA-00416,Jharkhand,West Singhbhum,22.62474,86.502283,9.87,10.84,2023-03-28,2023-05-31,2023-08-24,Approved,0,Community Forest Resource,False,None,None
FRA-00417,Kerala,Idukki,10.354031,76.857317,12.23,11.91,2022-05-21,2022-07-07,2022-07-26,Approved,0,Community Forest Resource,False,None,None
FRA-00418,Jharkhand,Simdega,23.751181,85.721986,5.15,4.61,2024-12-31,2025-01-23,2025-03-05,Approved,0,Community Forest Resource,False,None,None
FRA-00419,Jharkhand,Ranchi,22.582026,84.527393,7.66,7.3,2023-10-01,,,Rejected,0,Community Forest Right,False,None,None
FRA-00420,Jharkhand,Ranchi,22.825622,86.952412,14.3,12.4,2024-03-14,2024-05-23,2024-06-20,Approved,0,Community Forest Right,False,None,None
FRA-00421,Jharkhand,Ranchi,22.304904,86.68851,4.11,4.44,2024-06-26,2024-07-10,2024-08-09,Approved,0,Individual Forest Right,False,None,None
FRA-00422,Maharashtra,Nandurbar,19.891302,78.451539,5.03,4.76,2025-07-12,,,Rejected,0,Community Forest Resource,False,None,None
FRA-00423,Maharashtra,Gadchiroli,19.013251,78.10816,3.38,3.77,2025-09-27,2025-10-21,2025-11-25,Approved,0,Community Forest Right,False,None,None
FRA-00424,Madhya Pradesh,Balaghat,23.985976,79.338787,6.24,5.76,2022-03-28,,,Pending,1621,Community Forest Resource,False,None,None
FRA-00425,Maharashtra,Nandurbar,19.485595,73.715839,2.79,2.45,2025-06-20,2025-10-05,2025-12-29,Approved,0,Community Forest Right,False,None,None
FRA-00426,Kerala,Palakkad,11.603984,76.978666,2.32,2.13,2026-02-15,,,Pending,201,Community Forest Resource,True,Delayed Processing,High
FRA-00427,Jharkhand,Simdega,23.810998,84.877437,1.07,1.14,2025-02-18,2025-05-28,2025-08-03,Approved,0,Individual Forest Right,False,None,None
FRA-00428,Maharashtra,Chandrapur,19.294724,76.747158,13.08,13.47,2025-02-09,2025-04-27,2025-05-21,Approved,0,Community Forest Right,False,None,None
FRA-00429,Maharashtra,Chandrapur,19.816316,79.207343,7.84,8.39,2022-02-08,,,Pending,1669,Community Forest Resource,False,None,None
FRA-00430,Chhattisgarh,Surguja,21.605018,81.974868,8.31,8.03,2025-04-12,,,Under Verification,510,Community Forest Right,True,Delayed Processing,Medium
FRA-00431,Kerala,Idukki,9.831392,76.308001,1.47,1.62,2022-09-23,2022-10-07,2022-11-06,Approved,0,Individual Forest Right,False,None,None
FRA-00432,Madhya Pradesh,Bhopal,23.42753,80.345198,10.04,10.12,2025-12-07,,,Pending,271,Individual Forest Right,False,None,None
FRA-00433,Maharashtra,Gadchiroli,18.052344,80.368282,10.01,11.3,2022-06-13,,,Pending,1544,Community Forest Right,False,None,None
FRA-00434,Maharashtra,Nashik,21.288106,79.353997,1.35,1.4,2024-12-19,2025-01-07,2025-02-19,Approved,0,Individual Forest Right,False,None,None
FRA-00435,Maharashtra,Gadchiroli,18.4049,74.848144,6.09,5.53,2025-09-07,2025-12-06,2026-01-02,Approved,0,Community Forest Resource,False,None,None
FRA-00436,Jharkhand,Ranchi,23.915709,86.017973,10.28,10.9,2025-09-28,2024-07-15,,Under Verification,341,Community Forest Resource,True,Delayed Processing,High
FRA-00437,Maharashtra,Nashik,21.73408,80.21988,8.48,9.74,2025-08-01,2024-05-02,2024-07-01,Pending,399,Community Forest Right,True,Delayed Processing,High
FRA-00438,Maharashtra,Chandrapur,19.440034,76.619228,14.42,12.26,2022-03-12,2022-08-21,,Under Verification,1637,Individual Forest Right,False,None,None
FRA-00439,Odisha,Koraput,19.701336,83.99849,12.91,4.24,2025-11-13,,,Rejected,0,Individual Forest Right,True,Land Record Mismatch,Medium
FRA-00440,Odisha,Keonjhar,22.058501,84.124356,4.22,3.97,2025-03-14,2025-04-20,2025-05-04,Approved,0,Community Forest Right,False,None,None
FRA-00441,Chhattisgarh,Dantewada,22.128526,82.068785,8.86,9.94,2025-05-04,,,Pending,488,Community Forest Resource,False,None,None
FRA-00442,Jharkhand,Ranchi,23.950305,87.22655,5.35,5.96,2024-06-08,2024-07-03,2024-08-06,Approved,0,Community Forest Resource,False,None,None
FRA-00443,Madhya Pradesh,Dindori,22.13532,79.097533,5.13,5.23,2023-11-01,,,Pending,1038,Individual Forest Right,False,None,None
FRA-00444,Kerala,Kannur,12.413121,76.882101,8.84,7.75,2024-06-03,2024-08-02,2024-08-25,Approved,0,Individual Forest Right,False,None,None
FRA-00445,Jharkhand,Ranchi,23.370381,84.918953,6.28,6.16,2025-11-30,2025-12-27,2026-03-03,Approved,0,Community Forest Right,False,None,None
FRA-00446,Jharkhand,Gumla,23.402919,87.489776,8.1,7.47,2023-06-30,,,Rejected,0,Community Forest Resource,False,None,None
FRA-00447,Madhya Pradesh,Bhopal,23.679369,78.694162,5.55,5.25,2024-12-11,,,Under Verification,632,Community Forest Resource,True,Delayed Processing,Medium
FRA-00448,Chhattisgarh,Dantewada,18.224388,82.454516,3.4,1.91,2022-06-25,2022-07-11,2022-08-16,Approved,0,Community Forest Right,True,Land Record Mismatch,Medium
FRA-00449,Kerala,Wayanad,10.415354,76.177976,5.31,5.69,2023-03-10,2023-05-25,2023-07-02,Approved,0,Community Forest Resource,False,None,None
FRA-00450,Kerala,Palakkad,11.585213,76.670651,5.96,6.69,2024-12-14,2025-01-14,2025-01-26,Approved,0,Community Forest Resource,False,None,None
FRA-00451,Maharashtra,Chandrapur,18.212341,78.238063,0.62,0.94,2023-07-10,,,Pending,1152,Individual Forest Right,True,Land Record Mismatch,High
FRA-00452,Jharkhand,Ranchi,24.25968,85.696318,9.16,8.03,2023-02-12,,,Pending,1300,Community Forest Resource,False,None,None
FRA-00453,Madhya Pradesh,Bhopal,22.61848,79.117661,5.34,5.17,2022-11-18,2023-02-23,2023-04-14,Approved,0,Community Forest Right,False,None,None
FRA-00454,Chhattisgarh,Surguja,22.059464,81.877377,13.24,14.79,2022-03-02,2022-05-22,,Under Verification,1647,Community Forest Right,False,None,None
FRA-00455,Jharkhand,Gumla,22.219488,85.337725,14.43,14.92,2025-07-05,,,Pending,426,Community Forest Resource,False,None,None
FRA-00456,Chhattisgarh,Dantewada,22.852686,82.729206,5.27,5.34,2023-02-28,,,Pending,1284,Community Forest Resource,False,None,None
FRA-00457,Chhattisgarh,Kanker,19.544992,82.115409,8.1,7.21,2022-10-25,,,Pending,1410,Individual Forest Right,False,None,None
FRA-00458,Odisha,Koraput,20.729361,87.268707,2.22,2.1,2025-05-02,,,Under Verification,490,Community Forest Right,True,Delayed Processing,High
FRA-00459,Kerala,Idukki,9.955871,75.469834,2.41,2.07,2025-06-07,,,Pending,454,Community Forest Resource,False,None,None
FRA-00460,Chhattisgarh,Kanker,19.154562,80.078253,1.65,1.79,2022-10-02,,,Pending,1433,Community Forest Resource,False,None,None
FRA-00461,Kerala,Idukki,10.051929,75.968651,7.37,2.7,2023-04-09,2023-07-25,2023-07-31,Approved,0,Individual Forest Right,True,Land Record Mismatch,High
FRA-00462,Madhya Pradesh,Balaghat,24.317758,80.942511,13.07,13.03,2023-10-28,2024-01-09,,Under Verification,1042,Individual Forest Right,False,None,None
FRA-00463,Maharashtra,Nashik,20.880804,76.153206,14.12,6.44,2025-01-03,,,Pending,609,Individual Forest Right,True,Land Record Mismatch,Medium
FRA-00464,Maharashtra,Nashik,21.935323,73.314013,6.12,2.68,2022-04-11,2022-06-16,2022-08-10,Approved,0,Community Forest Resource,True,Land Record Mismatch,High
FRA-00465,Maharashtra,Nandurbar,19.854316,78.168812,1.81,0.76,2023-01-04,,,Rejected,0,Individual Forest Right,True,Land Record Mismatch,Medium
FRA-00466,Jharkhand,Gumla,24.206371,84.315629,5.2,5.43,2025-12-28,,,Rejected,0,Individual Forest Right,False,None,None
FRA-00467,Madhya Pradesh,Bhopal,23.765567,79.53629,1.74,1.85,2024-11-13,,,Pending,660,Community Forest Resource,False,None,None
FRA-00468,Jharkhand,Ranchi,23.920651,87.192885,8.7,9.12,2025-04-27,2022-12-02,2022-12-29,Under Verification,495,Community Forest Right,True,Delayed Processing,Medium
FRA-00469,Kerala,Kannur,10.366342,75.45174,13.53,15.4,2022-01-08,,,Pending,1700,Community Forest Right,False,None,None
FRA-00470,Jharkhand,West Singhbhum,23.358753,84.020127,13.3,12.25,2025-04-20,,,Pending,502,Community Forest Right,False,None,None
FRA-00471,Madhya Pradesh,Bhopal,22.611783,79.189366,9.49,9.65,2023-03-02,2023-03-30,2023-04-11,Approved,0,Individual Forest Right,False,None,None
FRA-00472,Chhattisgarh,Bastar,21.334983,82.514043,4.83,5.44,2022-04-11,2022-05-13,2022-06-07,Approved,0,Community Forest Resource,False,None,None
FRA-00473,Kerala,Palakkad,12.39888,76.873337,5.72,4.92,2024-11-11,2023-11-02,2023-11-15,Under Verification,662,Individual Forest Right,True,Delayed Processing,Medium
FRA-00474,Madhya Pradesh,Mandla,22.823021,78.655032,3.54,3.23,2022-04-30,2022-08-11,2022-11-04,Approved,0,Individual Forest Right,False,None,None
FRA-00475,Jharkhand,Simdega,23.067634,86.967293,4.27,4.37,2025-06-30,2025-07-26,2025-10-17,Approved,0,Community Forest Resource,False,None,None
FRA-00476,Kerala,Kannur,10.977513,75.449768,9.34,9.92,2023-02-01,2023-02-14,2023-04-19,Approved,0,Individual Forest Right,False,None,None
FRA-00477,Kerala,Palakkad,11.898693,77.497468,6.5,6.18,2025-02-21,,,Rejected,0,Community Forest Resource,False,None,None
FRA-00478,Chhattisgarh,Surguja,19.272088,80.203508,4.85,4.92,2022-01-13,2022-03-06,2022-04-23,Approved,0,Community Forest Resource,False,None,None
FRA-00479,Maharashtra,Gadchiroli,21.328171,74.552125,12.59,14.18,2024-09-08,2024-09-27,,Under Verification,726,Community Forest Right,False,None,None
FRA-00480,Chhattisgarh,Dantewada,22.460292,81.610903,5.36,5.82,2026-02-17,2024-05-21,,Under Verification,199,Individual Forest Right,True,Delayed Processing,High
FRA-00481,Maharashtra,Chandrapur,21.198141,80.104236,5.63,6.42,2023-07-29,,,Rejected,0,Community Forest Right,False,None,None
FRA-00482,Kerala,Palakkad,11.212945,75.973916,9.13,10.13,2023-09-24,,,Rejected,0,Individual Forest Right,False,None,None
FRA-00483,Odisha,Sundargarh,18.847191,86.946719,5.89,6.47,2023-09-12,2023-10-30,2023-11-26,Approved,0,Individual Forest Right,False,None,None
FRA-00484,Chhattisgarh,Bastar,20.21887,80.074804,7.5,7.5,2023-01-25,2023-04-06,2023-06-17,Approved,0,Community Forest Right,False,None,None
FRA-00485,Chhattisgarh,Bastar,22.110693,82.814072,10.31,9.17,2022-03-16,,,Pending,1633,Community Forest Resource,False,None,None
FRA-00486,Madhya Pradesh,Bhopal,22.777453,77.17612,12.8,14.23,2023-11-14,,,Pending,1025,Community Forest Resource,False,None,None
FRA-00487,Kerala,Idukki,9.567441,76.896235,9.76,8.91,2023-02-15,2023-04-01,2023-06-13,Approved,0,Community Forest Right,False,None,None
FRA-00488,Kerala,Wayanad,10.317963,75.39374,2.16,2.46,2025-02-20,,,Pending,561,Community Forest Right,False,None,None
FRA-00489,Maharashtra,Chandrapur,19.084208,80.546223,12.16,12.43,2022-12-17,2023-03-15,2023-05-02,Approved,0,Individual Forest Right,False,None,None
FRA-00490,Chhattisgarh,Bastar,20.353678,82.026488,2.04,0.99,2024-05-23,2024-08-31,2024-11-20,Approved,0,Community Forest Resource,True,Land Record Mismatch,High
FRA-00491,Kerala,Wayanad,12.421046,76.889357,7.25,6.45,2025-12-01,,,Pending,277,Community Forest Resource,False,None,None
FRA-00492,Kerala,Kannur,10.911638,77.368621,2.58,2.89,2023-06-13,2023-10-01,,Under Verification,1179,Community Forest Resource,False,None,None
FRA-00493,Odisha,Keonjhar,20.313132,83.136189,7.39,7.06,2024-08-02,,,Rejected,0,Community Forest Right,False,None,None
FRA-00494,Maharashtra,Nandurbar,20.031799,76.245488,10.86,9.58,2025-01-09,,,Under Verification,603,Individual Forest Right,True,Delayed Processing,High
FRA-00495,Maharashtra,Nandurbar,20.191796,80.791134,6.07,5.78,2025-07-10,,,Under Verification,421,Individual Forest Right,True,Delayed Processing,High
FRA-00496,Kerala,Wayanad,11.718101,76.779772,12.63,11.17,2025-05-05,,,Pending,487,Community Forest Right,False,None,None
FRA-00497,Chhattisgarh,Surguja,22.779417,80.208823,2.08,2.28,2024-02-16,2024-05-18,2024-08-15,Approved,0,Individual Forest Right,False,None,None
FRA-00498,Chhattisgarh,Bastar,21.785389,81.982644,7.07,6.63,2025-06-14,,,Pending,447,Community Forest Resource,False,None,None
FRA-00499,Odisha,Keonjhar,20.781106,87.109419,4.92,10.39,2024-06-09,,,Rejected,0,Individual Forest Right,True,Land Record Mismatch,Medium
FRA-00500,Odisha,Koraput,19.976892,85.469983,1.27,1.35,2024-01-06,2024-02-21,2024-02-29,Approved,0,Community Forest Resource,False,None,None
FRA-00501,Maharashtra,Nashik,20.500857,78.694189,6.39,6.27,2023-03-09,,,Pending,1275,Individual Forest Right,False,None,None
FRA-00502,Maharashtra,Nashik,21.373311,75.882303,6.55,6.13,2025-10-04,2025-10-15,2025-10-29,Approved,0,Individual Forest Right,False,None,None
FRA-00503,Kerala,Kannur,11.47378,77.437438,2.47,4.75,2024-05-01,2024-10-12,,Under Verification,856,Community Forest Right,True,Land Record Mismatch,Medium
FRA-00504,Odisha,Mayurbhanj,19.243164,85.72058,8.88,9.8,2023-04-30,,,Rejected,0,Community Forest Resource,False,None,None
FRA-00505,Maharashtra,Chandrapur,18.133848,73.30292,7.51,7.21,2025-04-03,,,Pending,519,Individual Forest Right,False,None,None
FRA-00506,Kerala,Idukki,10.894809,75.195587,13.4,11.75,2024-08-25,,,Pending,740,Community Forest Resource,False,None,None
FRA-00507,Madhya Pradesh,Mandla,23.532598,80.614341,8.26,7.05,2024-07-18,,,Pending,778,Community Forest Resource,False,None,None
FRA-00508,Odisha,Sundargarh,19.911658,87.399922,4.77,4.29,2025-11-24,2026-02-19,,Under Verification,284,Community Forest Resource,False,None,None
FRA-00509,Odisha,Koraput,21.0172,85.601635,8.81,9.22,2023-08-21,,,Rejected,0,Community Forest Right,False,None,None
FRA-00510,Jharkhand,Ranchi,22.317053,84.269018,11.86,10.98,2025-06-15,2025-10-12,2025-11-18,Approved,0,Individual Forest Right,False,None,None
FRA-00511,Maharashtra,Nandurbar,21.640526,78.911738,10.06,9.67,2022-12-26,2023-04-04,2023-05-09,Approved,0,Community Forest Resource,False,None,None
FRA-00512,Madhya Pradesh,Mandla,24.460179,80.869383,9.14,10.02,2024-10-12,,,Rejected,0,Community Forest Right,False,None,None
FRA-00513,Chhattisgarh,Dantewada,21.629995,80.50185,8.88,9.79,2025-09-18,,,Pending,351,Community Forest Right,True,Delayed Processing,Medium
FRA-00514,Jharkhand,West Singhbhum,22.753418,86.611527,11.41,11.52,2024-02-17,,,Pending,930,Community Forest Right,False,None,None
FRA-00515,Chhattisgarh,Dantewada,18.059315,82.781668,7.01,7.39,2024-12-21,,,Pending,622,Community Forest Resource,False,None,None
FRA-00516,Kerala,Idukki,12.368551,76.079465,13.81,15.29,2023-11-18,2024-03-09,2024-03-26,Approved,0,Community Forest Resource,False,None,None
FRA-00517,Jharkhand,West Singhbhum,23.932878,86.621818,11.15,11.45,2023-02-04,,,Pending,1308,Individual Forest Right,False,None,None
FRA-00518,Odisha,Koraput,21.191207,86.742603,0.67,0.59,2022-08-01,,,Pending,1495,Community Forest Resource,False,None,None
FRA-00519,Odisha,Keonjhar,19.272318,83.106652,79.57,70.5,2025-09-06,2025-11-10,,Under Verification,363,Community Forest Resource,True,Unusual Claim Area,Medium
FRA-00520,Chhattisgarh,Dantewada,21.281973,82.699692,8.71,9.93,2022-08-16,,,Pending,1480,Community Forest Right,False,None,None
FRA-00521,Kerala,Wayanad,11.416342,77.306738,4.51,4.41,2025-09-29,,,Rejected,0,Individual Forest Right,False,None,None
FRA-00522,Madhya Pradesh,Mandla,23.942765,78.531196,72.72,65.7,2023-06-27,2023-07-15,2023-09-20,Approved,0,Community Forest Right,True,Unusual Claim Area,Medium
FRA-00523,Madhya Pradesh,Balaghat,23.35158,78.725014,9.4,8.29,2024-06-23,,,Rejected,0,Individual Forest Right,False,None,None
FRA-00524,Madhya Pradesh,Mandla,23.943093,77.075059,7.72,8.07,2022-01-02,2022-07-01,,Under Verification,1706,Individual Forest Right,False,None,None
FRA-00525,Kerala,Idukki,12.213853,76.436601,7.97,9.02,2024-10-01,,,Pending,703,Community Forest Resource,False,None,None
FRA-00526,Madhya Pradesh,Balaghat,22.008268,80.816621,77.73,75.41,2025-03-07,,,Pending,546,Community Forest Resource,True,Unusual Claim Area,High
FRA-00527,Kerala,Wayanad,10.596066,77.133355,5.43,5.99,2023-08-17,,,Pending,1114,Individual Forest Right,False,None,None
FRA-00528,Jharkhand,Gumla,22.747176,85.365367,2.05,2.17,2024-09-23,2024-12-22,2025-02-21,Approved,0,Individual Forest Right,False,None,None
FRA-00529,Madhya Pradesh,Balaghat,22.063412,80.985534,3.96,3.83,2025-01-12,,,Pending,600,Community Forest Right,False,None,None
FRA-00530,Madhya Pradesh,Bhopal,22.848213,78.350874,10.95,10.64,2023-03-10,,,Rejected,0,Community Forest Right,False,None,None
FRA-00531,Kerala,Palakkad,11.723154,75.582464,1.54,1.65,2024-09-28,,,Pending,706,Community Forest Resource,False,None,None
FRA-00532,Madhya Pradesh,Balaghat,23.753242,77.522151,3.0,2.59,2023-09-22,,,Rejected,0,Community Forest Resource,False,None,None
FRA-00533,Chhattisgarh,Bastar,22.089001,80.318994,7.71,8.4,2023-03-28,2023-05-02,2023-06-30,Approved,0,Community Forest Resource,False,None,None
FRA-00534,Kerala,Kannur,10.472705,77.439633,8.85,7.89,2023-03-13,,,Rejected,0,Community Forest Right,False,None,None
FRA-00535,Madhya Pradesh,Bhopal,22.684733,80.0302,2.94,2.83,2022-12-04,2023-02-26,2023-03-08,Approved,0,Community Forest Resource,False,None,None
FRA-00536,Maharashtra,Nashik,21.110647,73.125043,7.56,6.44,2023-01-03,2023-06-28,,Under Verification,1340,Community Forest Right,False,None,None
FRA-00537,Jharkhand,West Singhbhum,23.730896,84.721561,9.78,9.85,2024-04-23,2024-05-25,2024-08-16,Approved,0,Community Forest Resource,False,None,None
FRA-00538,Chhattisgarh,Dantewada,21.060249,80.264064,12.48,11.74,2024-05-07,2024-06-16,2024-07-15,Approved,0,Community Forest Resource,False,None,None
FRA-00539,Madhya Pradesh,Mandla,24.156828,80.947128,7.86,7.78,2025-07-06,,,Pending,425,Individual Forest Right,False,None,None
FRA-00540,Madhya Pradesh,Balaghat,23.713109,80.874295,7.38,6.66,2025-10-04,2025-10-27,,Under Verification,335,Community Forest Right,False,None,None
FRA-00541,Chhattisgarh,Dantewada,19.256909,81.850458,13.41,4.66,2022-08-02,,,Rejected,0,Individual Forest Right,True,Land Record Mismatch,Medium
FRA-00542,Chhattisgarh,Dantewada,20.963533,80.977917,3.38,3.56,2023-10-30,2023-11-23,2024-01-08,Approved,0,Individual Forest Right,False,None,None
FRA-00543,Kerala,Kannur,12.109659,75.938831,3.7,3.67,2024-09-19,2024-11-23,2024-12-16,Approved,0,Community Forest Resource,False,None,None
FRA-00544,Jharkhand,Gumla,22.968326,84.477416,10.94,11.37,2023-07-07,2023-08-02,2023-08-11,Approved,0,Individual Forest Right,False,None,None
FRA-00545,Odisha,Mayurbhanj,18.944437,85.094904,6.56,7.07,2023-03-27,2023-09-07,,Under Verification,1257,Community Forest Resource,False,None,None
FRA-00546,Maharashtra,Nandurbar,20.312486,77.422045,88.59,82.72,2024-12-04,,,Pending,639,Community Forest Resource,True,Unusual Claim Area,High
FRA-00547,Jharkhand,Gumla,22.619579,85.519871,3.72,4.2,2022-11-02,2022-11-13,,Under Verification,1402,Individual Forest Right,False,None,None
FRA-00548,Madhya Pradesh,Dindori,23.833691,79.016865,6.67,6.46,2025-11-27,,,Rejected,0,Individual Forest Right,False,None,None
FRA-00549,Madhya Pradesh,Bhopal,23.7329,78.626472,3.66,3.5,2023-05-05,,,Pending,1218,Community Forest Right,False,None,None
FRA-00550,Kerala,Idukki,9.985409,76.148207,8.77,8.99,2024-07-20,,,Pending,776,Community Forest Resource,False,None,None
FRA-00551,Jharkhand,Gumla,23.974647,85.296472,7.23,7.52,2025-07-08,2025-10-14,2025-11-30,Approved,0,Community Forest Right,False,None,None
FRA-00552,Jharkhand,Simdega,23.745137,86.143754,8.84,8.06,2025-11-03,2025-12-25,2026-01-06,Approved,0,Community Forest Resource,False,None,None
FRA-00553,Odisha,Koraput,18.943866,84.645159,9.48,9.1,2022-12-25,,,Pending,1349,Community Forest Resource,False,None,None
FRA-00554,Kerala,Palakkad,9.915217,75.837324,8.32,8.69,2025-03-12,2025-06-05,,Under Verification,541,Community Forest Right,True,Delayed Processing,Medium
FRA-00555,Maharashtra,Nashik,19.108581,73.506953,5.51,5.49,2024-12-14,,,Rejected,0,Community Forest Resource,False,None,None
FRA-00556,Kerala,Idukki,10.855935,75.920365,10.26,10.85,2022-05-15,2022-07-22,2022-08-07,Approved,0,Individual Forest Right,False,None,None
FRA-00557,Odisha,Koraput,18.93746,84.241742,10.61,10.6,2023-02-23,,,Pending,1289,Community Forest Right,False,None,None
FRA-00558,Jharkhand,Gumla,23.184762,85.470455,11.2,9.59,2025-03-22,2023-05-15,2023-06-18,Under Verification,531,Community Forest Resource,True,Delayed Processing,High
FRA-00559,Kerala,Idukki,10.958445,76.664638,8.19,8.31,2024-07-26,2024-08-21,2024-10-04,Approved,0,Community Forest Right,False,None,None
FRA-00560,Chhattisgarh,Dantewada,19.859512,80.864439,12.76,11.41,2023-08-06,,,Pending,1125,Individual Forest Right,False,None,None
FRA-00561,Kerala,Idukki,10.046842,75.438398,60.86,58.48,2022-11-11,2022-12-05,2022-12-15,Approved,0,Individual Forest Right,True,Unusual Claim Area,Medium
FRA-00562,Maharashtra,Gadchiroli,20.662213,80.824181,2.65,2.61,2022-11-29,,,Pending,1375,Individual Forest Right,False,None,None
FRA-00563,Jharkhand,West Singhbhum,23.921295,87.317262,13.95,12.51,2025-01-23,2025-04-27,,Under Verification,589,Community Forest Right,False,None,None
FRA-00564,Jharkhand,Simdega,24.424014,86.639566,14.91,7.56,2025-03-03,,,Rejected,0,Individual Forest Right,True,Land Record Mismatch,High
FRA-00565,Kerala,Wayanad,10.424247,76.004075,12.69,12.48,2022-07-09,2022-10-04,2022-12-30,Approved,0,Community Forest Resource,False,None,None
FRA-00566,Chhattisgarh,Surguja,18.978578,80.250769,12.82,13.5,2022-06-28,2022-10-16,,Under Verification,1529,Community Forest Right,False,None,None
FRA-00567,Maharashtra,Gadchiroli,21.633788,75.888519,2.65,2.93,2024-01-28,2024-02-08,2024-03-20,Approved,0,Community Forest Right,False,None,None
FRA-00568,Jharkhand,Ranchi,22.539238,87.107317,11.25,10.97,2024-06-25,2024-10-16,2024-12-14,Approved,0,Community Forest Right,False,None,None
FRA-00569,Chhattisgarh,Bastar,18.718196,80.909693,14.83,14.94,2023-11-18,2024-02-11,2024-04-04,Approved,0,Community Forest Right,False,None,None
FRA-00570,Kerala,Idukki,10.743542,76.389535,10.8,11.63,2022-10-08,2023-02-01,2023-03-26,Approved,0,Community Forest Right,False,None,None
FRA-00571,Madhya Pradesh,Mandla,24.086463,78.215658,8.61,8.52,2022-02-24,,,Rejected,0,Community Forest Right,False,None,None
FRA-00572,Kerala,Kannur,9.872531,76.664784,4.67,4.22,2025-11-09,,,Pending,299,Community Forest Right,False,None,None
FRA-00573,Jharkhand,Ranchi,23.497228,85.266158,7.47,7.33,2023-06-13,,,Pending,1179,Community Forest Resource,False,None,None
FRA-00574,Madhya Pradesh,Mandla,23.281315,79.301055,12.76,11.47,2022-04-30,2022-07-08,2022-07-30,Approved,0,Individual Forest Right,False,None,None
FRA-00575,Odisha,Keonjhar,20.178056,87.104471,5.66,5.3,2024-12-20,,,Pending,623,Individual Forest Right,False,None,None
FRA-00576,Kerala,Palakkad,11.794068,76.496906,2.92,2.76,2023-10-10,,,Rejected,0,Community Forest Right,False,None,None
FRA-00577,Odisha,Keonjhar,18.883334,85.61021,12.44,10.62,2024-11-27,2025-03-16,2025-05-22,Approved,0,Individual Forest Right,False,None,None
FRA-00578,Madhya Pradesh,Balaghat,22.386387,77.884454,59.21,66.6,2025-06-10,,,Pending,451,Individual Forest Right,True,Unusual Claim Area,Medium
FRA-00579,Chhattisgarh,Bastar,20.397591,80.93472,79.69,68.42,2025-05-08,,,Pending,484,Individual Forest Right,True,Unusual Claim Area,Medium
FRA-00580,Chhattisgarh,Kanker,22.284076,80.427078,3.79,3.36,2022-09-24,2023-01-20,,Under Verification,1441,Individual Forest Right,False,None,None
FRA-00581,Madhya Pradesh,Bhopal,23.936731,80.029336,1.12,0.99,2025-09-13,,,Pending,356,Individual Forest Right,False,None,None
FRA-00582,Odisha,Koraput,18.764989,86.004139,11.44,12.41,2025-05-17,2025-06-21,2025-07-19,Approved,0,Individual Forest Right,False,None,None
FRA-00583,Madhya Pradesh,Balaghat,24.114654,80.76738,14.26,13.61,2022-11-25,2023-05-10,,Under Verification,1379,Community Forest Resource,False,None,None
FRA-00584,Madhya Pradesh,Bhopal,24.048966,80.052976,8.17,8.7,2023-08-01,2023-11-15,2024-01-27,Approved,0,Community Forest Resource,False,None,None
FRA-00585,Madhya Pradesh,Balaghat,24.301193,80.405187,7.38,7.82,2025-08-01,2023-02-07,2023-03-07,Under Verification,399,Community Forest Resource,True,Delayed Processing,High
FRA-00586,Chhattisgarh,Dantewada,18.564227,82.953838,2.29,2.02,2022-10-06,,,Pending,1429,Community Forest Right,False,None,None
FRA-00587,Maharashtra,Gadchiroli,18.328992,76.949702,6.08,6.0,2025-05-15,,,Under Verification,477,Community Forest Right,True,Delayed Processing,Medium
FRA-00588,Chhattisgarh,Bastar,22.473773,82.407309,14.12,13.56,2022-01-27,2022-06-11,,Under Verification,1681,Community Forest Right,False,None,None
FRA-00589,Jharkhand,Ranchi,22.298045,85.38184,10.58,12.1,2022-12-12,2023-01-16,2023-03-05,Approved,0,Community Forest Right,False,None,None
FRA-00590,Madhya Pradesh,Balaghat,24.095273,79.900802,4.54,4.83,2024-11-06,,,Under Verification,667,Community Forest Resource,True,Delayed Processing,High
FRA-00591,Maharashtra,Nashik,21.950093,77.091316,2.64,2.6,2022-09-08,2022-11-20,2022-12-24,Approved,0,Individual Forest Right,False,None,None
FRA-00592,Madhya Pradesh,Bhopal,23.844496,80.32125,7.72,6.62,2023-01-02,2023-04-08,2023-05-24,Approved,0,Community Forest Resource,False,None,None
FRA-00593,Maharashtra,Gadchiroli,21.040686,78.288645,8.04,8.02,2024-08-12,2024-11-14,2025-01-21,Approved,0,Community Forest Right,False,None,None
FRA-00594,Maharashtra,Chandrapur,21.237926,77.324232,0.76,0.82,2024-05-31,2024-07-10,,Under Verification,826,Community Forest Right,False,None,None
FRA-00595,Jharkhand,West Singhbhum,23.149141,84.115009,8.57,9.5,2023-09-13,2023-11-04,,Under Verification,1087,Individual Forest Right,False,None,None
FRA-00596,Odisha,Sundargarh,20.44982,83.492219,10.29,10.78,2025-11-04,,,Pending,304,Community Forest Resource,False,None,None
FRA-00597,Chhattisgarh,Bastar,19.956924,81.484073,14.58,15.09,2023-12-24,,,Rejected,0,Individual Forest Right,False,None,None
FRA-00598,Madhya Pradesh,Bhopal,22.320495,78.46564,12.24,12.55,2025-07-04,2025-07-26,2025-09-23,Approved,0,Community Forest Right,False,None,None
FRA-00599,Jharkhand,Simdega,22.141123,84.854801,3.9,5.93,2022-06-23,2022-07-19,,Under Verification,1534,Individual Forest Right,True,Land Record Mismatch,Medium
FRA-00600,Jharkhand,West Singhbhum,23.420124,87.154934,4.37,4.63,2025-04-19,2025-06-08,2025-07-31,Approved,0,Community Forest Right,False,None,None
FRA-00601,Maharashtra,Gadchiroli,21.233306,73.800453,10.29,9.78,2024-10-26,,,Rejected,0,Individual Forest Right,False,None,None
FRA-00602,Maharashtra,Chandrapur,19.453337,76.487929,7.71,8.51,2022-06-04,,,Rejected,0,Community Forest Right,False,None,None
FRA-00603,Odisha,Koraput,19.689281,85.580843,12.17,12.62,2022-07-08,,,Rejected,0,Community Forest Resource,False,None,None
FRA-00604,Odisha,Keonjhar,18.769079,86.605336,7.39,6.75,2022-06-07,,,Pending,1550,Community Forest Right,False,None,None
FRA-00605,Jharkhand,Simdega,22.500192,85.408053,9.56,9.43,2025-01-26,2025-02-07,2025-05-03,Approved,0,Individual Forest Right,False,None,None
FRA-00606,Maharashtra,Nashik,18.851811,80.696937,11.26,11.15,2025-07-30,,,Pending,401,Community Forest Right,False,None,None
FRA-00607,Maharashtra,Gadchiroli,20.089078,75.914197,2.64,2.36,2026-01-02,,,Under Verification,245,Community Forest Resource,True,Delayed Processing,High
FRA-00608,Chhattisgarh,Dantewada,19.334674,80.861134,2.83,2.99,2023-04-29,2023-05-23,2023-06-16,Approved,0,Individual Forest Right,False,None,None
FRA-00609,Odisha,Sundargarh,20.441529,87.460819,6.62,7.43,2023-02-18,2023-03-17,2023-03-25,Approved,0,Community Forest Right,False,None,None
FRA-00610,Kerala,Palakkad,11.432881,75.105581,10.98,11.91,2022-04-24,2022-05-25,,Under Verification,1594,Community Forest Right,False,None,None
FRA-00611,Madhya Pradesh,Dindori,24.241933,79.686688,13.34,5.99,2022-10-15,2023-01-06,2023-03-16,Approved,0,Community Forest Right,True,Land Record Mismatch,High
FRA-00612,Odisha,Sundargarh,21.723366,86.347815,14.06,12.87,2022-08-07,2022-09-21,2022-11-21,Approved,0,Community Forest Resource,False,None,None
FRA-00613,Madhya Pradesh,Dindori,23.333675,79.798471,55.41,59.0,2024-08-30,,,Pending,735,Community Forest Right,True,Unusual Claim Area,Medium
FRA-00614,Madhya Pradesh,Bhopal,24.103682,79.648894,14.14,14.95,2025-10-07,2025-12-26,2026-02-18,Approved,0,Community Forest Resource,False,None,None
FRA-00615,Odisha,Koraput,20.639643,84.063719,6.91,5.89,2024-03-15,2024-05-29,,Under Verification,903,Individual Forest Right,False,None,None
FRA-00616,Odisha,Mayurbhanj,21.937667,83.721023,6.86,13.12,2025-08-12,2025-08-26,2025-10-05,Approved,0,Community Forest Resource,True,Land Record Mismatch,High
FRA-00617,Jharkhand,Ranchi,24.061002,86.444688,7.84,7.49,2025-05-18,,,Rejected,0,Community Forest Right,False,None,None
FRA-00618,Jharkhand,Ranchi,23.904939,86.244805,3.16,3.11,2025-08-05,2025-10-05,2025-11-04,Approved,0,Community Forest Right,False,None,None
FRA-00619,Maharashtra,Gadchiroli,18.443313,74.996829,10.85,11.72,2024-12-01,,,Under Verification,642,Community Forest Right,True,Delayed Processing,High
FRA-00620,Kerala,Palakkad,10.28204,76.718667,12.49,13.61,2023-02-11,2023-04-09,2023-05-07,Approved,0,Community Forest Right,False,None,None
FRA-00621,Maharashtra,Nandurbar,18.082939,73.183761,8.6,8.89,2023-04-14,2023-08-20,,Under Verification,1239,Community Forest Resource,False,None,None
FRA-00622,Chhattisgarh,Bastar,20.005175,81.28671,4.27,3.74,2024-01-24,2024-04-15,2024-05-05,Approved,0,Community Forest Resource,False,None,None
FRA-00623,Jharkhand,West Singhbhum,24.068144,85.729522,3.76,3.43,2023-06-30,2023-09-11,2023-11-03,Approved,0,Individual Forest Right,False,None,None
FRA-00624,Maharashtra,Nandurbar,21.98083,75.263738,10.32,10.07,2024-04-16,,,Rejected,0,Community Forest Right,False,None,None
FRA-00625,Chhattisgarh,Dantewada,22.536641,81.108913,10.42,23.06,2022-01-22,,,Pending,1686,Community Forest Resource,True,Land Record Mismatch,High
FRA-00626,Maharashtra,Chandrapur,18.292222,77.456,1.26,2.53,2024-08-22,2025-02-03,,Under Verification,743,Community Forest Right,True,Land Record Mismatch,Medium
FRA-00627,Jharkhand,Simdega,22.330596,87.122791,1.1,2.0,2022-12-14,,,Pending,1360,Individual Forest Right,True,Land Record Mismatch,High
FRA-00628,Odisha,Koraput,19.753078,87.403325,7.74,13.65,2023-07-30,,,Rejected,0,Community Forest Resource,True,Land Record Mismatch,High
FRA-00629,Odisha,Sundargarh,22.070687,84.419943,14.92,4.71,2022-11-06,,,Pending,1398,Individual Forest Right,True,Land Record Mismatch,High
FRA-00630,Madhya Pradesh,Dindori,22.65056,79.823851,6.83,7.84,2024-10-10,2024-12-04,2025-02-18,Approved,0,Community Forest Right,False,None,None
FRA-00631,Madhya Pradesh,Balaghat,22.309136,77.374312,13.09,11.84,2025-09-05,,,Pending,364,Community Forest Right,True,Delayed Processing,Medium
FRA-00632,Madhya Pradesh,Balaghat,23.920634,79.707634,13.37,11.47,2025-10-27,2025-12-07,,Under Verification,312,Community Forest Resource,False,None,None
FRA-00633,Madhya Pradesh,Mandla,22.384439,77.324253,12.55,13.15,2024-07-18,,,Pending,778,Community Forest Resource,False,None,None
FRA-00634,Madhya Pradesh,Mandla,24.424426,79.624691,14.29,13.54,2026-01-11,2025-07-09,2025-07-20,Under Verification,236,Community Forest Resource,True,Delayed Processing,High
FRA-00635,Madhya Pradesh,Dindori,22.231378,78.020656,3.98,4.3,2024-03-27,2024-07-24,2024-08-24,Approved,0,Community Forest Right,False,None,None
FRA-00636,Odisha,Mayurbhanj,18.982408,85.208803,6.77,7.39,2023-09-28,2024-03-10,,Under Verification,1072,Community Forest Resource,False,None,None
FRA-00637,Madhya Pradesh,Mandla,23.281633,78.958492,13.34,13.25,2025-02-27,,,Pending,554,Community Forest Right,False,None,None
FRA-00638,Odisha,Mayurbhanj,20.236424,84.917077,1.09,1.04,2024-08-07,,,Pending,758,Community Forest Resource,False,None,None
FRA-00639,Chhattisgarh,Dantewada,20.636394,81.941676,1.72,1.7,2022-06-12,2022-10-22,,Under Verification,1545,Individual Forest Right,False,None,None
FRA-00640,Kerala,Idukki,12.024614,76.30773,4.78,4.13,2022-06-06,2022-10-25,,Under Verification,1551,Community Forest Right,False,None,None
FRA-00641,Jharkhand,Ranchi,23.161641,86.521085,12.29,11.76,2025-04-14,2025-06-27,2025-07-04,Approved,0,Community Forest Resource,False,None,None
FRA-00642,Jharkhand,Gumla,23.965443,86.950184,1.16,1.13,2025-03-24,2026-03-08,2026-05-10,Under Verification,529,Individual Forest Right,True,Delayed Processing,High
FRA-00643,Chhattisgarh,Kanker,18.391103,82.946559,4.26,4.48,2024-06-07,,,Pending,819,Individual Forest Right,False,None,None
FRA-00644,Madhya Pradesh,Balaghat,23.639502,78.840652,6.37,6.67,2025-05-17,,,Rejected,0,Community Forest Resource,False,None,None
FRA-00645,Odisha,Sundargarh,21.718563,83.394358,2.46,2.23,2022-02-02,,,Pending,1675,Individual Forest Right,False,None,None
FRA-00646,Chhattisgarh,Dantewada,21.243116,81.949219,6.82,7.08,2025-01-08,2025-02-25,2025-04-30,Approved,0,Community Forest Right,False,None,None
FRA-00647,Madhya Pradesh,Bhopal,22.415264,77.609689,10.69,12.18,2024-08-23,2024-10-29,2025-01-16,Approved,0,Community Forest Right,False,None,None
FRA-00648,Maharashtra,Nashik,18.203689,73.062994,9.64,10.26,2024-05-01,,,Rejected,0,Community Forest Resource,False,None,None
FRA-00649,Kerala,Idukki,9.611052,75.999201,7.94,8.48,2025-10-21,2026-03-04,,Under Verification,318,Individual Forest Right,False,None,None
FRA-00650,Maharashtra,Gadchiroli,19.688018,75.526801,1.42,1.59,2024-05-04,2024-06-12,,Under Verification,853,Community Forest Resource,False,None,None
FRA-00651,Odisha,Sundargarh,21.290058,83.093631,4.68,4.25,2023-12-06,2024-02-18,2024-03-22,Approved,0,Community Forest Resource,False,None,None
FRA-00652,Odisha,Sundargarh,19.024634,84.320273,10.82,12.31,2025-10-10,,,Pending,329,Community Forest Right,False,None,None
FRA-00653,Chhattisgarh,Kanker,19.412286,82.247763,10.17,9.04,2025-07-11,2023-04-26,2023-05-13,Under Verification,420,Individual Forest Right,True,Delayed Processing,High
FRA-00654,Maharashtra,Gadchiroli,21.997045,75.870294,4.28,2.32,2022-12-24,,,Rejected,0,Community Forest Resource,True,Land Record Mismatch,Medium
FRA-00655,Chhattisgarh,Bastar,20.809907,81.459096,14.91,16.18,2022-04-06,,,Rejected,0,Individual Forest Right,False,None,None
FRA-00656,Kerala,Wayanad,11.619215,77.31658,6.85,6.76,2022-08-16,2023-01-29,,Under Verification,1480,Individual Forest Right,False,None,None
FRA-00657,Maharashtra,Gadchiroli,20.029223,74.33637,2.21,2.01,2025-10-02,2024-02-27,2024-04-28,Pending,337,Community Forest Resource,True,Delayed Processing,High
FRA-00658,Odisha,Keonjhar,21.776643,83.553426,3.43,3.91,2022-01-14,2022-05-07,2022-07-11,Approved,0,Community Forest Resource,False,None,None
FRA-00659,Chhattisgarh,Bastar,19.330078,82.145599,6.52,6.77,2023-05-18,2023-09-01,2023-11-12,Approved,0,Individual Forest Right,False,None,None
FRA-00660,Chhattisgarh,Dantewada,20.067047,81.227928,7.15,7.91,2025-10-29,2025-11-11,2026-01-11,Approved,0,Individual Forest Right,False,None,None
FRA-00661,Kerala,Wayanad,9.754335,75.787011,14.74,22.96,2022-05-06,2022-05-20,2022-08-17,Approved,0,Community Forest Right,True,Land Record Mismatch,Medium
FRA-00662,Jharkhand,Simdega,23.803878,85.097933,5.49,6.03,2024-12-16,,,Pending,627,Community Forest Right,False,None,None
FRA-00663,Jharkhand,Gumla,24.218949,86.185259,9.46,9.3,2023-12-09,2024-06-02,,Under Verification,1000,Individual Forest Right,False,None,None
FRA-00664,Odisha,Koraput,18.647881,84.505218,11.01,11.8,2022-09-16,,,Pending,1449,Individual Forest Right,False,None,None
FRA-00665,Madhya Pradesh,Mandla,23.30334,80.028185,2.82,2.42,2025-01-10,,,Pending,602,Community Forest Right,False,None,None
FRA-00666,Kerala,Kannur,12.460864,75.276105,1.37,1.32,2025-07-08,,,Pending,423,Community Forest Resource,False,None,None
FRA-00667,Madhya Pradesh,Dindori,22.744903,79.947435,7.07,2.86,2025-04-06,,,Pending,516,Community Forest Resource,True,Land Record Mismatch,Medium
FRA-00668,Jharkhand,Gumla,22.263067,85.807581,3.29,3.56,2026-01-04,2024-10-28,2024-12-26,Pending,243,Community Forest Right,True,Delayed Processing,Medium
FRA-00669,Chhattisgarh,Dantewada,19.073922,80.234218,10.31,10.01,2025-02-18,,,Pending,563,Community Forest Right,False,None,None
FRA-00670,Maharashtra,Nashik,20.545845,80.972094,10.49,11.9,2024-05-03,,,Rejected,0,Individual Forest Right,False,None,None
FRA-00671,Jharkhand,West Singhbhum,22.323463,86.465836,13.02,11.53,2023-03-12,,,Pending,1272,Individual Forest Right,False,None,None
FRA-00672,Maharashtra,Chandrapur,21.686789,73.950128,12.86,11.36,2024-01-27,,,Pending,951,Individual Forest Right,False,None,None
FRA-00673,Madhya Pradesh,Mandla,22.762311,78.497839,4.76,4.09,2022-10-20,2023-01-13,2023-03-12,Approved,0,Community Forest Right,False,None,None
FRA-00674,Odisha,Mayurbhanj,19.232309,86.328471,0.53,0.54,2022-05-19,2022-09-12,,Under Verification,1569,Community Forest Right,False,None,None
FRA-00675,Maharashtra,Nashik,21.601149,79.250795,7.39,7.88,2025-05-25,2025-06-21,2025-08-29,Approved,0,Community Forest Right,False,None,None
FRA-00676,Kerala,Kannur,9.946948,76.81966,1.8,1.87,2025-07-01,2025-08-09,2025-10-03,Approved,0,Individual Forest Right,False,None,None
FRA-00677,Kerala,Kannur,11.707738,76.614791,13.06,13.87,2025-12-11,,,Pending,267,Individual Forest Right,True,Delayed Processing,High
FRA-00678,Maharashtra,Gadchiroli,21.829171,77.17403,85.07,78.57,2022-02-08,2022-04-27,2022-05-25,Approved,0,Community Forest Resource,True,Unusual Claim Area,High
FRA-00679,Maharashtra,Nashik,18.338592,77.268351,5.15,5.29,2024-10-03,2024-10-18,,Under Verification,701,Individual Forest Right,False,None,None
FRA-00680,Jharkhand,Ranchi,24.149121,85.110839,4.23,3.74,2022-07-23,,,Pending,1504,Individual Forest Right,False,None,None
FRA-00681,Odisha,Koraput,19.116909,87.284741,10.34,8.97,2023-10-29,2024-02-07,2024-02-19,Approved,0,Individual Forest Right,False,None,None
FRA-00682,Odisha,Mayurbhanj,20.151291,84.45898,5.94,6.52,2022-09-05,2022-10-15,2023-01-04,Approved,0,Community Forest Right,False,None,None
FRA-00683,Maharashtra,Nashik,21.797428,75.1543,5.12,5.2,2022-05-15,,,Pending,1573,Individual Forest Right,False,None,None
FRA-00684,Madhya Pradesh,Mandla,23.385188,79.344691,1.97,2.13,2025-08-27,,,Rejected,0,Community Forest Right,False,None,None
FRA-00685,Jharkhand,Ranchi,24.115695,85.751513,11.85,10.58,2025-01-11,2025-03-24,,Under Verification,601,Community Forest Right,False,None,None
FRA-00686,Maharashtra,Nashik,18.167168,79.50115,14.44,14.96,2025-08-30,2025-09-09,,Under Verification,370,Community Forest Right,False,None,None
FRA-00687,Odisha,Keonjhar,21.857951,84.710691,5.6,5.82,2025-04-13,,,Rejected,0,Individual Forest Right,False,None,None
FRA-00688,Kerala,Wayanad,10.401915,75.988262,2.28,2.03,2025-02-13,2025-06-13,,Under Verification,568,Community Forest Resource,False,None,None
FRA-00689,Odisha,Keonjhar,21.04068,87.408382,10.76,10.03,2025-09-18,2025-12-24,,Under Verification,351,Community Forest Resource,False,None,None
FRA-00690,Odisha,Koraput,22.156073,83.601766,13.87,14.32,2022-01-09,2022-03-04,,Under Verification,1699,Community Forest Resource,False,None,None
FRA-00691,Kerala,Kannur,11.787396,76.345329,11.92,22.09,2022-06-08,,,Pending,1549,Community Forest Resource,True,Land Record Mismatch,High
FRA-00692,Odisha,Sundargarh,19.208747,86.455846,10.61,9.05,2024-08-05,2024-09-08,2024-11-08,Approved,0,Community Forest Resource,False,None,None
FRA-00693,Madhya Pradesh,Mandla,23.701386,79.836791,3.28,3.59,2025-07-04,2025-10-13,2025-11-15,Approved,0,Community Forest Right,False,None,None
FRA-00694,Odisha,Koraput,19.623025,87.070284,10.75,9.81,2023-02-06,2023-07-29,,Under Verification,1306,Community Forest Right,False,None,None
FRA-00695,Maharashtra,Nashik,18.681908,74.550162,11.21,11.79,2025-05-19,,,Pending,473,Individual Forest Right,False,None,None
FRA-00696,Kerala,Wayanad,9.882293,77.333909,77.65,86.57,2023-07-16,2023-10-20,2023-10-27,Approved,0,Individual Forest Right,True,Unusual Claim Area,High
FRA-00697,Jharkhand,Ranchi,24.13465,85.130497,12.74,12.38,2022-09-07,,,Pending,1458,Community Forest Right,False,None,None
FRA-00698,Maharashtra,Gadchiroli,21.53521,74.796386,4.53,4.42,2024-07-08,2024-09-06,2024-10-05,Approved,0,Community Forest Resource,False,None,None
FRA-00699,Madhya Pradesh,Balaghat,24.445239,78.695281,1.58,1.46,2022-12-03,2022-12-21,2023-03-16,Approved,0,Individual Forest Right,False,None,None
FRA-00700,Jharkhand,West Singhbhum,24.020148,86.073858,87.51,88.03,2023-05-28,2023-08-06,2023-09-10,Approved,0,Individual Forest Right,True,Unusual Claim Area,Medium
FRA-00701,Madhya Pradesh,Dindori,23.910246,79.501395,8.89,7.78,2022-05-05,2022-08-19,,Under Verification,1583,Community Forest Resource,False,None,None
FRA-00702,Madhya Pradesh,Balaghat,22.155006,80.209548,1.29,1.33,2024-06-03,2024-09-07,2024-09-19,Approved,0,Community Forest Right,False,None,None
FRA-00703,Jharkhand,West Singhbhum,22.239576,86.631872,3.88,4.0,2025-09-13,,,Pending,356,Community Forest Right,False,None,None
FRA-00704,Jharkhand,Ranchi,22.849041,87.281547,11.85,11.69,2023-11-04,,,Pending,1035,Individual Forest Right,False,None,None
FRA-00705,Maharashtra,Gadchiroli,20.371546,79.726236,13.61,12.08,2024-11-08,2025-01-10,2025-03-17,Approved,0,Community Forest Right,False,None,None
FRA-00706,Chhattisgarh,Kanker,18.688364,80.132212,2.35,2.41,2024-11-16,2025-02-25,,Under Verification,657,Community Forest Resource,False,None,None
FRA-00707,Chhattisgarh,Kanker,20.347619,81.809988,4.72,5.39,2024-11-26,,,Pending,647,Individual Forest Right,False,None,None
FRA-00708,Chhattisgarh,Bastar,20.110306,80.586221,3.41,3.83,2022-05-21,2022-08-24,2022-10-28,Approved,0,Community Forest Right,False,None,None
FRA-00709,Maharashtra,Chandrapur,21.408035,77.528775,5.37,5.05,2023-11-05,2024-01-12,2024-01-22,Approved,0,Individual Forest Right,False,None,None
FRA-00710,Kerala,Palakkad,11.579662,76.166342,3.59,3.57,2023-11-10,,,Rejected,0,Community Forest Right,False,None,None
FRA-00711,Chhattisgarh,Bastar,19.814086,80.221193,0.94,0.29,2023-08-19,2023-11-17,2024-02-04,Approved,0,Community Forest Right,True,Land Record Mismatch,High
FRA-00712,Chhattisgarh,Kanker,22.426911,82.15651,5.43,2.98,2023-01-01,2023-02-02,2023-03-12,Approved,0,Community Forest Right,True,Land Record Mismatch,Medium
FRA-00713,Chhattisgarh,Surguja,20.281018,81.108922,5.9,1.98,2024-12-15,2025-06-02,,Under Verification,628,Individual Forest Right,True,Land Record Mismatch,Medium
FRA-00714,Chhattisgarh,Dantewada,21.471769,80.953855,6.73,7.0,2022-04-05,,,Rejected,0,Community Forest Resource,False,None,None
FRA-00715,Odisha,Mayurbhanj,19.810722,83.239665,12.04,13.39,2024-11-06,2025-03-21,,Under Verification,667,Individual Forest Right,False,None,None
FRA-00716,Jharkhand,Ranchi,22.418584,85.358405,13.3,14.3,2024-02-06,,,Pending,941,Community Forest Right,False,None,None
FRA-00717,Kerala,Idukki,11.076427,76.208243,14.36,14.25,2025-04-05,2025-07-25,2025-10-12,Approved,0,Individual Forest Right,False,None,None
FRA-00718,Chhattisgarh,Kanker,20.2604,80.703154,3.67,1.38,2024-02-12,,,Pending,935,Community Forest Right,True,Land Record Mismatch,High
FRA-00719,Jharkhand,Simdega,22.575444,84.144,7.93,7.54,2024-07-12,,,Pending,784,Community Forest Right,False,None,None
FRA-00720,Odisha,Keonjhar,20.029484,83.808046,3.89,4.06,2025-07-18,2024-03-31,,Under Verification,413,Individual Forest Right,True,Delayed Processing,Medium
FRA-00721,Madhya Pradesh,Bhopal,22.900592,79.184104,5.34,5.62,2023-05-28,2023-09-19,2023-10-29,Approved,0,Community Forest Resource,False,None,None
FRA-00722,Chhattisgarh,Surguja,18.042669,80.898422,12.42,13.47,2025-10-07,2024-09-12,,Under Verification,332,Community Forest Right,True,Delayed Processing,Medium
FRA-00723,Chhattisgarh,Kanker,21.616679,80.629625,3.89,3.99,2025-02-05,,,Rejected,0,Community Forest Right,False,None,None
FRA-00724,Odisha,Koraput,19.752299,83.845309,11.67,12.36,2023-03-06,2023-07-03,2023-09-17,Approved,0,Individual Forest Right,False,None,None
FRA-00725,Maharashtra,Nandurbar,19.222288,78.90244,7.75,8.12,2023-12-28,2024-02-29,2024-04-28,Approved,0,Community Forest Right,False,None,None
FRA-00726,Kerala,Idukki,10.478239,75.0581,11.89,13.4,2022-11-11,2023-02-13,,Under Verification,1393,Community Forest Resource,False,None,None
FRA-00727,Maharashtra,Nashik,21.920688,74.633637,6.16,6.22,2023-01-21,,,Pending,1322,Community Forest Right,False,None,None
FRA-00728,Kerala,Idukki,9.779725,75.260783,8.52,7.32,2025-11-12,,,Pending,296,Individual Forest Right,False,None,None
FRA-00729,Madhya Pradesh,Dindori,22.709544,77.932158,10.06,8.76,2022-04-28,2022-05-09,2022-06-04,Approved,0,Community Forest Right,False,None,None
FRA-00730,Jharkhand,Gumla,24.473988,84.451982,6.57,7.05,2024-03-07,2024-05-08,,Under Verification,911,Individual Forest Right,False,None,None
FRA-00731,Odisha,Sundargarh,21.771584,85.991567,2.8,2.86,2023-09-28,,,Pending,1072,Community Forest Resource,False,None,None
FRA-00732,Jharkhand,Simdega,22.504257,87.468798,6.96,7.64,2025-05-23,,,Rejected,0,Community Forest Resource,False,None,None
FRA-00733,Jharkhand,West Singhbhum,23.156739,84.136797,1.82,1.9,2024-07-23,2024-11-17,2024-12-30,Approved,0,Individual Forest Right,False,None,None
FRA-00734,Jharkhand,Gumla,22.448945,86.162078,6.77,6.54,2025-09-11,2025-12-02,2025-12-19,Approved,0,Individual Forest Right,False,None,None
FRA-00735,Chhattisgarh,Kanker,19.368881,81.88425,4.73,2.0,2025-11-30,,,Rejected,0,Community Forest Right,True,Land Record Mismatch,High
FRA-00736,Madhya Pradesh,Bhopal,23.260987,80.118043,6.45,5.8,2023-03-01,,,Pending,1283,Individual Forest Right,False,None,None
FRA-00737,Kerala,Kannur,10.643467,76.864894,12.91,12.51,2022-01-22,2022-05-02,2022-05-24,Approved,0,Community Forest Resource,False,None,None
FRA-00738,Jharkhand,West Singhbhum,23.153392,84.28892,10.03,10.67,2025-11-26,2024-10-08,2024-11-17,Pending,282,Individual Forest Right,True,Delayed Processing,Medium
FRA-00739,Odisha,Koraput,20.638615,84.758823,1.62,1.75,2025-10-19,2025-12-24,2026-02-12,Approved,0,Community Forest Resource,False,None,None
FRA-00740,Madhya Pradesh,Balaghat,23.105145,77.191024,9.7,4.92,2025-09-18,,,Rejected,0,Individual Forest Right,True,Land Record Mismatch,High
FRA-00741,Jharkhand,Gumla,24.322051,85.311256,3.96,3.47,2025-11-30,2024-05-24,2024-07-11,Pending,278,Community Forest Resource,True,Delayed Processing,Medium
FRA-00742,Chhattisgarh,Kanker,18.220063,81.5375,12.33,11.67,2025-07-07,2025-08-12,2025-10-25,Approved,0,Community Forest Right,False,None,None
FRA-00743,Madhya Pradesh,Balaghat,22.53445,78.426305,3.02,2.93,2023-10-10,2023-11-16,2024-01-18,Approved,0,Community Forest Resource,False,None,None
FRA-00744,Odisha,Keonjhar,18.675756,86.98457,6.46,6.98,2024-10-20,2024-11-25,,Under Verification,684,Community Forest Resource,False,None,None
FRA-00745,Chhattisgarh,Surguja,22.795174,81.799601,14.73,15.6,2025-10-20,2025-12-03,,Under Verification,319,Community Forest Resource,False,None,None
FRA-00746,Kerala,Idukki,12.434065,76.665926,1.48,1.27,2025-04-13,2025-06-27,2025-09-21,Approved,0,Community Forest Resource,False,None,None
FRA-00747,Maharashtra,Gadchiroli,18.930424,77.930789,13.5,12.73,2024-05-27,,,Rejected,0,Individual Forest Right,False,None,None
FRA-00748,Chhattisgarh,Surguja,20.493632,80.606035,81.75,77.55,2023-05-03,2023-10-13,,Under Verification,1220,Community Forest Right,True,Unusual Claim Area,High
FRA-00749,Odisha,Koraput,20.583491,87.399054,9.9,9.27,2022-02-18,2022-06-01,2022-07-18,Approved,0,Individual Forest Right,False,None,None
FRA-00750,Maharashtra,Gadchiroli,21.626528,78.320048,4.1,4.33,2023-04-01,,,Pending,1252,Community Forest Right,False,None,None
FRA-00751,Chhattisgarh,Dantewada,21.148913,80.193851,7.63,8.67,2022-04-17,,,Pending,1601,Individual Forest Right,False,None,None
FRA-00752,Chhattisgarh,Bastar,18.868379,81.646541,12.03,10.96,2024-11-05,2025-02-15,2025-04-20,Approved,0,Community Forest Resource,False,None,None
FRA-00753,Chhattisgarh,Kanker,20.120084,81.817554,4.89,5.0,2025-07-25,2025-11-22,2026-01-27,Approved,0,Community Forest Right,False,None,None
FRA-00754,Jharkhand,West Singhbhum,22.419415,85.544816,7.83,8.38,2024-12-26,,,Under Verification,617,Individual Forest Right,True,Delayed Processing,Medium
FRA-00755,Odisha,Mayurbhanj,20.711409,83.790647,6.02,5.67,2023-08-04,2023-10-30,2024-01-04,Approved,0,Individual Forest Right,False,None,None
FRA-00756,Kerala,Kannur,10.087147,77.29033,0.56,1.05,2024-02-06,,,Pending,941,Community Forest Right,True,Land Record Mismatch,High
FRA-00757,Kerala,Wayanad,10.726363,75.097067,65.67,65.45,2025-03-04,2025-06-19,2025-08-18,Approved,0,Community Forest Resource,True,Unusual Claim Area,High
FRA-00758,Odisha,Koraput,21.103625,87.169334,11.17,10.31,2022-03-12,2022-06-22,,Under Verification,1637,Community Forest Resource,False,None,None
FRA-00759,Madhya Pradesh,Balaghat,22.653327,78.821883,10.38,9.61,2025-05-18,,,Pending,474,Individual Forest Right,False,None,None
FRA-00760,Madhya Pradesh,Bhopal,23.92743,79.57759,13.79,13.37,2025-04-15,2025-05-15,,Under Verification,507,Individual Forest Right,False,None,None
FRA-00761,Jharkhand,Gumla,24.074374,84.885049,4.88,5.56,2025-09-10,2026-02-17,,Under Verification,359,Community Forest Right,False,None,None
FRA-00762,Kerala,Wayanad,9.827822,76.431529,12.06,6.15,2023-07-05,,,Rejected,0,Community Forest Right,True,Land Record Mismatch,High
FRA-00763,Madhya Pradesh,Bhopal,22.174604,79.785267,8.11,8.49,2024-06-01,2024-07-28,2024-08-25,Approved,0,Individual Forest Right,False,None,None
FRA-00764,Jharkhand,Gumla,23.256534,84.385834,8.72,7.97,2023-02-16,2023-03-21,2023-04-19,Approved,0,Community Forest Right,False,None,None
FRA-00765,Jharkhand,Ranchi,24.170905,84.581441,4.75,4.58,2023-07-21,2023-08-03,2023-10-21,Approved,0,Community Forest Right,False,None,None
FRA-00766,Kerala,Wayanad,9.52852,75.665202,14.35,15.06,2022-03-27,2022-06-11,2022-06-16,Approved,0,Community Forest Resource,False,None,None
FRA-00767,Odisha,Sundargarh,20.392927,84.516635,6.73,10.48,2023-12-04,2024-02-13,,Under Verification,1005,Community Forest Right,True,Land Record Mismatch,High
FRA-00768,Madhya Pradesh,Bhopal,23.142298,79.793233,11.02,12.3,2022-10-12,2022-11-06,2023-01-17,Approved,0,Community Forest Resource,False,None,None
FRA-00769,Chhattisgarh,Surguja,20.25959,82.058555,13.11,13.17,2025-09-14,2025-12-14,2026-01-29,Approved,0,Community Forest Right,False,None,None
FRA-00770,Madhya Pradesh,Mandla,23.694824,77.934235,7.53,3.92,2022-06-16,2022-08-25,2022-11-22,Approved,0,Community Forest Resource,True,Land Record Mismatch,Medium
FRA-00771,Chhattisgarh,Bastar,18.639307,82.390462,4.87,5.12,2025-01-28,2025-06-06,,Under Verification,584,Community Forest Right,False,None,None
FRA-00772,Madhya Pradesh,Dindori,23.656605,77.963606,3.57,3.84,2025-09-13,,,Pending,356,Community Forest Resource,False,None,None
FRA-00773,Madhya Pradesh,Balaghat,24.322509,78.306003,76.58,86.29,2023-06-12,,,Pending,1180,Community Forest Resource,True,Unusual Claim Area,Medium
FRA-00774,Kerala,Kannur,9.771325,76.729461,13.14,30.03,2025-05-15,2025-07-07,2025-08-29,Approved,0,Individual Forest Right,True,Land Record Mismatch,High
FRA-00775,Chhattisgarh,Surguja,18.57845,80.263041,1.79,1.92,2023-01-21,,,Rejected,0,Community Forest Right,False,None,None
FRA-00776,Chhattisgarh,Surguja,22.770343,81.730751,0.52,0.45,2025-01-01,2025-03-01,2025-04-29,Approved,0,Community Forest Right,False,None,None
FRA-00777,Kerala,Palakkad,11.059254,76.504044,3.72,3.6,2025-01-07,2025-04-07,,Under Verification,605,Community Forest Right,False,None,None
FRA-00778,Chhattisgarh,Dantewada,21.399905,80.442276,4.61,4.95,2025-12-10,2026-01-29,2026-03-14,Approved,0,Community Forest Resource,False,None,None
FRA-00779,Madhya Pradesh,Mandla,24.492122,79.826089,40.69,43.34,2024-10-10,2024-12-07,2024-12-19,Approved,0,Community Forest Resource,True,Unusual Claim Area,High
FRA-00780,Chhattisgarh,Bastar,22.615789,82.328116,12.92,26.46,2023-09-05,2024-03-01,,Under Verification,1095,Community Forest Right,True,Land Record Mismatch,Medium
FRA-00781,Kerala,Kannur,12.470943,76.894285,6.17,6.22,2023-08-03,2023-09-06,2023-11-20,Approved,0,Individual Forest Right,False,None,None
FRA-00782,Odisha,Koraput,21.899239,86.193144,7.13,2.61,2022-10-09,2022-12-19,2023-01-30,Approved,0,Community Forest Right,True,Land Record Mismatch,Medium
FRA-00783,Kerala,Wayanad,11.534953,77.47121,2.64,3.0,2024-05-24,,,Pending,833,Individual Forest Right,False,None,None
FRA-00784,Madhya Pradesh,Mandla,24.435397,77.718532,1.26,1.44,2025-08-24,2025-10-28,2025-11-21,Approved,0,Community Forest Right,False,None,None
FRA-00785,Chhattisgarh,Bastar,18.594013,81.189934,4.89,5.03,2022-12-20,,,Pending,1354,Community Forest Resource,False,None,None
FRA-00786,Kerala,Wayanad,11.833192,77.162239,9.93,9.26,2025-08-30,2025-09-10,2025-09-30,Approved,0,Individual Forest Right,False,None,None
FRA-00787,Jharkhand,Gumla,22.057567,86.005437,8.8,8.2,2022-07-13,,,Rejected,0,Community Forest Right,False,None,None
FRA-00788,Kerala,Kannur,10.39509,75.313091,5.22,5.55,2025-01-05,2025-04-29,2025-05-06,Approved,0,Community Forest Resource,False,None,None
FRA-00789,Maharashtra,Nashik,18.255727,79.697152,42.65,43.92,2025-08-27,2025-12-11,2026-01-11,Approved,0,Individual Forest Right,True,Unusual Claim Area,Medium
FRA-00790,Madhya Pradesh,Dindori,24.001282,77.492181,2.37,2.16,2022-11-27,2023-01-08,2023-01-17,Approved,0,Individual Forest Right,False,None,None
FRA-00791,Maharashtra,Chandrapur,19.454239,77.355417,6.63,12.89,2022-01-01,2022-01-16,2022-03-28,Approved,0,Community Forest Resource,True,Land Record Mismatch,High
FRA-00792,Odisha,Keonjhar,20.924689,85.297657,10.47,10.98,2022-04-02,2022-05-06,2022-05-29,Approved,0,Individual Forest Right,False,None,None
FRA-00793,Chhattisgarh,Kanker,20.958916,80.832187,11.07,27.06,2025-01-31,2025-03-30,2025-06-26,Approved,0,Community Forest Resource,True,Land Record Mismatch,High
FRA-00794,Chhattisgarh,Kanker,18.35279,82.198025,14.93,15.81,2023-01-30,,,Rejected,0,Community Forest Resource,False,None,None
FRA-00795,Maharashtra,Nandurbar,19.678746,74.227931,14.89,14.59,2022-02-23,2022-05-07,,Under Verification,1654,Individual Forest Right,False,None,None
FRA-00796,Maharashtra,Gadchiroli,20.735917,76.25425,5.28,4.63,2023-11-15,,,Rejected,0,Individual Forest Right,False,None,None
FRA-00797,Odisha,Koraput,18.891787,87.407683,3.72,4.22,2022-09-10,2022-12-22,2023-02-04,Approved,0,Community Forest Right,False,None,None
FRA-00798,Madhya Pradesh,Mandla,23.751139,80.461593,8.5,8.77,2022-04-09,2022-07-24,2022-09-16,Approved,0,Community Forest Resource,False,None,None
FRA-00799,Kerala,Kannur,10.930586,75.318931,0.64,0.64,2022-11-15,,,Pending,1389,Community Forest Resource,False,None,None
FRA-00800,Kerala,Idukki,9.658594,76.813548,14.63,15.54,2023-05-26,,,Pending,1197,Community Forest Right,False,None,None
FRA-00801,Chhattisgarh,Dantewada,22.931231,82.395407,7.78,7.26,2024-05-26,,,Pending,831,Individual Forest Right,False,None,None
FRA-00802,Odisha,Koraput,22.289819,84.829317,5.03,4.41,2022-06-12,2022-07-22,2022-08-07,Approved,0,Individual Forest Right,False,None,None
FRA-00803,Madhya Pradesh,Mandla,23.385399,78.971402,13.18,5.85,2024-05-18,,,Pending,839,Community Forest Right,True,Land Record Mismatch,Medium
FRA-00804,Madhya Pradesh,Balaghat,24.277216,79.983669,72.52,82.63,2023-12-08,2024-03-21,2024-06-18,Approved,0,Community Forest Resource,True,Unusual Claim Area,Medium
FRA-00805,Maharashtra,Nandurbar,18.699257,75.936407,2.43,2.32,2022-04-15,2022-06-12,2022-07-08,Approved,0,Individual Forest Right,False,None,None
FRA-00806,Odisha,Mayurbhanj,21.826906,86.828497,12.94,12.13,2024-09-16,2024-10-23,2024-10-28,Approved,0,Community Forest Resource,False,None,None
FRA-00807,Jharkhand,Gumla,24.307641,87.251882,14.41,14.48,2026-03-02,2022-08-29,,Under Verification,186,Community Forest Resource,True,Delayed Processing,Medium
FRA-00808,Jharkhand,Simdega,22.745877,84.375074,5.57,5.94,2024-04-03,2024-04-25,2024-06-24,Approved,0,Individual Forest Right,False,None,None
FRA-00809,Maharashtra,Nandurbar,19.642876,80.304873,0.6,0.65,2023-05-28,2023-07-27,2023-09-17,Approved,0,Community Forest Right,False,None,None
FRA-00810,Chhattisgarh,Surguja,18.543475,81.315716,12.67,11.38,2023-12-26,,,Rejected,0,Community Forest Resource,False,None,None
FRA-00811,Chhattisgarh,Bastar,18.947835,80.120769,38.32,38.19,2022-03-06,2022-04-10,2022-06-15,Approved,0,Community Forest Right,True,Unusual Claim Area,High
FRA-00812,Kerala,Palakkad,10.474663,76.910982,13.29,13.3,2024-03-07,2024-03-30,2024-04-06,Approved,0,Community Forest Right,False,None,None
FRA-00813,Maharashtra,Gadchiroli,21.06954,74.892039,10.34,9.85,2025-05-07,,,Rejected,0,Community Forest Right,False,None,None
FRA-00814,Odisha,Sundargarh,18.83046,84.930284,9.46,18.25,2023-01-18,2023-05-06,2023-05-25,Approved,0,Community Forest Resource,True,Land Record Mismatch,Medium
FRA-00815,Madhya Pradesh,Balaghat,22.471672,80.419488,59.84,61.93,2022-09-04,2022-09-18,2022-10-28,Approved,0,Individual Forest Right,True,Unusual Claim Area,Medium
FRA-00816,Madhya Pradesh,Dindori,23.018243,78.225784,9.68,8.9,2023-11-20,2023-12-07,2024-02-15,Approved,0,Individual Forest Right,False,None,None
FRA-00817,Odisha,Koraput,19.576984,84.262502,5.59,5.45,2023-10-18,2023-12-13,,Under Verification,1052,Individual Forest Right,False,None,None
FRA-00818,Kerala,Idukki,10.135933,76.180145,13.67,12.03,2023-01-14,2023-03-27,2023-05-17,Approved,0,Individual Forest Right,False,None,None
FRA-00819,Madhya Pradesh,Bhopal,23.707404,80.081855,2.39,2.29,2024-01-11,,,Rejected,0,Community Forest Resource,False,None,None
FRA-00820,Odisha,Mayurbhanj,21.100993,83.94515,6.07,6.78,2022-09-25,,,Pending,1440,Individual Forest Right,False,None,None
FRA-00821,Maharashtra,Nandurbar,18.77171,76.566158,67.35,60.35,2025-06-21,2025-10-01,2025-12-05,Approved,0,Individual Forest Right,True,Unusual Claim Area,Medium
FRA-00822,Chhattisgarh,Dantewada,20.752478,80.757577,13.22,14.62,2025-02-21,2025-06-04,,Under Verification,560,Community Forest Resource,False,None,None
FRA-00823,Madhya Pradesh,Dindori,22.169271,78.676017,14.0,14.02,2022-02-14,2022-03-31,2022-04-21,Approved,0,Community Forest Resource,False,None,None
FRA-00824,Madhya Pradesh,Balaghat,23.851788,78.589975,10.43,11.59,2022-06-03,2022-09-17,2022-11-26,Approved,0,Community Forest Right,False,None,None
FRA-00825,Jharkhand,Simdega,22.517311,84.012602,8.79,9.03,2022-01-19,2022-06-09,,Under Verification,1689,Community Forest Resource,False,None,None
FRA-00826,Kerala,Idukki,10.410231,75.550841,10.77,10.94,2022-12-17,2023-03-05,2023-04-09,Approved,0,Community Forest Resource,False,None,None
FRA-00827,Chhattisgarh,Surguja,22.63624,80.811305,11.96,12.47,2023-05-25,2023-07-27,,Under Verification,1198,Individual Forest Right,False,None,None
FRA-00828,Kerala,Idukki,11.398049,77.430547,5.21,2.07,2025-01-29,2025-02-25,2025-04-23,Approved,0,Community Forest Right,True,Land Record Mismatch,High
FRA-00829,Chhattisgarh,Surguja,18.883676,82.914814,8.29,4.65,2025-04-09,2025-07-23,2025-09-14,Approved,0,Community Forest Right,True,Land Record Mismatch,High
FRA-00830,Chhattisgarh,Surguja,19.343968,81.744991,12.21,13.14,2022-11-15,2023-02-26,2023-04-27,Approved,0,Community Forest Right,False,None,None
FRA-00831,Madhya Pradesh,Dindori,22.453784,77.740112,13.0,11.79,2024-10-01,2024-11-26,,Under Verification,703,Individual Forest Right,False,None,None
FRA-00832,Odisha,Mayurbhanj,22.041012,86.678746,10.47,3.46,2022-10-21,2022-12-01,2023-02-02,Approved,0,Community Forest Resource,True,Land Record Mismatch,High
FRA-00833,Madhya Pradesh,Dindori,22.959976,77.440142,0.7,0.77,2022-03-31,2022-07-17,2022-08-01,Approved,0,Community Forest Resource,False,None,None
FRA-00834,Maharashtra,Gadchiroli,21.169602,73.075169,11.98,12.13,2023-11-25,2023-12-26,,Under Verification,1014,Community Forest Right,False,None,None
FRA-00835,Maharashtra,Nashik,21.26186,75.45908,7.44,6.87,2025-01-18,,,Pending,594,Individual Forest Right,False,None,None
FRA-00836,Madhya Pradesh,Bhopal,22.257038,78.186954,7.92,8.72,2022-10-18,2022-11-25,2022-12-03,Approved,0,Community Forest Right,False,None,None
FRA-00837,Chhattisgarh,Surguja,21.276823,80.677653,37.12,42.2,2022-08-19,,,Pending,1477,Community Forest Right,True,Unusual Claim Area,Medium
FRA-00838,Madhya Pradesh,Mandla,22.295877,80.693278,13.84,15.48,2025-05-23,2025-07-26,2025-10-06,Approved,0,Individual Forest Right,False,None,None
FRA-00839,Kerala,Kannur,9.95066,76.668183,4.87,2.82,2023-12-15,2024-03-03,,Under Verification,994,Individual Forest Right,True,Land Record Mismatch,High
FRA-00840,Chhattisgarh,Kanker,19.60128,81.171799,10.96,11.9,2024-09-06,,,Rejected,0,Community Forest Right,False,None,None
FRA-00841,Kerala,Idukki,9.934003,75.807634,2.35,2.54,2023-12-24,2024-02-26,2024-05-02,Approved,0,Community Forest Right,False,None,None
FRA-00842,Maharashtra,Chandrapur,18.552885,80.552242,13.86,13.37,2025-01-30,,,Pending,582,Community Forest Resource,False,None,None
FRA-00843,Maharashtra,Nandurbar,19.538509,77.647711,6.62,6.77,2025-11-21,,,Rejected,0,Individual Forest Right,False,None,None
FRA-00844,Chhattisgarh,Surguja,18.014331,82.981716,0.75,0.42,2022-10-01,2022-10-26,,Under Verification,1434,Community Forest Right,True,Land Record Mismatch,High
FRA-00845,Jharkhand,Gumla,24.088131,85.930251,14.0,13.67,2023-03-08,,,Rejected,0,Individual Forest Right,False,None,None
FRA-00846,Madhya Pradesh,Balaghat,22.943652,77.105388,14.49,13.93,2025-12-07,2026-03-01,2026-03-15,Approved,0,Community Forest Resource,False,None,None
FRA-00847,Chhattisgarh,Bastar,18.734433,80.423832,4.05,3.46,2024-05-02,2024-06-04,2024-08-08,Approved,0,Community Forest Resource,False,None,None
FRA-00848,Maharashtra,Chandrapur,19.880738,78.780459,6.94,3.34,2022-01-28,2022-02-26,2022-03-10,Approved,0,Individual Forest Right,True,Land Record Mismatch,Medium
FRA-00849,Jharkhand,West Singhbhum,23.699759,87.065918,8.54,9.38,2025-03-17,,,Pending,536,Community Forest Right,False,None,None
FRA-00850,Chhattisgarh,Surguja,22.865612,81.564503,14.68,13.03,2023-03-10,2023-03-27,2023-04-29,Approved,0,Community Forest Resource,False,None,None
FRA-00851,Maharashtra,Gadchiroli,21.266235,76.747489,5.04,5.25,2024-02-19,2024-06-10,2024-08-01,Approved,0,Individual Forest Right,False,None,None
FRA-00852,Odisha,Koraput,18.9176,84.632157,11.79,11.21,2023-05-06,2023-07-24,2023-08-11,Approved,0,Community Forest Resource,False,None,None
FRA-00853,Madhya Pradesh,Mandla,22.46936,77.806904,13.97,12.88,2022-06-24,2022-11-25,,Under Verification,1533,Community Forest Right,False,None,None
FRA-00854,Madhya Pradesh,Bhopal,22.786451,80.774037,0.62,0.59,2023-08-02,2023-12-18,,Under Verification,1129,Community Forest Right,False,None,None
FRA-00855,Kerala,Idukki,12.421552,76.756642,1.91,1.86,2024-10-28,2025-02-18,2025-03-14,Approved,0,Community Forest Right,False,None,None
FRA-00856,Jharkhand,Ranchi,22.725298,84.530382,7.22,11.99,2022-07-11,2022-09-18,,Under Verification,1516,Community Forest Right,True,Land Record Mismatch,Medium
FRA-00857,Chhattisgarh,Surguja,19.454208,81.870412,14.13,12.18,2025-12-30,,,Rejected,0,Individual Forest Right,False,None,None
FRA-00858,Maharashtra,Gadchiroli,21.832063,77.535207,14.92,6.71,2022-01-31,2022-03-21,2022-06-04,Approved,0,Community Forest Right,True,Land Record Mismatch,Medium
FRA-00859,Chhattisgarh,Bastar,19.400587,81.089985,1.79,1.62,2025-11-02,2024-10-10,2024-11-16,Pending,306,Community Forest Resource,True,Delayed Processing,High
FRA-00860,Jharkhand,Ranchi,22.90868,85.003188,6.43,6.66,2025-12-13,2025-12-20,2026-02-28,Under Verification,265,Community Forest Resource,True,Delayed Processing,High
FRA-00861,Jharkhand,West Singhbhum,22.657069,87.064378,10.4,10.78,2025-08-11,2025-11-30,2026-01-05,Approved,0,Community Forest Resource,False,None,None
FRA-00862,Madhya Pradesh,Balaghat,24.132649,78.162642,2.79,2.71,2022-05-30,2022-08-07,2022-11-05,Approved,0,Community Forest Right,False,None,None
FRA-00863,Jharkhand,West Singhbhum,22.272798,84.630957,2.07,2.36,2024-03-23,,,Rejected,0,Community Forest Right,False,None,None
FRA-00864,Madhya Pradesh,Mandla,22.856059,79.417478,3.58,3.84,2022-08-23,2022-09-06,2022-11-19,Approved,0,Community Forest Right,False,None,None
FRA-00865,Chhattisgarh,Kanker,19.600933,80.09397,33.79,37.52,2024-01-11,,,Rejected,0,Community Forest Resource,True,Unusual Claim Area,Medium
FRA-00866,Jharkhand,Simdega,22.630178,84.61637,2.56,1.28,2022-06-17,2022-09-26,2022-11-27,Approved,0,Individual Forest Right,True,Land Record Mismatch,Medium
FRA-00867,Jharkhand,Simdega,24.408414,85.039167,3.38,3.83,2024-09-13,,,Pending,721,Individual Forest Right,False,None,None
FRA-00868,Kerala,Kannur,10.564077,76.732254,6.14,5.24,2025-05-07,2025-08-17,2025-11-15,Approved,0,Individual Forest Right,False,None,None
FRA-00869,Odisha,Keonjhar,18.556747,87.034255,14.04,14.04,2023-10-11,2024-01-15,2024-03-12,Approved,0,Community Forest Resource,False,None,None
FRA-00870,Madhya Pradesh,Dindori,24.358309,80.429068,9.7,10.1,2025-03-30,2025-05-06,2025-06-04,Approved,0,Community Forest Resource,False,None,None
FRA-00871,Chhattisgarh,Dantewada,19.080686,80.629289,3.27,3.45,2022-01-30,2022-03-27,2022-04-03,Approved,0,Community Forest Right,False,None,None
FRA-00872,Maharashtra,Gadchiroli,20.797269,78.191293,7.11,6.92,2023-12-23,,,Rejected,0,Community Forest Right,False,None,None
FRA-00873,Madhya Pradesh,Balaghat,23.147059,78.492486,8.51,7.65,2024-06-11,2024-10-07,2025-01-04,Approved,0,Community Forest Right,False,None,None
FRA-00874,Kerala,Idukki,11.606278,77.344754,13.64,12.0,2022-06-29,,,Rejected,0,Community Forest Resource,False,None,None
FRA-00875,Madhya Pradesh,Dindori,22.259188,79.999775,9.55,9.68,2025-07-21,2025-10-13,2025-10-22,Approved,0,Community Forest Right,False,None,None
FRA-00876,Chhattisgarh,Kanker,21.884401,81.654764,2.16,2.39,2022-09-12,2023-01-01,2023-03-06,Approved,0,Community Forest Resource,False,None,None
FRA-00877,Kerala,Kannur,9.522815,75.93661,3.75,3.51,2025-09-10,2026-01-05,2026-03-04,Approved,0,Individual Forest Right,False,None,None
FRA-00878,Jharkhand,Ranchi,22.038825,84.536814,68.9,66.65,2025-05-13,2025-06-13,2025-08-30,Approved,0,Community Forest Resource,True,Unusual Claim Area,Medium
FRA-00879,Kerala,Kannur,11.98565,77.003329,8.88,7.89,2025-07-27,2025-11-07,2025-12-04,Approved,0,Community Forest Right,False,None,None
FRA-00880,Maharashtra,Nandurbar,19.749606,73.796623,12.12,12.14,2025-07-17,,,Pending,414,Community Forest Resource,False,None,None
FRA-00881,Odisha,Mayurbhanj,22.294801,83.916932,1.85,1.82,2025-07-11,,,Rejected,0,Community Forest Resource,False,None,None
FRA-00882,Kerala,Wayanad,11.215382,75.063225,11.15,12.77,2025-07-23,,,Pending,408,Individual Forest Right,False,None,None
FRA-00883,Kerala,Palakkad,10.390768,76.338543,4.06,4.4,2024-02-14,,,Rejected,0,Community Forest Right,False,None,None
FRA-00884,Madhya Pradesh,Balaghat,23.568595,79.553546,8.9,7.84,2024-07-29,2024-09-08,,Under Verification,767,Community Forest Right,False,None,None
FRA-00885,Odisha,Mayurbhanj,18.871109,85.224103,5.74,6.32,2024-03-11,2024-06-30,2024-07-07,Approved,0,Community Forest Right,False,None,None
FRA-00886,Kerala,Wayanad,10.130888,76.049768,13.4,13.94,2024-07-12,,,Rejected,0,Individual Forest Right,False,None,None
FRA-00887,Chhattisgarh,Bastar,18.586036,81.028431,5.53,6.35,2025-05-13,,,Pending,479,Community Forest Resource,False,None,None
FRA-00888,Odisha,Koraput,19.271381,83.132999,0.83,0.33,2022-11-09,2023-01-04,2023-01-23,Approved,0,Community Forest Right,True,Land Record Mismatch,Medium
FRA-00889,Odisha,Sundargarh,19.29695,83.413864,10.77,11.26,2024-08-14,,,Rejected,0,Community Forest Resource,False,None,None
FRA-00890,Jharkhand,Gumla,22.625233,84.692568,12.77,13.6,2024-03-15,2024-07-04,2024-09-22,Approved,0,Individual Forest Right,False,None,None
FRA-00891,Kerala,Kannur,10.800415,76.115394,9.15,8.52,2023-10-15,,,Pending,1055,Community Forest Right,False,None,None
FRA-00892,Chhattisgarh,Surguja,19.869802,81.898095,1.43,1.29,2022-03-11,2022-05-24,,Under Verification,1638,Community Forest Right,False,None,None
FRA-00893,Maharashtra,Chandrapur,19.593227,73.9172,12.23,11.97,2023-01-16,2023-02-04,2023-03-08,Approved,0,Community Forest Right,False,None,None
FRA-00894,Chhattisgarh,Surguja,18.611518,80.955767,0.66,0.63,2024-08-11,,,Pending,754,Individual Forest Right,False,None,None
FRA-00895,Maharashtra,Gadchiroli,19.542364,77.814415,8.15,17.49,2023-07-24,,,Rejected,0,Community Forest Right,True,Land Record Mismatch,Medium
FRA-00896,Odisha,Mayurbhanj,19.288493,86.612263,7.73,8.87,2024-05-12,2024-07-18,2024-08-13,Approved,0,Community Forest Resource,False,None,None
FRA-00897,Jharkhand,Gumla,23.441035,84.997629,9.83,10.88,2022-01-10,2022-04-02,,Under Verification,1698,Community Forest Right,False,None,None
FRA-00898,Madhya Pradesh,Bhopal,22.843475,77.065089,7.31,8.03,2024-04-30,,,Rejected,0,Community Forest Right,False,None,None
FRA-00899,Jharkhand,Ranchi,23.391126,85.096111,9.38,9.08,2025-11-23,2026-04-12,,Under Verification,285,Individual Forest Right,True,Delayed Processing,Medium
FRA-00900,Chhattisgarh,Bastar,22.127283,80.416203,14.91,16.53,2024-06-11,2024-07-02,2024-07-31,Approved,0,Community Forest Right,False,None,None
FRA-00901,Maharashtra,Gadchiroli,21.736441,79.944119,4.27,4.64,2022-08-15,2022-10-02,2022-10-16,Approved,0,Community Forest Resource,False,None,None
FRA-00902,Maharashtra,Nashik,19.079648,74.362709,2.5,1.23,2022-09-16,2022-10-14,2023-01-01,Approved,0,Community Forest Resource,True,Land Record Mismatch,High
FRA-00903,Jharkhand,West Singhbhum,24.440874,85.12669,11.1,10.19,2023-06-25,,,Rejected,0,Community Forest Right,False,None,None
FRA-00904,Maharashtra,Nandurbar,20.637923,78.882146,3.49,3.05,2024-10-09,2024-10-20,2025-01-18,Approved,0,Community Forest Right,False,None,None
FRA-00905,Chhattisgarh,Dantewada,18.522674,80.625984,9.06,9.14,2023-10-04,,,Rejected,0,Community Forest Right,False,None,None
FRA-00906,Kerala,Palakkad,12.043421,75.264151,2.39,2.69,2024-02-29,2024-08-15,,Under Verification,918,Community Forest Right,False,None,None
FRA-00907,Chhattisgarh,Bastar,19.389192,80.492589,4.95,5.5,2025-08-20,2025-10-28,2025-11-15,Approved,0,Individual Forest Right,False,None,None
FRA-00908,Madhya Pradesh,Dindori,22.467574,77.114345,10.1,9.96,2023-06-28,2023-09-16,2023-10-01,Approved,0,Individual Forest Right,False,None,None
FRA-00909,Chhattisgarh,Dantewada,20.510952,81.52378,1.27,1.18,2022-07-20,2022-09-16,2022-11-14,Approved,0,Individual Forest Right,False,None,None
FRA-00910,Jharkhand,Gumla,23.485123,85.85347,7.66,7.51,2025-10-27,2025-12-07,2025-12-26,Approved,0,Individual Forest Right,False,None,None
FRA-00911,Madhya Pradesh,Mandla,22.596918,79.128527,4.49,5.01,2025-12-03,,,Rejected,0,Individual Forest Right,False,None,None
FRA-00912,Chhattisgarh,Surguja,20.475858,80.513087,3.45,3.59,2025-12-16,,,Pending,262,Individual Forest Right,False,None,None
FRA-00913,Chhattisgarh,Dantewada,21.695454,82.557692,10.48,22.7,2025-10-27,2025-11-29,2026-01-15,Approved,0,Community Forest Right,True,Land Record Mismatch,Medium
FRA-00914,Madhya Pradesh,Balaghat,24.435927,80.52503,64.18,59.32,2022-01-20,,,Pending,1688,Individual Forest Right,True,Unusual Claim Area,Medium
FRA-00915,Madhya Pradesh,Bhopal,23.418167,80.961652,12.61,12.71,2025-03-30,,,Under Verification,523,Community Forest Right,True,Delayed Processing,Medium
FRA-00916,Jharkhand,Simdega,24.474483,84.900688,7.55,7.24,2022-01-28,,,Rejected,0,Community Forest Right,False,None,None
FRA-00917,Maharashtra,Nashik,18.451044,78.486273,64.85,59.88,2024-04-20,2024-10-15,,Under Verification,867,Community Forest Resource,True,Unusual Claim Area,High
FRA-00918,Kerala,Kannur,10.57826,76.860913,3.31,3.76,2025-08-01,2025-09-15,2025-12-09,Approved,0,Community Forest Right,False,None,None
FRA-00919,Maharashtra,Nandurbar,19.061237,78.432531,13.38,12.94,2024-05-04,2024-07-23,,Under Verification,853,Individual Forest Right,False,None,None
FRA-00920,Maharashtra,Chandrapur,21.336686,73.98369,12.03,19.85,2023-12-12,2023-12-23,2024-02-29,Approved,0,Community Forest Resource,True,Land Record Mismatch,Medium
FRA-00921,Maharashtra,Nandurbar,19.214582,75.30608,12.1,10.34,2022-03-25,2022-07-18,2022-10-06,Approved,0,Community Forest Right,False,None,None
FRA-00922,Odisha,Koraput,20.221291,85.97114,0.51,0.47,2023-12-19,2024-05-05,,Under Verification,990,Community Forest Resource,False,None,None
FRA-00923,Chhattisgarh,Bastar,21.565985,80.427933,11.13,23.79,2022-06-15,2022-06-29,2022-09-02,Approved,0,Community Forest Right,True,Land Record Mismatch,Medium
FRA-00924,Madhya Pradesh,Mandla,24.300485,79.388155,3.01,2.95,2023-10-23,,,Rejected,0,Individual Forest Right,False,None,None
FRA-00925,Odisha,Mayurbhanj,20.165249,83.897854,4.92,4.62,2025-07-10,,,Pending,421,Community Forest Right,False,None,None
FRA-00926,Madhya Pradesh,Balaghat,23.316428,79.776534,7.81,8.24,2024-01-03,,,Pending,975,Community Forest Right,False,None,None
FRA-00927,Jharkhand,West Singhbhum,22.069182,85.956182,14.38,14.04,2022-10-15,,,Pending,1420,Individual Forest Right,False,None,None
FRA-00928,Maharashtra,Chandrapur,18.509099,77.346156,8.7,8.16,2024-03-15,2024-06-18,2024-06-23,Approved,0,Community Forest Resource,False,None,None
FRA-00929,Jharkhand,Ranchi,22.211648,84.945612,14.8,13.06,2025-05-02,2025-06-18,2025-09-03,Approved,0,Community Forest Right,False,None,None
FRA-00930,Madhya Pradesh,Bhopal,23.851182,79.697652,11.22,9.72,2023-02-24,,,Pending,1288,Community Forest Right,False,None,None
FRA-00931,Chhattisgarh,Kanker,22.475262,81.919004,2.74,2.85,2022-01-14,,,Rejected,0,Individual Forest Right,False,None,None
FRA-00932,Madhya Pradesh,Bhopal,22.000089,79.415163,2.25,1.98,2023-02-23,2023-03-08,2023-05-16,Approved,0,Individual Forest Right,False,None,None
FRA-00933,Madhya Pradesh,Mandla,23.011393,80.930785,12.39,5.32,2025-01-24,2025-04-22,2025-06-22,Approved,0,Individual Forest Right,True,Land Record Mismatch,Medium
FRA-00934,Kerala,Palakkad,10.012326,76.854162,8.43,8.37,2023-08-17,2023-09-08,2023-11-27,Approved,0,Community Forest Resource,False,None,None
FRA-00935,Odisha,Sundargarh,20.043283,86.599348,7.23,7.91,2022-10-31,2023-01-07,2023-01-27,Approved,0,Individual Forest Right,False,None,None
FRA-00936,Maharashtra,Chandrapur,18.136334,78.203379,10.03,24.89,2023-12-28,2024-05-05,,Under Verification,981,Community Forest Resource,True,Land Record Mismatch,High
FRA-00937,Maharashtra,Nandurbar,19.395336,78.649797,6.16,5.35,2025-09-05,2025-12-07,2026-02-22,Approved,0,Community Forest Resource,False,None,None
FRA-00938,Chhattisgarh,Surguja,21.924805,81.975332,70.32,79.34,2025-08-14,,,Pending,386,Community Forest Resource,True,Unusual Claim Area,Medium
FRA-00939,Maharashtra,Chandrapur,18.517688,75.592613,14.35,13.7,2025-06-18,,,Rejected,0,Individual Forest Right,False,None,None
FRA-00940,Kerala,Palakkad,10.195113,76.663152,37.38,41.65,2023-10-25,,,Rejected,0,Community Forest Resource,True,Unusual Claim Area,Medium
FRA-00941,Jharkhand,West Singhbhum,24.305939,84.216743,4.13,3.56,2022-05-30,2022-07-26,2022-10-16,Approved,0,Individual Forest Right,False,None,None
FRA-00942,Chhattisgarh,Surguja,18.538305,81.348529,2.43,2.53,2025-02-13,2025-03-27,2025-06-02,Approved,0,Community Forest Right,False,None,None
FRA-00943,Chhattisgarh,Kanker,21.71077,81.302189,8.16,8.87,2022-06-26,,,Pending,1531,Community Forest Resource,False,None,None
FRA-00944,Madhya Pradesh,Balaghat,22.083098,77.56225,0.58,0.63,2025-03-09,,,Pending,544,Individual Forest Right,False,None,None
FRA-00945,Kerala,Kannur,10.070411,75.518687,12.5,12.5,2024-01-01,,,Pending,977,Individual Forest Right,False,None,None
FRA-00946,Madhya Pradesh,Dindori,23.068779,78.504473,1.53,1.34,2024-11-25,2024-12-20,2025-02-26,Approved,0,Community Forest Resource,False,None,None
FRA-00947,Maharashtra,Chandrapur,18.09017,79.570622,4.7,5.16,2024-03-10,,,Rejected,0,Individual Forest Right,False,None,None
FRA-00948,Odisha,Koraput,20.637695,84.086293,8.01,8.28,2023-10-02,2023-10-19,2024-01-01,Approved,0,Individual Forest Right,False,None,None
FRA-00949,Maharashtra,Nashik,21.747708,80.879471,9.97,8.57,2024-05-13,2024-07-04,2024-07-16,Approved,0,Community Forest Resource,False,None,None
FRA-00950,Kerala,Idukki,12.272523,76.65834,13.23,12.18,2022-05-30,,,Rejected,0,Community Forest Resource,False,None,None
FRA-00951,Kerala,Wayanad,10.537537,75.176908,6.54,10.49,2022-06-15,2022-10-25,,Under Verification,1542,Community Forest Resource,True,Land Record Mismatch,High
FRA-00952,Chhattisgarh,Surguja,20.157578,80.910255,12.82,14.63,2026-02-18,2022-03-01,,Under Verification,198,Community Forest Resource,True,Delayed Processing,Medium
FRA-00953,Jharkhand,Ranchi,22.967812,85.320297,2.32,0.94,2025-01-30,2025-04-06,2025-04-26,Approved,0,Individual Forest Right,True,Land Record Mismatch,High
FRA-00954,Chhattisgarh,Bastar,20.943087,80.681378,91.13,84.29,2025-01-03,,,Pending,609,Individual Forest Right,True,Unusual Claim Area,Medium
FRA-00955,Madhya Pradesh,Bhopal,22.31679,77.722374,1.13,1.08,2025-09-03,2025-11-26,,Under Verification,366,Community Forest Right,False,None,None
FRA-00956,Jharkhand,Ranchi,23.641476,84.267323,14.11,12.86,2025-12-15,,,Rejected,0,Individual Forest Right,False,None,None
FRA-00957,Jharkhand,Simdega,24.353567,86.730729,4.74,4.96,2024-12-14,2025-03-15,,Under Verification,629,Community Forest Resource,False,None,None
FRA-00958,Madhya Pradesh,Bhopal,22.866589,78.643335,14.28,14.22,2022-06-10,2022-07-07,2022-09-16,Approved,0,Community Forest Resource,False,None,None
FRA-00959,Maharashtra,Nandurbar,18.490992,78.799286,11.93,10.27,2023-04-27,,,Pending,1226,Community Forest Right,False,None,None
FRA-00960,Madhya Pradesh,Bhopal,23.247269,77.135025,4.53,4.37,2022-06-23,2022-10-20,2023-01-11,Approved,0,Individual Forest Right,False,None,None
FRA-00961,Jharkhand,West Singhbhum,23.110049,84.78557,6.0,6.29,2024-12-26,2025-02-13,2025-02-22,Approved,0,Community Forest Right,False,None,None
FRA-00962,Madhya Pradesh,Mandla,24.306747,80.629798,12.25,12.58,2022-02-26,2022-06-22,2022-09-14,Approved,0,Community Forest Right,False,None,None
FRA-00963,Kerala,Wayanad,11.92219,76.383235,14.31,16.17,2023-08-12,2024-01-05,,Under Verification,1119,Community Forest Resource,False,None,None
FRA-00964,Kerala,Idukki,9.987647,75.953228,11.31,12.75,2025-06-26,2022-12-18,,Pending,435,Community Forest Resource,True,Delayed Processing,High
FRA-00965,Odisha,Keonjhar,20.784331,83.173728,4.48,4.17,2025-04-28,,,Pending,494,Community Forest Resource,True,Delayed Processing,Medium
FRA-00966,Kerala,Idukki,12.007999,77.118982,74.64,75.91,2022-01-19,,,Pending,1689,Community Forest Right,True,Unusual Claim Area,High
FRA-00967,Madhya Pradesh,Bhopal,22.691114,79.441314,5.05,4.39,2023-01-04,2023-04-24,2023-06-03,Approved,0,Community Forest Right,False,None,None
FRA-00968,Chhattisgarh,Kanker,21.151691,80.440705,9.46,8.18,2022-08-23,,,Pending,1473,Community Forest Resource,False,None,None
FRA-00969,Jharkhand,Simdega,22.104889,86.510752,1.38,1.47,2023-06-15,2023-06-29,,Under Verification,1177,Community Forest Right,False,None,None
FRA-00970,Maharashtra,Gadchiroli,20.402315,75.797837,1.62,1.59,2024-11-12,2024-12-18,2025-02-02,Approved,0,Community Forest Resource,False,None,None
FRA-00971,Jharkhand,Ranchi,23.604718,87.065486,2.57,2.44,2024-01-08,2024-03-10,2024-06-06,Approved,0,Community Forest Right,False,None,None
FRA-00972,Maharashtra,Gadchiroli,18.641251,73.356885,13.99,15.72,2022-02-22,2022-03-31,2022-05-15,Approved,0,Community Forest Resource,False,None,None
FRA-00973,Maharashtra,Chandrapur,21.759759,76.030718,69.58,79.97,2022-11-04,2023-02-05,2023-02-20,Approved,0,Community Forest Resource,True,Unusual Claim Area,Medium
FRA-00974,Maharashtra,Nashik,20.15587,73.969939,13.24,14.42,2025-05-28,,,Pending,464,Community Forest Right,False,None,None
FRA-00975,Odisha,Keonjhar,19.280094,85.588597,13.71,13.01,2024-01-12,2024-03-02,2024-03-21,Approved,0,Community Forest Right,False,None,None
FRA-00976,Kerala,Kannur,10.585643,75.879962,7.83,8.8,2025-08-31,,,Pending,369,Community Forest Right,False,None,None
FRA-00977,Chhattisgarh,Kanker,22.628585,80.734832,13.68,14.39,2025-09-25,2025-11-07,2025-12-18,Approved,0,Individual Forest Right,False,None,None
FRA-00978,Madhya Pradesh,Dindori,23.052556,80.932991,8.85,9.2,2023-02-10,2023-06-16,,Under Verification,1302,Individual Forest Right,False,None,None
FRA-00979,Jharkhand,Simdega,23.913774,86.489837,7.31,6.43,2022-03-11,,,Rejected,0,Individual Forest Right,False,None,None
FRA-00980,Madhya Pradesh,Balaghat,23.287243,79.117239,6.13,5.99,2022-09-19,2022-12-09,2023-01-13,Approved,0,Individual Forest Right,False,None,None
FRA-00981,Odisha,Keonjhar,20.865912,85.774833,14.91,12.88,2023-12-28,2024-04-20,,Under Verification,981,Community Forest Resource,False,None,None
FRA-00982,Jharkhand,Simdega,23.89415,86.450398,11.13,11.88,2025-04-22,2025-09-09,,Under Verification,500,Individual Forest Right,False,None,None
FRA-00983,Maharashtra,Chandrapur,20.695628,76.628217,5.15,4.65,2025-04-19,2025-08-05,2025-08-22,Approved,0,Community Forest Right,False,None,None
FRA-00984,Odisha,Koraput,20.756525,87.037857,8.91,9.83,2025-08-05,2024-07-21,2024-09-04,Pending,395,Community Forest Right,True,Delayed Processing,Medium
FRA-00985,Maharashtra,Chandrapur,20.300551,77.92382,1.94,1.81,2022-08-31,2022-11-11,2023-01-11,Approved,0,Individual Forest Right,False,None,None
FRA-00986,Odisha,Keonjhar,22.455222,86.39061,13.91,14.6,2025-08-21,2023-01-04,2023-03-15,Pending,379,Individual Forest Right,True,Delayed Processing,Medium
FRA-00987,Jharkhand,Ranchi,22.923851,84.986431,14.24,13.93,2025-11-06,,,Pending,302,Community Forest Right,True,Delayed Processing,High
FRA-00988,Jharkhand,West Singhbhum,22.657641,87.02576,14.9,15.94,2022-08-27,2022-09-26,,Under Verification,1469,Individual Forest Right,False,None,None
FRA-00989,Kerala,Wayanad,10.481347,76.26765,4.5,4.68,2024-11-16,,,Pending,657,Community Forest Resource,False,None,None
FRA-00990,Odisha,Koraput,20.23351,87.195656,12.02,7.03,2025-02-17,,,Pending,564,Individual Forest Right,True,Land Record Mismatch,Medium
FRA-00991,Maharashtra,Nashik,21.488459,74.761676,3.34,3.31,2024-09-19,,,Rejected,0,Community Forest Right,False,None,None
FRA-00992,Chhattisgarh,Kanker,21.173864,80.266135,7.99,8.53,2023-03-15,2023-04-02,2023-06-08,Approved,0,Individual Forest Right,False,None,None
FRA-00993,Kerala,Palakkad,9.616438,76.719954,9.39,9.76,2023-04-26,,,Pending,1227,Community Forest Resource,False,None,None
FRA-00994,Chhattisgarh,Surguja,22.203459,82.625117,10.19,10.16,2025-07-14,2025-09-07,2025-11-20,Approved,0,Individual Forest Right,False,None,None
FRA-00995,Chhattisgarh,Bastar,22.814595,82.690455,11.58,11.3,2024-07-04,2024-10-06,2024-12-04,Approved,0,Community Forest Right,False,None,None
FRA-00996,Odisha,Koraput,19.890314,84.791402,2.36,2.63,2024-09-28,,,Pending,706,Individual Forest Right,False,None,None
FRA-00997,Odisha,Keonjhar,20.52995,87.004148,11.85,10.29,2023-10-24,2023-12-13,2024-02-08,Approved,0,Community Forest Right,False,None,None
FRA-00998,Jharkhand,West Singhbhum,22.651748,84.191217,7.54,6.9,2025-07-27,,,Rejected,0,Community Forest Right,False,None,None
FRA-00999,Chhattisgarh,Kanker,20.680065,82.338656,2.1,2.4,2025-06-04,2025-08-30,2025-11-12,Approved,0,Community Forest Resource,False,None,None
FRA-01000,Madhya Pradesh,Dindori,22.225632,79.818922,13.73,14.83,2025-02-06,2025-02-22,2025-05-04,Approved,0,Community Forest Resource,False,None,None
FRA-01001,Chhattisgarh,Kanker,22.190745,81.186579,10.91,10.22,2022-11-27,2023-03-01,,Under Verification,1377,Community Forest Resource,False,None,None
FRA-01002,Kerala,Palakkad,12.320041,75.090187,0.79,0.89,2025-05-23,,,Pending,469,Community Forest Right,True,Delayed Processing,Medium
FRA-01003,Madhya Pradesh,Balaghat,23.578889,79.75228,0.99,1.06,2024-02-13,,,Pending,934,Community Forest Resource,False,None,None
FRA-01004,Odisha,Koraput,18.806108,85.270293,10.7,11.45,2022-02-11,2022-06-07,2022-08-20,Approved,0,Individual Forest Right,False,None,None
FRA-01005,Madhya Pradesh,Dindori,22.48571,79.422766,5.03,4.76,2024-11-15,,,Rejected,0,Community Forest Right,False,None,None
FRA-01006,Chhattisgarh,Bastar,19.32135,81.968152,7.34,6.88,2022-07-10,2022-09-10,2022-11-25,Approved,0,Community Forest Right,False,None,None
FRA-01007,Kerala,Palakkad,10.647225,77.482885,11.05,12.55,2025-01-24,,,Rejected,0,Community Forest Resource,False,None,None
FRA-01008,Madhya Pradesh,Dindori,23.928014,78.788341,69.26,63.19,2023-09-29,2024-01-20,2024-04-14,Approved,0,Community Forest Right,True,Unusual Claim Area,Medium
FRA-01009,Maharashtra,Nandurbar,18.335555,76.225561,12.65,12.74,2025-03-06,,,Rejected,0,Community Forest Right,False,None,None
FRA-01010,Odisha,Sundargarh,19.74582,84.520408,2.68,6.04,2025-03-03,,,Pending,550,Community Forest Resource,True,Land Record Mismatch,High
FRA-01011,Jharkhand,Simdega,24.398688,84.825088,7.19,3.67,2025-02-10,2025-03-12,,Under Verification,571,Individual Forest Right,True,Land Record Mismatch,High
FRA-01012,Maharashtra,Gadchiroli,18.664788,76.50081,14.59,12.57,2024-05-18,,,Pending,839,Community Forest Resource,False,None,None
FRA-01013,Jharkhand,Gumla,23.872484,85.914798,6.29,5.91,2024-06-10,2024-08-28,,Under Verification,816,Community Forest Resource,False,None,None
FRA-01014,Odisha,Mayurbhanj,19.06607,85.354631,3.46,3.58,2024-01-31,,,Pending,947,Community Forest Right,False,None,None
FRA-01015,Chhattisgarh,Surguja,22.635398,82.160391,12.86,11.45,2024-12-09,,,Rejected,0,Community Forest Right,False,None,None
FRA-01016,Jharkhand,Gumla,22.375873,84.234668,14.67,13.84,2023-01-20,2023-02-11,2023-04-25,Approved,0,Individual Forest Right,False,None,None
FRA-01017,Madhya Pradesh,Dindori,23.486136,77.267088,9.73,23.46,2023-12-08,,,Pending,1001,Community Forest Resource,True,Land Record Mismatch,High
FRA-01018,Kerala,Idukki,10.601824,76.917472,14.05,14.31,2025-08-06,,,Pending,394,Individual Forest Right,False,None,None
FRA-01019,Madhya Pradesh,Balaghat,22.699964,78.05175,1.98,2.16,2025-04-17,,,Pending,505,Community Forest Resource,False,None,None
FRA-01020,Maharashtra,Chandrapur,21.866636,78.898124,95.07,98.35,2023-03-05,2023-06-23,2023-07-27,Approved,0,Individual Forest Right,True,Unusual Claim Area,Medium
FRA-01021,Chhattisgarh,Dantewada,22.37307,80.970014,13.49,11.68,2024-11-13,,,Rejected,0,Community Forest Right,False,None,None
FRA-01022,Odisha,Keonjhar,20.5015,83.527834,8.62,8.3,2024-02-29,,,Rejected,0,Community Forest Resource,False,None,None
FRA-01023,Odisha,Koraput,22.033142,86.78986,14.35,16.27,2025-06-25,,,Under Verification,436,Community Forest Resource,True,Delayed Processing,High
FRA-01024,Madhya Pradesh,Dindori,23.63023,77.71205,13.06,14.45,2025-10-04,2025-12-07,2026-01-08,Approved,0,Individual Forest Right,False,None,None
FRA-01025,Jharkhand,Simdega,22.447514,86.6167,0.65,0.64,2024-12-13,2025-03-08,2025-04-21,Approved,0,Community Forest Right,False,None,None
FRA-01026,Odisha,Koraput,20.927098,83.150877,4.49,4.46,2022-03-31,2022-06-13,,Under Verification,1618,Individual Forest Right,False,None,None
FRA-01027,Maharashtra,Gadchiroli,21.452741,80.420599,14.96,15.55,2025-02-23,2025-01-14,2025-04-11,Pending,558,Individual Forest Right,True,Delayed Processing,Medium
FRA-01028,Maharashtra,Nandurbar,20.822558,74.415261,12.84,11.23,2022-09-02,2022-12-02,2022-12-14,Approved,0,Community Forest Resource,False,None,None
FRA-01029,Odisha,Mayurbhanj,21.120421,86.318541,5.32,12.98,2023-10-11,2023-12-03,,Under Verification,1059,Community Forest Right,True,Land Record Mismatch,High
FRA-01030,Kerala,Wayanad,9.694865,77.062619,7.77,8.3,2022-06-21,2022-07-06,2022-08-15,Approved,0,Community Forest Resource,False,None,None
FRA-01031,Maharashtra,Nashik,18.691873,78.974627,12.65,10.76,2023-07-15,,,Pending,1147,Community Forest Right,False,None,None
FRA-01032,Maharashtra,Gadchiroli,20.264757,76.704043,85.21,77.99,2022-06-26,2022-09-19,2022-12-13,Approved,0,Community Forest Right,True,Unusual Claim Area,Medium
FRA-01033,Jharkhand,Ranchi,24.192996,87.301331,4.96,5.23,2023-01-27,,,Rejected,0,Community Forest Right,False,None,None
FRA-01034,Madhya Pradesh,Dindori,23.764785,77.712016,2.54,2.4,2023-04-08,,,Rejected,0,Individual Forest Right,False,None,None
FRA-01035,Chhattisgarh,Surguja,19.29677,81.318795,1.84,1.76,2024-01-15,2024-04-16,2024-06-26,Approved,0,Community Forest Resource,False,None,None
FRA-01036,Kerala,Palakkad,9.610193,77.08681,6.09,6.16,2023-03-08,2023-07-07,,Under Verification,1276,Community Forest Resource,False,None,None
FRA-01037,Odisha,Mayurbhanj,19.868725,87.358207,8.5,9.12,2023-07-05,2023-10-21,2023-11-21,Approved,0,Community Forest Right,False,None,None
FRA-01038,Odisha,Koraput,22.187678,85.326634,9.65,9.58,2024-08-14,,,Pending,751,Community Forest Right,False,None,None
FRA-01039,Kerala,Wayanad,10.467116,75.261532,5.7,6.39,2022-11-22,2023-01-13,2023-03-02,Approved,0,Individual Forest Right,False,None,None
FRA-01040,Chhattisgarh,Surguja,19.531378,81.400524,3.2,2.74,2025-06-16,,,Pending,445,Community Forest Right,False,None,None
FRA-01041,Kerala,Kannur,10.920716,75.608972,10.99,11.32,2024-09-15,,,Pending,719,Individual Forest Right,False,None,None
FRA-01042,Maharashtra,Gadchiroli,19.683944,79.19258,14.33,8.39,2022-02-28,2022-03-31,2022-05-13,Approved,0,Individual Forest Right,True,Land Record Mismatch,Medium
FRA-01043,Kerala,Idukki,11.865708,75.1345,1.81,1.97,2022-10-17,,,Rejected,0,Individual Forest Right,False,None,None
FRA-01044,Jharkhand,Ranchi,23.646522,84.701423,2.99,2.82,2023-01-14,2023-02-19,2023-04-20,Approved,0,Individual Forest Right,False,None,None
FRA-01045,Chhattisgarh,Surguja,18.024724,80.477989,1.95,1.07,2024-03-18,,,Pending,900,Community Forest Right,True,Land Record Mismatch,High
FRA-01046,Chhattisgarh,Surguja,21.815221,80.400579,11.71,13.11,2025-10-13,,,Rejected,0,Community Forest Right,False,None,None
FRA-01047,Maharashtra,Gadchiroli,19.387469,78.359013,14.57,12.5,2025-05-31,2025-07-10,2025-08-31,Approved,0,Community Forest Resource,False,None,None
FRA-01048,Madhya Pradesh,Dindori,24.286465,79.582309,2.5,2.27,2023-03-09,2023-03-30,2023-05-17,Approved,0,Individual Forest Right,False,None,None
FRA-01049,Jharkhand,Gumla,22.71241,85.353854,12.41,10.68,2025-03-19,2024-07-12,2024-09-21,Pending,534,Community Forest Resource,True,Delayed Processing,High
FRA-01050,Kerala,Wayanad,11.467606,76.011184,12.2,10.96,2022-09-21,,,Pending,1444,Community Forest Right,False,None,None
FRA-01051,Madhya Pradesh,Dindori,23.634543,79.68078,6.63,5.74,2024-05-20,2024-08-19,2024-09-07,Approved,0,Community Forest Right,False,None,None
FRA-01052,Maharashtra,Chandrapur,21.124014,78.696188,90.92,79.46,2022-08-17,,,Rejected,0,Individual Forest Right,True,Unusual Claim Area,High
FRA-01053,Odisha,Keonjhar,19.290452,86.657758,11.05,10.9,2022-04-10,,,Pending,1608,Community Forest Right,False,None,None
FRA-01054,Jharkhand,Simdega,22.125184,86.097649,5.85,5.72,2025-10-14,2026-02-05,2026-02-13,Approved,0,Individual Forest Right,False,None,None
FRA-01055,Odisha,Keonjhar,20.168241,85.010466,4.82,4.15,2022-08-17,2022-08-31,2022-11-12,Approved,0,Individual Forest Right,False,None,None
FRA-01056,Chhattisgarh,Bastar,20.674926,80.378164,2.6,2.59,2023-07-17,2023-09-23,2023-12-16,Approved,0,Community Forest Resource,False,None,None
FRA-01057,Maharashtra,Nashik,18.162564,75.612708,1.06,1.09,2025-07-30,,,Rejected,0,Community Forest Resource,False,None,None
FRA-01058,Kerala,Wayanad,10.513318,76.591853,4.88,4.73,2023-01-12,2023-03-28,,Under Verification,1331,Community Forest Resource,False,None,None
FRA-01059,Madhya Pradesh,Dindori,24.4129,80.174579,8.78,13.6,2025-06-14,,,Pending,447,Individual Forest Right,True,Land Record Mismatch,Medium
FRA-01060,Jharkhand,Simdega,23.867174,86.724081,4.51,4.74,2025-05-23,2025-06-25,2025-08-05,Approved,0,Community Forest Right,False,None,None
FRA-01061,Chhattisgarh,Bastar,21.910253,81.971638,4.48,4.43,2025-07-24,2025-08-31,2025-10-03,Approved,0,Community Forest Right,False,None,None
FRA-01062,Chhattisgarh,Bastar,21.056931,82.184492,9.34,9.23,2024-05-11,,,Pending,846,Community Forest Right,False,None,None
FRA-01063,Jharkhand,Ranchi,22.857377,85.11875,12.43,11.13,2024-10-18,2025-01-25,2025-02-20,Approved,0,Community Forest Right,False,None,None
FRA-01064,Jharkhand,Ranchi,23.651746,85.999597,1.64,1.63,2023-12-09,2024-03-23,2024-06-03,Approved,0,Community Forest Right,False,None,None
FRA-01065,Odisha,Sundargarh,21.198005,83.133041,9.56,8.6,2023-12-22,,,Pending,987,Individual Forest Right,False,None,None
FRA-01066,Odisha,Sundargarh,22.458721,84.68878,42.5,38.15,2022-09-10,2022-10-17,2022-11-18,Approved,0,Community Forest Resource,True,Unusual Claim Area,High
FRA-01067,Jharkhand,West Singhbhum,22.880062,84.762134,13.56,12.66,2024-01-14,,,Pending,964,Community Forest Resource,False,None,None
FRA-01068,Kerala,Idukki,11.006914,76.331271,3.76,5.65,2024-08-08,2024-10-14,2024-11-08,Approved,0,Community Forest Right,True,Land Record Mismatch,Medium
FRA-01069,Kerala,Palakkad,11.550055,75.245808,8.91,8.69,2024-05-06,2024-08-05,2024-08-13,Approved,0,Individual Forest Right,False,None,None
FRA-01070,Maharashtra,Gadchiroli,20.398273,78.857184,14.21,13.46,2023-05-27,2023-08-25,2023-10-29,Approved,0,Community Forest Right,False,None,None
FRA-01071,Madhya Pradesh,Dindori,23.380143,80.453753,12.83,11.53,2024-01-26,,,Rejected,0,Community Forest Right,False,None,None
FRA-01072,Kerala,Palakkad,10.468173,75.732455,13.47,12.29,2024-08-02,,,Pending,763,Community Forest Right,False,None,None
FRA-01073,Chhattisgarh,Kanker,22.864026,81.500645,2.11,2.18,2023-11-10,2023-12-30,,Under Verification,1029,Community Forest Resource,False,None,None
FRA-01074,Madhya Pradesh,Bhopal,23.871521,79.728094,6.39,6.43,2026-02-12,2024-09-17,,Pending,204,Community Forest Right,True,Delayed Processing,High
FRA-01075,Jharkhand,Ranchi,22.732408,85.394389,12.42,13.42,2024-01-15,2024-03-30,2024-06-23,Approved,0,Community Forest Right,False,None,None
FRA-01076,Madhya Pradesh,Bhopal,22.364959,78.049996,12.47,13.42,2022-08-17,,,Rejected,0,Community Forest Resource,False,None,None
FRA-01077,Odisha,Mayurbhanj,22.151898,86.579989,3.55,3.12,2025-08-07,,,Pending,393,Community Forest Resource,False,None,None
FRA-01078,Jharkhand,Gumla,23.892451,85.19855,10.49,9.96,2024-07-11,,,Pending,785,Community Forest Resource,False,None,None
FRA-01079,Madhya Pradesh,Balaghat,22.37006,78.153722,3.7,3.56,2024-01-13,,,Rejected,0,Community Forest Resource,False,None,None
FRA-01080,Chhattisgarh,Surguja,20.376424,81.319587,4.78,2.35,2025-11-24,2026-02-19,2026-04-02,Approved,0,Community Forest Resource,True,Land Record Mismatch,High
FRA-01081,Odisha,Mayurbhanj,20.836939,84.167395,71.1,71.12,2024-11-24,2025-02-21,2025-03-19,Approved,0,Community Forest Resource,True,Unusual Claim Area,Medium
FRA-01082,Odisha,Sundargarh,21.961635,85.183606,2.95,2.97,2022-12-26,,,Pending,1348,Community Forest Resource,False,None,None
FRA-01083,Madhya Pradesh,Mandla,22.562063,77.825717,2.68,2.77,2022-09-02,,,Pending,1463,Community Forest Right,False,None,None
FRA-01084,Maharashtra,Gadchiroli,21.359909,79.765967,11.85,11.94,2023-04-13,,,Rejected,0,Individual Forest Right,False,None,None
FRA-01085,Jharkhand,Ranchi,24.380071,85.775958,4.44,5.05,2025-01-06,2025-01-30,,Under Verification,606,Community Forest Resource,False,None,None
FRA-01086,Chhattisgarh,Kanker,19.28036,82.218307,10.5,10.98,2023-05-17,2023-08-26,2023-10-28,Approved,0,Community Forest Resource,False,None,None
FRA-01087,Odisha,Keonjhar,18.865437,83.855064,12.55,10.91,2022-09-29,,,Pending,1436,Individual Forest Right,False,None,None
FRA-01088,Chhattisgarh,Dantewada,20.321356,81.610801,11.83,11.19,2025-07-22,2025-10-01,2025-10-20,Approved,0,Community Forest Right,False,None,None
FRA-01089,Chhattisgarh,Bastar,20.711844,80.644982,7.56,7.72,2026-03-08,2025-04-30,2025-06-30,Under Verification,180,Community Forest Right,True,Delayed Processing,Medium
FRA-01090,Jharkhand,Simdega,23.231513,84.617862,7.86,7.89,2025-08-14,2025-10-31,2025-12-06,Approved,0,Community Forest Resource,False,None,None
FRA-01091,Maharashtra,Chandrapur,20.503687,73.89176,11.47,10.38,2022-01-14,2022-03-30,2022-06-03,Approved,0,Individual Forest Right,False,None,None
FRA-01092,Madhya Pradesh,Dindori,23.68244,77.378272,13.0,12.39,2025-11-07,,,Pending,301,Individual Forest Right,False,None,None
FRA-01093,Chhattisgarh,Kanker,19.536002,80.916151,11.61,11.51,2025-11-03,2026-01-30,2026-03-02,Approved,0,Individual Forest Right,False,None,None
FRA-01094,Odisha,Mayurbhanj,19.267616,84.78308,2.99,2.68,2025-09-18,2025-12-03,2026-02-06,Approved,0,Community Forest Right,False,None,None
FRA-01095,Kerala,Idukki,10.186171,75.657139,14.05,15.46,2025-04-27,2024-03-22,2024-05-11,Under Verification,495,Community Forest Right,True,Delayed Processing,High
FRA-01096,Maharashtra,Nashik,21.050781,73.04538,31.36,33.28,2024-04-17,2024-08-08,2024-08-30,Approved,0,Individual Forest Right,True,Unusual Claim Area,High
FRA-01097,Kerala,Idukki,10.384391,75.933688,5.17,5.62,2023-10-30,,,Pending,1040,Individual Forest Right,False,None,None
FRA-01098,Maharashtra,Nashik,21.425614,73.854677,4.03,3.82,2024-09-09,2025-02-17,,Under Verification,725,Individual Forest Right,False,None,None
FRA-01099,Kerala,Kannur,11.563403,77.272218,7.56,7.06,2025-05-27,,,Pending,465,Individual Forest Right,False,None,None
FRA-01100,Kerala,Idukki,10.328139,75.923622,13.89,12.27,2022-10-03,2022-10-31,,Under Verification,1432,Community Forest Resource,False,None,None
FRA-01101,Jharkhand,Gumla,24.184877,86.064329,8.82,8.98,2026-02-14,2024-09-07,2024-11-20,Under Verification,202,Individual Forest Right,True,Delayed Processing,High
FRA-01102,Madhya Pradesh,Mandla,24.393,78.444918,11.7,12.57,2023-03-16,2023-05-24,2023-06-27,Approved,0,Community Forest Right,False,None,None
FRA-01103,Chhattisgarh,Surguja,19.276789,82.242951,0.84,0.74,2026-02-20,2024-08-12,2024-10-18,Under Verification,196,Community Forest Resource,True,Delayed Processing,Medium
FRA-01104,Jharkhand,Ranchi,24.399471,87.055783,5.24,5.3,2023-08-02,,,Pending,1129,Community Forest Resource,False,None,None
FRA-01105,Madhya Pradesh,Bhopal,24.435569,80.122353,8.21,8.95,2022-06-29,,,Pending,1528,Community Forest Resource,False,None,None
FRA-01106,Chhattisgarh,Bastar,21.835576,81.29284,4.51,4.44,2022-11-08,,,Pending,1396,Community Forest Resource,False,None,None
FRA-01107,Maharashtra,Chandrapur,19.816188,79.248903,11.22,12.73,2022-02-13,2022-04-01,2022-04-06,Approved,0,Community Forest Right,False,None,None
FRA-01108,Madhya Pradesh,Bhopal,22.563075,78.708599,4.25,3.9,2025-10-13,,,Rejected,0,Community Forest Resource,False,None,None
FRA-01109,Kerala,Palakkad,11.809783,76.436096,5.64,6.28,2025-03-27,2025-07-13,2025-08-05,Approved,0,Individual Forest Right,False,None,None
FRA-01110,Madhya Pradesh,Bhopal,23.333555,80.777979,1.07,0.53,2023-12-15,2024-03-17,,Under Verification,994,Community Forest Right,True,Land Record Mismatch,Medium
FRA-01111,Odisha,Mayurbhanj,22.245209,83.977561,5.65,5.04,2024-06-19,2024-08-16,2024-08-24,Approved,0,Community Forest Resource,False,None,None
FRA-01112,Kerala,Palakkad,10.64125,76.117031,6.29,5.73,2024-02-19,,,Pending,928,Individual Forest Right,False,None,None
FRA-01113,Maharashtra,Gadchiroli,18.651532,74.677104,14.14,15.16,2024-01-04,,,Rejected,0,Individual Forest Right,False,None,None
FRA-01114,Chhattisgarh,Bastar,21.998956,81.079575,4.2,3.71,2024-07-24,2024-09-20,2024-11-17,Approved,0,Individual Forest Right,False,None,None
FRA-01115,Odisha,Keonjhar,22.282927,86.764406,6.8,7.51,2023-09-08,2023-12-16,2023-12-31,Approved,0,Community Forest Right,False,None,None
FRA-01116,Jharkhand,Ranchi,24.378273,84.961506,9.89,9.37,2022-10-16,,,Rejected,0,Individual Forest Right,False,None,None
FRA-01117,Chhattisgarh,Kanker,18.701102,81.409438,1.07,1.1,2023-03-06,2023-09-01,,Under Verification,1278,Community Forest Resource,False,None,None
FRA-01118,Jharkhand,Gumla,23.048098,84.611231,8.02,7.18,2025-10-01,2025-10-25,2025-11-19,Approved,0,Individual Forest Right,False,None,None
FRA-01119,Odisha,Sundargarh,21.00125,87.090414,4.35,4.12,2022-02-22,2022-05-03,2022-05-12,Approved,0,Individual Forest Right,False,None,None
FRA-01120,Jharkhand,Ranchi,23.348687,86.668758,10.98,9.89,2022-07-25,2022-09-01,2022-09-17,Approved,0,Individual Forest Right,False,None,None
FRA-01121,Madhya Pradesh,Dindori,23.161083,78.660307,13.52,13.28,2025-05-20,,,Rejected,0,Community Forest Right,False,None,None
FRA-01122,Jharkhand,Simdega,22.320497,86.29731,5.8,6.0,2022-07-17,,,Pending,1510,Community Forest Resource,False,None,None
FRA-01123,Chhattisgarh,Kanker,19.096556,80.389423,14.16,12.99,2022-06-18,,,Rejected,0,Community Forest Right,False,None,None
FRA-01124,Maharashtra,Gadchiroli,18.999115,75.005366,11.09,10.43,2025-12-26,2026-06-05,,Under Verification,252,Community Forest Resource,False,None,None
FRA-01125,Odisha,Mayurbhanj,19.811776,84.686468,2.61,2.8,2025-09-03,,,Pending,366,Individual Forest Right,True,Delayed Processing,Medium
FRA-01126,Chhattisgarh,Bastar,22.176895,80.713488,6.25,5.33,2024-09-11,,,Pending,723,Community Forest Resource,False,None,None
FRA-01127,Maharashtra,Nashik,19.808416,74.71869,9.51,9.64,2022-08-30,,,Rejected,0,Community Forest Resource,False,None,None
FRA-01128,Odisha,Keonjhar,22.486743,83.838437,5.44,6.05,2025-01-29,,,Pending,583,Community Forest Right,False,None,None
FRA-01129,Maharashtra,Chandrapur,18.252471,75.923378,9.81,11.18,2022-09-16,2022-11-23,2022-12-12,Approved,0,Community Forest Resource,False,None,None
FRA-01130,Odisha,Mayurbhanj,21.993227,84.381637,6.82,7.81,2022-06-19,2022-11-05,,Under Verification,1538,Community Forest Resource,False,None,None
FRA-01131,Chhattisgarh,Kanker,22.200064,80.665571,0.74,0.79,2025-07-16,,,Under Verification,415,Community Forest Resource,True,Delayed Processing,Medium
FRA-01132,Maharashtra,Nandurbar,19.497888,73.801105,2.9,3.02,2025-06-20,2025-10-04,2025-10-28,Approved,0,Community Forest Resource,False,None,None
FRA-01133,Jharkhand,Gumla,22.696053,87.356699,14.26,13.39,2024-12-04,2025-04-14,,Under Verification,639,Individual Forest Right,False,None,None
FRA-01134,Kerala,Idukki,9.501061,75.628323,8.56,8.08,2025-06-09,,,Pending,452,Community Forest Right,False,None,None
FRA-01135,Chhattisgarh,Kanker,20.404661,80.480759,14.6,16.69,2023-05-12,2023-06-11,2023-09-06,Approved,0,Community Forest Resource,False,None,None
FRA-01136,Chhattisgarh,Kanker,22.171645,80.211595,14.47,23.77,2024-04-02,2024-07-15,2024-10-02,Approved,0,Community Forest Right,True,Land Record Mismatch,Medium
FRA-01137,Madhya Pradesh,Bhopal,23.301551,79.096964,11.69,12.04,2023-04-21,,,Pending,1232,Individual Forest Right,False,None,None
FRA-01138,Maharashtra,Nashik,18.614706,80.041815,11.44,12.2,2023-07-12,2023-08-01,,Under Verification,1150,Community Forest Right,False,None,None
FRA-01139,Madhya Pradesh,Dindori,23.064776,77.673824,10.79,11.97,2024-09-24,,,Rejected,0,Individual Forest Right,False,None,None
FRA-01140,Madhya Pradesh,Mandla,22.603231,80.399862,7.67,17.12,2024-06-04,2024-09-03,2024-09-21,Approved,0,Community Forest Resource,True,Land Record Mismatch,High
FRA-01141,Maharashtra,Chandrapur,19.678581,79.69037,14.75,12.91,2022-07-27,,,Rejected,0,Community Forest Resource,False,None,None
FRA-01142,Jharkhand,Gumla,23.477711,86.3297,2.01,2.18,2025-12-22,,,Pending,256,Community Forest Resource,False,None,None
FRA-01143,Jharkhand,West Singhbhum,22.105253,84.377292,12.65,13.19,2022-07-21,,,Pending,1506,Individual Forest Right,False,None,None
FRA-01144,Odisha,Sundargarh,21.761134,86.232301,1.08,2.5,2024-06-20,2024-11-23,,Under Verification,806,Community Forest Resource,True,Land Record Mismatch,Medium
FRA-01145,Madhya Pradesh,Balaghat,23.417325,77.096578,14.22,12.51,2024-04-24,,,Rejected,0,Community Forest Right,False,None,None
FRA-01146,Odisha,Keonjhar,19.909514,87.345149,83.8,75.27,2023-10-27,,,Pending,1043,Community Forest Resource,True,Unusual Claim Area,High
FRA-01147,Maharashtra,Chandrapur,20.962819,79.026553,11.82,10.66,2024-10-20,2025-01-23,,Under Verification,684,Community Forest Resource,False,None,None
FRA-01148,Kerala,Palakkad,10.449602,75.764588,13.76,12.07,2024-04-11,2024-06-23,2024-09-17,Approved,0,Community Forest Right,False,None,None
FRA-01149,Chhattisgarh,Surguja,22.27988,81.456322,31.11,28.21,2024-01-11,,,Rejected,0,Community Forest Right,True,Unusual Claim Area,High
FRA-01150,Maharashtra,Chandrapur,21.027082,77.306035,6.27,10.32,2023-02-11,2023-05-23,2023-08-12,Approved,0,Community Forest Resource,True,Land Record Mismatch,High
FRA-01151,Odisha,Sundargarh,19.032129,84.733581,99.96,98.24,2023-08-25,,,Pending,1106,Individual Forest Right,True,Unusual Claim Area,High
FRA-01152,Chhattisgarh,Kanker,21.337607,80.821365,7.67,8.44,2023-03-25,2023-05-02,2023-07-02,Approved,0,Individual Forest Right,False,None,None
FRA-01153,Chhattisgarh,Bastar,19.483966,82.893771,12.93,12.87,2024-06-17,2024-09-05,2024-11-21,Approved,0,Individual Forest Right,False,None,None
FRA-01154,Maharashtra,Nashik,20.50902,80.108833,14.7,15.79,2025-12-18,,,Rejected,0,Community Forest Right,False,None,None
FRA-01155,Jharkhand,Simdega,22.911286,87.23927,3.9,3.95,2022-06-07,2022-07-21,,Under Verification,1550,Community Forest Resource,False,None,None
FRA-01156,Chhattisgarh,Kanker,18.483107,82.752438,14.79,15.71,2025-01-01,2025-04-24,2025-07-15,Approved,0,Community Forest Right,False,None,None
FRA-01157,Kerala,Palakkad,10.895859,76.435648,1.27,1.32,2024-10-15,,,Pending,689,Individual Forest Right,False,None,None
FRA-01158,Madhya Pradesh,Dindori,23.39749,77.230183,69.88,79.26,2022-10-30,2022-12-24,2023-01-06,Approved,0,Community Forest Resource,True,Unusual Claim Area,High
FRA-01159,Madhya Pradesh,Dindori,23.077075,80.057461,2.43,2.35,2025-09-17,,,Pending,352,Community Forest Resource,False,None,None
FRA-01160,Odisha,Keonjhar,19.430257,86.592874,7.87,7.65,2025-01-10,2025-06-19,,Under Verification,602,Individual Forest Right,False,None,None
FRA-01161,Maharashtra,Gadchiroli,20.848455,75.866796,2.24,2.56,2025-06-11,2025-08-12,2025-09-06,Approved,0,Individual Forest Right,False,None,None
FRA-01162,Maharashtra,Nandurbar,21.342958,73.2359,13.97,14.93,2023-11-11,2024-01-11,2024-03-29,Approved,0,Community Forest Resource,False,None,None
FRA-01163,Jharkhand,West Singhbhum,22.953227,85.660426,12.79,4.19,2023-09-30,2024-01-08,2024-03-08,Approved,0,Individual Forest Right,True,Land Record Mismatch,High
FRA-01164,Odisha,Koraput,19.858881,86.383169,8.1,6.93,2025-05-26,2025-08-15,2025-08-27,Approved,0,Individual Forest Right,False,None,None
FRA-01165,Chhattisgarh,Bastar,22.817999,81.587363,0.57,0.55,2022-02-26,,,Rejected,0,Community Forest Right,False,None,None
FRA-01166,Madhya Pradesh,Balaghat,22.471205,79.48349,3.14,2.87,2023-12-09,2024-03-15,2024-04-08,Approved,0,Community Forest Resource,False,None,None
FRA-01167,Chhattisgarh,Dantewada,21.531838,82.639016,3.07,5.56,2024-06-30,2024-07-14,2024-09-25,Approved,0,Individual Forest Right,True,Land Record Mismatch,Medium
FRA-01168,Odisha,Mayurbhanj,20.860425,83.753234,1.95,1.04,2022-11-14,2023-02-18,,Under Verification,1390,Community Forest Right,True,Land Record Mismatch,High
FRA-01169,Chhattisgarh,Surguja,18.706907,82.881161,7.62,8.29,2022-03-27,2022-06-06,2022-09-03,Approved,0,Community Forest Resource,False,None,None
FRA-01170,Madhya Pradesh,Bhopal,23.658781,78.282212,8.15,8.33,2025-04-14,,,Under Verification,508,Individual Forest Right,True,Delayed Processing,Medium
FRA-01171,Jharkhand,Gumla,22.732398,86.192187,6.36,6.13,2024-10-01,2024-10-24,2024-12-09,Approved,0,Community Forest Resource,False,None,None
FRA-01172,Jharkhand,Simdega,23.244037,86.75226,4.66,4.92,2022-04-23,,,Pending,1595,Individual Forest Right,False,None,None
FRA-01173,Odisha,Mayurbhanj,21.06373,86.326657,8.25,7.13,2023-09-13,2023-11-07,2024-01-19,Approved,0,Community Forest Resource,False,None,None
FRA-01174,Jharkhand,Gumla,23.271864,86.383967,1.15,1.05,2024-07-25,2024-09-29,,Under Verification,771,Individual Forest Right,False,None,None
FRA-01175,Kerala,Palakkad,10.985826,76.427863,9.39,20.28,2024-02-21,2024-05-29,2024-06-17,Approved,0,Individual Forest Right,True,Land Record Mismatch,Medium
FRA-01176,Jharkhand,Gumla,22.929459,86.932256,1.15,1.03,2023-05-20,,,Pending,1203,Community Forest Right,False,None,None
FRA-01177,Kerala,Idukki,10.114629,77.196703,11.18,10.42,2025-11-14,2026-03-09,2026-05-05,Approved,0,Individual Forest Right,False,None,None
FRA-01178,Jharkhand,Simdega,23.500324,86.19288,6.23,6.6,2024-07-08,2024-10-14,2024-11-16,Approved,0,Individual Forest Right,False,None,None
FRA-01179,Madhya Pradesh,Balaghat,24.255543,78.954147,3.16,3.0,2023-06-10,2023-09-29,,Under Verification,1182,Community Forest Right,False,None,None
FRA-01180,Odisha,Keonjhar,18.933968,83.537303,12.43,13.86,2022-06-27,,,Pending,1530,Individual Forest Right,False,None,None
FRA-01181,Maharashtra,Gadchiroli,19.875828,73.874751,3.82,4.2,2023-01-13,2023-04-21,2023-05-04,Approved,0,Community Forest Resource,False,None,None
FRA-01182,Odisha,Sundargarh,21.453385,84.989107,11.65,12.22,2024-10-28,,,Rejected,0,Individual Forest Right,False,None,None
FRA-01183,Kerala,Idukki,9.631274,75.035528,2.71,3.0,2023-05-29,2023-09-05,,Under Verification,1194,Community Forest Resource,False,None,None
FRA-01184,Madhya Pradesh,Dindori,22.950086,80.787285,7.83,7.18,2025-07-08,2025-10-10,2025-12-10,Approved,0,Community Forest Right,False,None,None
FRA-01185,Madhya Pradesh,Balaghat,23.50415,78.151226,2.84,2.88,2023-10-13,2024-01-18,2024-01-31,Approved,0,Community Forest Resource,False,None,None
FRA-01186,Madhya Pradesh,Balaghat,23.810198,78.286625,1.06,1.19,2025-11-02,2025-12-30,2026-01-04,Approved,0,Community Forest Right,False,None,None
FRA-01187,Maharashtra,Gadchiroli,21.428012,79.09741,1.01,2.14,2022-02-10,,,Pending,1667,Community Forest Resource,True,Land Record Mismatch,High
FRA-01188,Chhattisgarh,Dantewada,21.063043,81.035439,14.83,5.09,2022-11-10,,,Pending,1394,Community Forest Right,True,Land Record Mismatch,Medium
FRA-01189,Odisha,Mayurbhanj,19.972312,83.094217,88.81,84.89,2024-07-30,2024-10-17,2024-11-20,Approved,0,Community Forest Right,True,Unusual Claim Area,Medium
FRA-01190,Jharkhand,West Singhbhum,23.151454,85.583091,14.31,14.15,2023-11-23,2024-01-23,2024-02-14,Approved,0,Individual Forest Right,False,None,None
FRA-01191,Chhattisgarh,Kanker,21.562949,81.70516,14.25,25.75,2025-06-21,2025-08-29,2025-11-12,Approved,0,Individual Forest Right,True,Land Record Mismatch,High
FRA-01192,Jharkhand,Ranchi,23.357072,85.583119,13.62,15.48,2025-07-01,2025-08-05,2025-09-06,Approved,0,Individual Forest Right,False,None,None
FRA-01193,Kerala,Kannur,12.311366,76.07946,14.18,12.15,2023-02-27,2023-06-02,2023-06-29,Approved,0,Community Forest Resource,False,None,None
FRA-01194,Kerala,Palakkad,11.423714,76.437673,12.11,6.4,2023-10-11,,,Pending,1059,Community Forest Resource,True,Land Record Mismatch,Medium
FRA-01195,Madhya Pradesh,Bhopal,22.214375,77.034675,13.0,11.26,2022-07-04,2022-08-28,2022-09-27,Approved,0,Individual Forest Right,False,None,None
FRA-01196,Odisha,Koraput,19.95176,87.091605,8.96,9.84,2024-08-30,2024-10-01,2024-11-12,Approved,0,Community Forest Resource,False,None,None
FRA-01197,Chhattisgarh,Kanker,18.816284,80.355321,13.7,13.33,2025-02-24,,,Pending,557,Community Forest Right,False,None,None
FRA-01198,Kerala,Palakkad,12.428374,76.659673,2.63,2.59,2022-03-22,2022-05-19,2022-07-23,Approved,0,Individual Forest Right,False,None,None
FRA-01199,Madhya Pradesh,Mandla,24.327355,79.339565,3.14,3.51,2024-10-04,2025-03-08,,Under Verification,700,Community Forest Right,False,None,None
FRA-01200,Madhya Pradesh,Mandla,22.172225,77.539774,4.85,4.7,2022-11-03,2023-02-22,2023-05-23,Approved,0,Community Forest Resource,False,None,None
FRA-01201,Odisha,Keonjhar,21.345633,87.269428,89.59,81.31,2024-10-10,2025-01-03,2025-03-02,Approved,0,Community Forest Right,True,Unusual Claim Area,High
FRA-01202,Maharashtra,Gadchiroli,19.958436,80.246533,1.25,1.15,2023-09-20,2023-11-24,2024-01-11,Approved,0,Community Forest Resource,False,None,None
FRA-01203,Kerala,Kannur,11.478232,75.832297,0.95,1.06,2025-07-02,2025-09-23,2025-09-30,Approved,0,Individual Forest Right,False,None,None
FRA-01204,Jharkhand,West Singhbhum,22.970993,86.433509,4.42,8.14,2024-01-22,,,Rejected,0,Community Forest Resource,True,Land Record Mismatch,High
FRA-01205,Odisha,Mayurbhanj,20.455322,84.200026,13.74,4.22,2022-06-23,,,Rejected,0,Individual Forest Right,True,Land Record Mismatch,Medium
FRA-01206,Madhya Pradesh,Balaghat,22.933471,77.616025,12.12,25.77,2022-06-04,2022-06-15,2022-08-02,Approved,0,Community Forest Resource,True,Land Record Mismatch,Medium
FRA-01207,Odisha,Koraput,20.950261,83.252749,2.51,2.82,2022-06-16,2022-09-25,2022-10-11,Approved,0,Community Forest Resource,False,None,None
FRA-01208,Chhattisgarh,Kanker,18.249993,80.238236,5.15,5.2,2024-09-01,,,Rejected,0,Community Forest Right,False,None,None
FRA-01209,Maharashtra,Nandurbar,19.876842,78.852518,9.08,10.06,2024-06-25,2024-07-05,2024-07-20,Approved,0,Individual Forest Right,False,None,None
FRA-01210,Odisha,Mayurbhanj,22.012707,85.589453,3.25,2.88,2025-01-28,2022-10-01,2022-11-16,Pending,584,Community Forest Resource,True,Delayed Processing,Medium
FRA-01211,Maharashtra,Chandrapur,20.406216,77.053236,4.64,4.54,2023-12-08,,,Rejected,0,Community Forest Resource,False,None,None
FRA-01212,Kerala,Idukki,10.344347,75.40316,1.39,1.39,2026-02-24,,,Under Verification,192,Community Forest Resource,True,Delayed Processing,Medium
FRA-01213,Kerala,Wayanad,10.455194,76.928465,13.76,14.58,2025-05-25,,,Pending,467,Community Forest Right,False,None,None
FRA-01214,Kerala,Idukki,10.852361,76.855482,7.47,7.47,2024-09-28,2025-01-11,2025-02-09,Approved,0,Individual Forest Right,False,None,None
FRA-01215,Madhya Pradesh,Mandla,23.024331,80.519899,5.2,11.64,2024-04-05,,,Pending,882,Community Forest Right,True,Land Record Mismatch,High
FRA-01216,Madhya Pradesh,Balaghat,23.970663,78.525829,13.12,6.27,2024-01-19,2024-05-09,2024-08-06,Approved,0,Individual Forest Right,True,Land Record Mismatch,Medium
FRA-01217,Jharkhand,West Singhbhum,22.37475,85.180603,0.81,1.61,2023-09-14,,,Rejected,0,Community Forest Right,True,Land Record Mismatch,High
FRA-01218,Jharkhand,Gumla,23.218355,86.330262,5.62,4.96,2023-10-25,,,Rejected,0,Individual Forest Right,False,None,None
FRA-01219,Chhattisgarh,Dantewada,22.01811,81.249036,0.69,0.65,2022-11-21,2023-01-09,2023-04-03,Approved,0,Individual Forest Right,False,None,None
FRA-01220,Maharashtra,Nandurbar,20.118547,75.728778,5.91,6.24,2022-09-20,2022-11-29,2022-12-12,Approved,0,Community Forest Right,False,None,None
FRA-01221,Jharkhand,Gumla,22.52364,85.141702,3.88,7.97,2023-10-03,,,Pending,1067,Community Forest Resource,True,Land Record Mismatch,High
FRA-01222,Chhattisgarh,Kanker,22.82737,82.344785,8.8,9.89,2025-12-21,,,Pending,257,Individual Forest Right,False,None,None
FRA-01223,Jharkhand,West Singhbhum,24.226393,85.09711,13.27,12.81,2022-10-31,,,Pending,1404,Community Forest Right,False,None,None
FRA-01224,Jharkhand,Simdega,22.167314,85.363518,3.3,3.57,2025-12-28,2026-04-25,2026-05-07,Approved,0,Individual Forest Right,False,None,None
FRA-01225,Kerala,Wayanad,10.481643,77.062092,87.69,91.53,2023-07-13,2023-11-24,,Under Verification,1149,Community Forest Resource,True,Unusual Claim Area,Medium
FRA-01226,Maharashtra,Gadchiroli,19.182478,73.484504,13.33,13.42,2024-10-29,2025-02-17,2025-04-11,Approved,0,Individual Forest Right,False,None,None
FRA-01227,Odisha,Keonjhar,19.31696,84.332465,0.92,0.96,2024-05-13,2024-07-21,2024-08-13,Approved,0,Community Forest Right,False,None,None
FRA-01228,Maharashtra,Nandurbar,20.37538,79.067693,2.06,1.92,2023-07-20,2023-10-15,2023-12-17,Approved,0,Community Forest Resource,False,None,None
FRA-01229,Chhattisgarh,Surguja,22.780528,80.371745,13.08,13.29,2024-01-26,2024-05-21,2024-07-13,Approved,0,Community Forest Resource,False,None,None
FRA-01230,Jharkhand,Simdega,22.988844,85.143137,12.62,10.86,2023-08-03,2023-11-17,2024-02-02,Approved,0,Community Forest Resource,False,None,None
FRA-01231,Madhya Pradesh,Balaghat,23.241692,80.707795,2.53,2.23,2022-12-01,2023-02-09,,Under Verification,1373,Community Forest Right,False,None,None
FRA-01232,Odisha,Keonjhar,18.824635,84.546079,1.51,1.46,2022-05-08,,,Pending,1580,Community Forest Right,False,None,None
FRA-01233,Kerala,Palakkad,11.144293,75.223684,3.51,3.15,2023-06-19,2023-07-06,2023-10-01,Approved,0,Individual Forest Right,False,None,None
FRA-01234,Madhya Pradesh,Balaghat,23.196733,77.168704,11.5,13.05,2022-10-09,,,Pending,1426,Community Forest Resource,False,None,None
FRA-01235,Kerala,Kannur,9.557767,76.913842,7.64,8.03,2025-11-28,2025-12-16,2025-12-26,Approved,0,Individual Forest Right,False,None,None
FRA-01236,Chhattisgarh,Kanker,20.913696,80.021457,10.68,10.94,2025-10-04,,,Pending,335,Community Forest Resource,True,Delayed Processing,High
FRA-01237,Madhya Pradesh,Mandla,22.664117,78.497202,6.13,2.06,2025-05-29,2025-07-03,2025-08-18,Approved,0,Community Forest Right,True,Land Record Mismatch,High
FRA-01238,Maharashtra,Nashik,18.81836,73.901548,6.12,5.4,2025-03-04,2023-05-19,2023-07-01,Under Verification,549,Community Forest Right,True,Delayed Processing,Medium
FRA-01239,Madhya Pradesh,Balaghat,23.417116,80.537522,4.16,9.23,2023-09-27,2024-01-21,2024-02-18,Approved,0,Community Forest Right,True,Land Record Mismatch,Medium
FRA-01240,Jharkhand,Gumla,24.302047,85.680615,9.15,9.96,2025-09-28,2025-12-10,,Under Verification,341,Individual Forest Right,False,None,None
FRA-01241,Madhya Pradesh,Bhopal,23.548192,80.428664,33.75,30.87,2023-09-14,2023-12-26,2024-03-12,Approved,0,Individual Forest Right,True,Unusual Claim Area,Medium
FRA-01242,Jharkhand,Simdega,22.190249,85.461205,0.82,0.28,2022-09-03,2022-10-16,2022-12-18,Approved,0,Community Forest Right,True,Land Record Mismatch,Medium
FRA-01243,Chhattisgarh,Bastar,18.562934,82.174427,7.1,7.92,2025-11-24,,,Pending,284,Community Forest Resource,False,None,None
FRA-01244,Maharashtra,Nashik,18.253135,78.534412,3.62,3.51,2026-02-23,2024-04-25,2024-06-24,Pending,193,Community Forest Resource,True,Delayed Processing,High
FRA-01245,Madhya Pradesh,Bhopal,24.398572,80.505503,10.79,11.5,2023-02-20,,,Rejected,0,Community Forest Right,False,None,None
FRA-01246,Chhattisgarh,Kanker,21.448376,82.431062,14.94,12.9,2025-02-27,,,Rejected,0,Community Forest Resource,False,None,None
FRA-01247,Jharkhand,Gumla,23.788923,86.598841,4.65,4.08,2024-01-23,,,Pending,955,Individual Forest Right,False,None,None
FRA-01248,Odisha,Keonjhar,21.404794,85.433452,5.15,5.37,2024-04-13,2024-06-13,2024-08-04,Approved,0,Community Forest Right,False,None,None
FRA-01249,Odisha,Mayurbhanj,21.75691,86.382467,7.67,7.77,2024-01-08,2024-02-09,,Under Verification,970,Individual Forest Right,False,None,None
FRA-01250,Odisha,Keonjhar,21.081857,85.028459,8.32,8.77,2022-03-29,2022-07-27,2022-10-20,Approved,0,Community Forest Right,False,None,None
FRA-01251,Maharashtra,Nandurbar,21.404391,77.589541,14.67,30.45,2025-11-20,2026-03-15,2026-05-12,Approved,0,Community Forest Resource,True,Land Record Mismatch,Medium
FRA-01252,Kerala,Palakkad,11.719134,76.710027,11.92,11.88,2025-07-27,,,Under Verification,404,Community Forest Resource,True,Delayed Processing,High
FRA-01253,Odisha,Sundargarh,21.251204,87.445778,3.77,1.94,2022-11-15,,,Rejected,0,Community Forest Right,True,Land Record Mismatch,Medium
FRA-01254,Chhattisgarh,Bastar,21.474687,80.919668,11.46,10.78,2023-03-05,,,Pending,1279,Individual Forest Right,False,None,None
FRA-01255,Madhya Pradesh,Bhopal,22.077744,77.484302,3.19,3.45,2022-05-27,2022-08-02,2022-08-22,Approved,0,Community Forest Right,False,None,None
FRA-01256,Kerala,Kannur,9.531705,76.493902,5.48,5.27,2023-09-15,2023-12-09,2024-02-13,Approved,0,Community Forest Resource,False,None,None
FRA-01257,Madhya Pradesh,Dindori,24.442534,78.999979,5.6,5.19,2025-03-14,2024-12-13,,Under Verification,539,Community Forest Resource,True,Delayed Processing,Medium
FRA-01258,Jharkhand,Ranchi,22.949918,87.369689,11.51,10.08,2023-06-01,,,Pending,1191,Community Forest Resource,False,None,None
FRA-01259,Kerala,Wayanad,10.864059,76.872631,4.0,4.58,2022-03-12,2022-05-31,2022-08-01,Approved,0,Community Forest Right,False,None,None
FRA-01260,Madhya Pradesh,Bhopal,23.709559,79.373716,10.29,8.83,2024-11-02,2025-01-15,2025-02-12,Approved,0,Community Forest Resource,False,None,None
FRA-01261,Maharashtra,Nashik,21.205231,77.285303,11.0,10.19,2022-08-29,,,Pending,1467,Community Forest Right,False,None,None
FRA-01262,Odisha,Mayurbhanj,18.659266,85.705042,6.69,7.06,2022-06-07,2022-08-18,2022-09-23,Approved,0,Community Forest Resource,False,None,None
FRA-01263,Kerala,Palakkad,11.817388,75.109687,3.15,3.0,2025-10-30,,,Pending,309,Community Forest Resource,False,None,None
FRA-01264,Jharkhand,Ranchi,22.253844,84.487219,11.24,12.75,2025-02-24,2025-05-10,2025-06-30,Pending,557,Community Forest Resource,True,Delayed Processing,High
FRA-01265,Maharashtra,Gadchiroli,19.674498,73.268295,6.83,7.24,2022-05-18,2022-06-30,2022-09-28,Approved,0,Community Forest Right,False,None,None
FRA-01266,Maharashtra,Nandurbar,21.626465,80.004264,2.25,2.02,2025-03-14,2025-04-18,2025-06-19,Approved,0,Community Forest Resource,False,None,None
FRA-01267,Odisha,Keonjhar,20.411519,87.368894,10.02,10.27,2022-08-26,,,Pending,1470,Individual Forest Right,False,None,None
FRA-01268,Odisha,Mayurbhanj,21.486569,84.758194,5.89,5.91,2022-01-25,2022-04-30,2022-06-08,Approved,0,Individual Forest Right,False,None,None
FRA-01269,Odisha,Mayurbhanj,19.778117,84.096543,7.47,6.83,2025-09-21,,,Pending,348,Individual Forest Right,False,None,None
FRA-01270,Chhattisgarh,Dantewada,20.765163,81.881089,12.95,5.74,2025-09-28,2025-12-12,2026-01-04,Approved,0,Community Forest Resource,True,Land Record Mismatch,Medium
FRA-01271,Chhattisgarh,Kanker,21.134705,81.240526,9.57,10.83,2023-06-22,2023-10-06,2023-12-05,Approved,0,Community Forest Right,False,None,None
FRA-01272,Jharkhand,Ranchi,22.481514,86.542733,5.92,5.83,2023-04-06,,,Rejected,0,Community Forest Resource,False,None,None
FRA-01273,Maharashtra,Nashik,20.584164,79.043441,2.78,2.86,2023-08-13,,,Pending,1118,Community Forest Resource,False,None,None
FRA-01274,Madhya Pradesh,Dindori,22.165835,77.339371,13.43,12.0,2025-08-06,2025-09-20,2025-11-14,Approved,0,Community Forest Resource,False,None,None
FRA-01275,Odisha,Keonjhar,21.845298,85.723831,13.83,15.3,2024-08-20,,,Pending,745,Community Forest Resource,False,None,None
FRA-01276,Maharashtra,Nandurbar,19.877312,73.727902,7.6,7.24,2024-11-24,,,Pending,649,Community Forest Resource,False,None,None
FRA-01277,Odisha,Keonjhar,21.999006,85.674952,3.8,4.29,2023-10-26,2024-03-28,,Under Verification,1044,Community Forest Right,False,None,None
FRA-01278,Chhattisgarh,Surguja,20.588359,81.234618,4.33,4.23,2025-03-03,2025-12-08,2025-12-30,Pending,550,Community Forest Resource,True,Delayed Processing,High
FRA-01279,Maharashtra,Chandrapur,18.817858,76.701523,8.04,7.12,2023-08-20,,,Pending,1111,Community Forest Resource,False,None,None
FRA-01280,Odisha,Mayurbhanj,22.049093,86.643099,5.94,5.75,2023-07-09,2023-11-13,,Under Verification,1153,Individual Forest Right,False,None,None
FRA-01281,Odisha,Koraput,19.510143,87.349312,12.29,25.2,2022-01-07,2022-04-30,2022-06-06,Approved,0,Community Forest Resource,True,Land Record Mismatch,High
FRA-01282,Maharashtra,Nashik,18.79676,73.407944,6.7,7.67,2025-05-04,2025-07-08,2025-08-31,Approved,0,Individual Forest Right,False,None,None
FRA-01283,Chhattisgarh,Bastar,19.806675,82.403899,1.29,1.42,2023-07-23,2023-10-09,2023-11-17,Approved,0,Individual Forest Right,False,None,None
FRA-01284,Kerala,Kannur,10.114678,77.228279,8.72,7.44,2023-11-23,2024-02-11,,Under Verification,1016,Individual Forest Right,False,None,None
FRA-01285,Chhattisgarh,Kanker,21.09156,81.711851,4.37,4.44,2023-04-30,2023-07-19,2023-10-06,Approved,0,Individual Forest Right,False,None,None
FRA-01286,Chhattisgarh,Dantewada,19.015706,81.84889,14.34,12.58,2025-06-29,2025-08-29,,Pending,432,Community Forest Right,True,Delayed Processing,Medium
FRA-01287,Chhattisgarh,Kanker,20.297533,80.496928,3.02,2.77,2022-08-08,2022-11-11,2022-12-25,Approved,0,Community Forest Resource,False,None,None
FRA-01288,Jharkhand,West Singhbhum,22.53347,84.351283,1.69,1.8,2025-08-10,2024-08-23,2024-11-14,Under Verification,390,Community Forest Resource,True,Delayed Processing,Medium
FRA-01289,Jharkhand,West Singhbhum,23.973969,85.833774,5.17,5.17,2025-06-14,2025-08-19,2025-11-09,Approved,0,Individual Forest Right,False,None,None
FRA-01290,Kerala,Wayanad,11.302861,76.747322,5.98,6.5,2023-03-01,2023-04-25,2023-06-20,Approved,0,Community Forest Resource,False,None,None
FRA-01291,Odisha,Mayurbhanj,20.017776,86.949788,14.43,15.24,2025-02-27,2025-06-06,2025-06-19,Approved,0,Individual Forest Right,False,None,None
FRA-01292,Jharkhand,Simdega,22.898801,84.071729,6.83,6.72,2024-05-18,2024-06-29,2024-08-17,Approved,0,Community Forest Right,False,None,None
FRA-01293,Odisha,Sundargarh,19.132393,83.986115,8.99,9.04,2026-01-18,,,Under Verification,229,Individual Forest Right,True,Delayed Processing,High
FRA-01294,Madhya Pradesh,Balaghat,22.230942,79.781251,1.23,1.07,2023-06-07,,,Pending,1185,Community Forest Right,False,None,None
FRA-01295,Odisha,Mayurbhanj,19.416355,84.402193,8.05,7.4,2022-07-08,,,Pending,1519,Community Forest Resource,False,None,None
FRA-01296,Chhattisgarh,Surguja,20.739693,82.826048,13.48,12.41,2023-02-05,,,Pending,1307,Individual Forest Right,False,None,None
FRA-01297,Odisha,Mayurbhanj,20.635813,86.505767,8.52,8.18,2025-06-03,2023-02-04,2023-03-12,Pending,458,Community Forest Resource,True,Delayed Processing,High
FRA-01298,Madhya Pradesh,Bhopal,22.984514,77.668005,7.3,8.06,2023-05-11,2023-08-23,,Under Verification,1212,Community Forest Right,False,None,None
FRA-01299,Jharkhand,Gumla,23.13736,86.485732,10.84,9.74,2025-05-26,,,Rejected,0,Community Forest Right,False,None,None
FRA-01300,Chhattisgarh,Bastar,19.436012,81.586679,7.6,8.18,2025-02-01,,,Pending,580,Community Forest Resource,False,None,None
FRA-01301,Jharkhand,Simdega,23.965962,86.021152,12.65,12.29,2023-05-30,,,Pending,1193,Community Forest Resource,False,None,None
FRA-01302,Jharkhand,Gumla,24.012097,84.724126,9.2,8.83,2023-09-04,2023-11-05,2023-12-28,Approved,0,Community Forest Right,False,None,None
FRA-01303,Madhya Pradesh,Mandla,23.218054,80.001245,3.63,3.93,2022-10-29,2023-01-22,2023-02-13,Approved,0,Community Forest Right,False,None,None
FRA-01304,Jharkhand,Gumla,22.355788,87.151763,13.6,12.59,2024-03-28,,,Pending,890,Individual Forest Right,False,None,None
FRA-01305,Jharkhand,Gumla,23.0395,84.179712,14.24,15.94,2022-07-27,2022-08-12,2022-09-30,Approved,0,Community Forest Right,False,None,None
FRA-01306,Kerala,Kannur,9.73437,75.734878,12.41,12.6,2022-03-24,2022-08-03,,Under Verification,1625,Community Forest Right,False,None,None
FRA-01307,Chhattisgarh,Surguja,22.609926,80.497836,14.89,13.31,2025-12-27,,,Pending,251,Community Forest Resource,False,None,None
FRA-01308,Chhattisgarh,Surguja,18.120699,81.210236,12.08,11.94,2024-10-25,2025-08-23,2025-09-03,Under Verification,679,Community Forest Right,True,Delayed Processing,Medium
FRA-01309,Maharashtra,Gadchiroli,20.66528,77.383918,11.36,11.38,2022-11-11,2023-02-25,,Under Verification,1393,Community Forest Resource,False,None,None
FRA-01310,Jharkhand,Simdega,22.359879,86.667381,3.35,3.47,2023-07-19,2023-08-03,2023-08-13,Approved,0,Individual Forest Right,False,None,None
FRA-01311,Chhattisgarh,Dantewada,20.846474,81.252767,30.04,26.13,2025-01-25,,,Pending,587,Individual Forest Right,True,Unusual Claim Area,Medium
FRA-01312,Odisha,Sundargarh,21.648049,83.985925,13.77,12.39,2025-10-09,,,Pending,330,Community Forest Right,False,None,None
FRA-01313,Odisha,Keonjhar,21.902375,87.300508,4.24,4.31,2023-11-09,,,Pending,1030,Individual Forest Right,False,None,None
FRA-01314,Kerala,Idukki,11.918567,76.94574,4.06,4.44,2024-06-07,,,Pending,819,Community Forest Resource,False,None,None
FRA-01315,Odisha,Sundargarh,22.391045,87.460908,1.24,1.27,2023-06-12,2023-07-10,2023-09-24,Approved,0,Individual Forest Right,False,None,None
FRA-01316,Chhattisgarh,Dantewada,22.525873,82.778155,10.61,10.63,2024-04-25,,,Rejected,0,Community Forest Right,False,None,None
FRA-01317,Odisha,Koraput,19.469977,85.803762,14.25,14.95,2023-10-05,2023-10-29,,Under Verification,1065,Community Forest Right,False,None,None
FRA-01318,Chhattisgarh,Dantewada,20.365871,80.091787,71.19,69.17,2023-04-28,,,Pending,1225,Individual Forest Right,True,Unusual Claim Area,High
FRA-01319,Odisha,Mayurbhanj,20.942291,83.742025,2.81,2.66,2024-02-11,2024-03-17,,Under Verification,936,Community Forest Resource,False,None,None
FRA-01320,Madhya Pradesh,Balaghat,23.350926,78.970594,62.98,54.15,2025-11-29,,,Pending,279,Community Forest Right,True,Unusual Claim Area,Medium
FRA-01321,Odisha,Keonjhar,21.164233,83.393841,87.5,79.42,2022-07-24,2022-10-16,2022-10-31,Approved,0,Individual Forest Right,True,Unusual Claim Area,Medium
FRA-01322,Jharkhand,West Singhbhum,22.268846,86.076796,9.42,9.49,2025-06-08,2025-06-26,2025-08-29,Approved,0,Community Forest Right,False,None,None
FRA-01323,Chhattisgarh,Bastar,20.482078,80.671376,4.61,4.46,2023-11-25,,,Pending,1014,Community Forest Right,False,None,None
FRA-01324,Odisha,Keonjhar,19.674613,86.175458,6.32,6.9,2025-07-05,,,Pending,426,Community Forest Right,True,Delayed Processing,High
FRA-01325,Chhattisgarh,Kanker,18.183988,80.176244,13.19,11.8,2024-07-08,2024-10-18,2024-11-01,Approved,0,Community Forest Right,False,None,None
FRA-01326,Kerala,Idukki,11.237811,76.796601,6.81,6.04,2025-08-12,,,Pending,388,Community Forest Resource,False,None,None
FRA-01327,Maharashtra,Chandrapur,21.749745,74.678175,7.36,6.33,2022-11-17,2023-01-10,2023-01-23,Approved,0,Community Forest Right,False,None,None
FRA-01328,Jharkhand,Gumla,24.031297,85.622264,14.52,15.76,2023-10-25,2024-02-16,2024-04-02,Approved,0,Community Forest Resource,False,None,None
FRA-01329,Jharkhand,Simdega,24.395163,86.630299,13.09,11.85,2022-12-03,2023-03-29,,Under Verification,1371,Community Forest Right,False,None,None
FRA-01330,Chhattisgarh,Bastar,22.421096,80.72007,9.26,10.53,2023-02-19,,,Rejected,0,Individual Forest Right,False,None,None
FRA-01331,Kerala,Idukki,11.634096,77.000522,44.77,42.52,2024-09-15,,,Rejected,0,Community Forest Resource,True,Unusual Claim Area,Medium
FRA-01332,Kerala,Idukki,11.092607,77.223966,14.91,15.41,2025-06-07,2025-09-23,2025-10-03,Approved,0,Community Forest Resource,False,None,None
FRA-01333,Maharashtra,Chandrapur,20.155169,79.046189,63.22,70.39,2024-04-14,,,Pending,873,Community Forest Right,True,Unusual Claim Area,Medium
FRA-01334,Maharashtra,Nandurbar,21.692358,79.678417,3.73,3.47,2025-08-28,2025-11-04,,Under Verification,372,Community Forest Resource,False,None,None
FRA-01335,Odisha,Sundargarh,19.561464,85.388343,1.09,1.24,2024-07-09,2024-07-19,2024-09-17,Approved,0,Individual Forest Right,False,None,None
FRA-01336,Odisha,Sundargarh,18.565374,86.908457,11.12,12.01,2023-09-20,,,Rejected,0,Community Forest Right,False,None,None
FRA-01337,Maharashtra,Nandurbar,20.13636,77.418874,11.81,13.07,2024-03-07,,,Pending,911,Community Forest Resource,False,None,None
FRA-01338,Kerala,Palakkad,9.542634,76.073751,5.27,4.87,2024-09-09,2024-10-05,2024-11-12,Approved,0,Community Forest Right,False,None,None
FRA-01339,Kerala,Idukki,10.746727,77.264886,3.46,3.11,2022-07-19,,,Rejected,0,Community Forest Resource,False,None,None
FRA-01340,Kerala,Wayanad,9.728677,75.388922,83.54,79.47,2023-05-06,2023-08-22,2023-09-30,Approved,0,Community Forest Resource,True,Unusual Claim Area,Medium
FRA-01341,Maharashtra,Nashik,20.043118,76.849935,9.41,10.22,2023-12-31,,,Rejected,0,Community Forest Right,False,None,None
FRA-01342,Chhattisgarh,Surguja,21.626576,82.73276,9.49,10.83,2022-06-26,2022-08-16,,Under Verification,1531,Individual Forest Right,False,None,None
FRA-01343,Maharashtra,Nandurbar,19.914761,80.397711,9.66,8.3,2024-03-08,,,Rejected,0,Community Forest Resource,False,None,None
FRA-01344,Jharkhand,Gumla,22.418808,86.173763,7.51,7.7,2025-02-05,2026-03-14,2026-04-17,Under Verification,576,Community Forest Right,True,Delayed Processing,High
FRA-01345,Kerala,Idukki,10.097339,75.104912,7.07,6.02,2023-12-29,2024-04-02,2024-05-24,Approved,0,Community Forest Right,False,None,None
FRA-01346,Kerala,Wayanad,12.408751,77.155017,1.74,1.92,2024-10-18,,,Under Verification,686,Community Forest Resource,True,Delayed Processing,Medium
FRA-01347,Maharashtra,Chandrapur,18.479012,79.486634,11.9,12.39,2023-05-19,2023-09-11,2023-11-09,Approved,0,Individual Forest Right,False,None,None
FRA-01348,Madhya Pradesh,Mandla,23.662059,80.993612,35.26,33.23,2022-11-10,2023-03-08,2023-05-04,Approved,0,Community Forest Right,True,Unusual Claim Area,High
FRA-01349,Jharkhand,Ranchi,22.065369,84.998043,3.18,2.79,2022-10-09,2023-03-22,,Under Verification,1426,Individual Forest Right,False,None,None
FRA-01350,Odisha,Koraput,18.880629,84.188899,5.34,5.96,2023-01-10,,,Pending,1333,Individual Forest Right,False,None,None
FRA-01351,Chhattisgarh,Bastar,19.382574,82.524402,8.48,8.59,2022-06-13,,,Rejected,0,Community Forest Resource,False,None,None
FRA-01352,Kerala,Idukki,12.218958,76.644749,1.96,1.9,2022-03-25,2022-05-27,2022-06-12,Approved,0,Community Forest Right,False,None,None
FRA-01353,Kerala,Wayanad,9.910675,75.235787,14.2,12.09,2024-09-03,2024-12-25,2025-02-14,Approved,0,Individual Forest Right,False,None,None
FRA-01354,Odisha,Mayurbhanj,20.863415,85.525357,12.01,10.5,2022-12-11,2023-03-03,2023-03-21,Approved,0,Individual Forest Right,False,None,None
FRA-01355,Jharkhand,Gumla,23.821872,84.443315,77.7,86.44,2025-10-29,,,Pending,310,Community Forest Resource,True,Unusual Claim Area,Medium
FRA-01356,Kerala,Palakkad,10.977958,75.594779,6.73,6.96,2024-03-06,2024-05-22,2024-07-03,Approved,0,Community Forest Right,False,None,None
FRA-01357,Maharashtra,Nashik,21.642985,75.301302,4.11,4.55,2022-09-13,,,Rejected,0,Community Forest Resource,False,None,None
FRA-01358,Jharkhand,Ranchi,24.44454,85.419407,3.27,3.03,2025-10-24,,,Pending,315,Community Forest Resource,True,Delayed Processing,Medium
FRA-01359,Madhya Pradesh,Balaghat,24.495362,79.979521,75.63,80.56,2022-09-30,2022-12-19,,Under Verification,1435,Community Forest Resource,True,Unusual Claim Area,Medium
FRA-01360,Madhya Pradesh,Dindori,22.267384,77.825334,76.17,80.29,2022-09-10,2022-12-12,,Under Verification,1455,Community Forest Right,True,Unusual Claim Area,High
FRA-01361,Kerala,Palakkad,12.073269,75.364789,6.14,5.57,2025-09-25,2026-03-23,,Under Verification,344,Community Forest Right,False,None,None
FRA-01362,Odisha,Sundargarh,18.695734,83.013758,7.22,6.27,2022-05-03,,,Rejected,0,Individual Forest Right,False,None,None
FRA-01363,Jharkhand,Ranchi,24.203266,84.492443,4.55,4.45,2025-03-17,,,Under Verification,536,Community Forest Right,True,Delayed Processing,Medium
FRA-01364,Kerala,Palakkad,10.848029,76.721077,4.5,4.47,2024-03-10,2024-05-20,2024-06-22,Approved,0,Individual Forest Right,False,None,None
FRA-01365,Madhya Pradesh,Balaghat,23.613051,78.538327,14.8,15.03,2025-08-07,2025-09-14,,Under Verification,393,Community Forest Right,False,None,None
FRA-01366,Maharashtra,Chandrapur,20.759631,75.174497,10.05,10.95,2024-04-06,2024-06-27,2024-07-15,Approved,0,Community Forest Right,False,None,None
FRA-01367,Odisha,Mayurbhanj,21.530948,86.008011,8.56,8.85,2024-12-21,2025-06-09,,Under Verification,622,Community Forest Resource,False,None,None
FRA-01368,Madhya Pradesh,Balaghat,24.396554,78.309507,10.5,10.67,2025-03-09,2025-05-19,2025-06-17,Approved,0,Community Forest Resource,False,None,None
FRA-01369,Odisha,Sundargarh,19.504671,86.620669,9.0,9.35,2025-10-03,,,Rejected,0,Community Forest Resource,False,None,None
FRA-01370,Odisha,Koraput,20.019686,85.810787,13.41,12.7,2023-11-20,2024-03-06,2024-04-10,Approved,0,Community Forest Right,False,None,None
FRA-01371,Chhattisgarh,Dantewada,22.787509,80.049294,1.61,1.64,2022-10-08,2023-02-05,2023-02-15,Approved,0,Community Forest Right,False,None,None
FRA-01372,Maharashtra,Gadchiroli,18.410461,80.918197,8.45,9.0,2023-03-29,,,Rejected,0,Individual Forest Right,False,None,None
FRA-01373,Madhya Pradesh,Mandla,22.029245,79.349998,2.24,2.09,2025-04-20,2025-06-22,,Under Verification,502,Individual Forest Right,False,None,None
FRA-01374,Maharashtra,Gadchiroli,18.374041,75.002533,9.18,9.86,2023-05-09,2023-08-15,2023-09-24,Approved,0,Community Forest Resource,False,None,None
FRA-01375,Kerala,Wayanad,12.278685,76.223874,14.89,16.21,2023-11-09,2024-01-22,2024-04-10,Approved,0,Community Forest Resource,False,None,None
FRA-01376,Odisha,Koraput,20.208423,84.570315,76.71,69.63,2025-11-26,2026-03-10,2026-03-27,Approved,0,Individual Forest Right,True,Unusual Claim Area,Medium
FRA-01377,Chhattisgarh,Bastar,21.662201,80.587568,3.53,3.14,2024-08-01,2024-10-07,2024-11-09,Approved,0,Individual Forest Right,False,None,None
FRA-01378,Madhya Pradesh,Balaghat,22.916606,80.026358,11.54,12.7,2024-06-03,2024-06-21,2024-07-16,Approved,0,Individual Forest Right,False,None,None
FRA-01379,Chhattisgarh,Surguja,18.175648,80.525287,12.72,12.42,2022-06-23,,,Rejected,0,Individual Forest Right,False,None,None
FRA-01380,Jharkhand,Ranchi,23.086546,86.448906,2.91,3.1,2026-01-01,,,Pending,246,Community Forest Resource,False,None,None
FRA-01381,Maharashtra,Chandrapur,21.545553,74.259177,14.96,15.11,2025-03-07,2025-05-13,2025-07-11,Approved,0,Community Forest Right,False,None,None
FRA-01382,Odisha,Keonjhar,19.540915,83.963662,11.13,12.04,2025-11-10,2022-03-30,2022-05-22,Pending,298,Community Forest Resource,True,Delayed Processing,High
FRA-01383,Chhattisgarh,Bastar,19.148689,82.100809,14.27,12.61,2024-09-08,2024-12-10,2025-02-27,Approved,0,Individual Forest Right,False,None,None
FRA-01384,Madhya Pradesh,Balaghat,23.347563,77.927202,2.33,1.08,2024-11-07,2025-04-05,,Under Verification,666,Community Forest Right,True,Land Record Mismatch,Medium
FRA-01385,Odisha,Keonjhar,20.69563,86.726495,1.14,1.14,2023-02-25,2023-06-16,2023-07-19,Approved,0,Individual Forest Right,False,None,None
FRA-01386,Maharashtra,Nandurbar,20.49936,73.571482,10.95,11.1,2023-10-22,,,Pending,1048,Community Forest Right,False,None,None
FRA-01387,Madhya Pradesh,Bhopal,23.913699,80.12019,11.74,12.41,2022-03-04,2022-04-04,2022-06-29,Approved,0,Individual Forest Right,False,None,None
FRA-01388,Kerala,Palakkad,10.94234,77.013433,6.87,7.68,2025-08-19,2025-12-07,2026-03-02,Approved,0,Community Forest Resource,False,None,None
FRA-01389,Madhya Pradesh,Balaghat,24.471007,78.251376,10.25,11.16,2025-12-11,,,Pending,267,Community Forest Resource,True,Delayed Processing,High
FRA-01390,Chhattisgarh,Dantewada,19.435919,81.566666,11.64,10.42,2024-11-13,,,Under Verification,660,Individual Forest Right,True,Delayed Processing,High
FRA-01391,Maharashtra,Nashik,19.869251,73.353171,1.21,1.27,2023-05-19,2023-08-18,2023-10-05,Approved,0,Community Forest Resource,False,None,None
FRA-01392,Maharashtra,Chandrapur,20.120141,76.241467,8.66,7.97,2022-11-02,,,Rejected,0,Community Forest Right,False,None,None
FRA-01393,Odisha,Koraput,19.964843,86.697102,11.88,11.44,2022-03-27,,,Pending,1622,Community Forest Right,False,None,None
FRA-01394,Madhya Pradesh,Dindori,22.519791,78.640734,12.91,13.14,2026-01-01,2025-07-01,2025-09-23,Pending,246,Individual Forest Right,True,Delayed Processing,Medium
FRA-01395,Odisha,Koraput,22.212554,86.893631,4.17,4.21,2025-02-12,2025-02-23,,Under Verification,569,Community Forest Resource,False,None,None
FRA-01396,Odisha,Mayurbhanj,20.689911,85.131388,13.27,12.27,2023-02-02,2023-05-20,2023-06-18,Approved,0,Individual Forest Right,False,None,None
FRA-01397,Jharkhand,Simdega,22.605568,86.355499,2.55,2.47,2025-10-20,2025-11-20,2026-01-30,Approved,0,Community Forest Resource,False,None,None
FRA-01398,Kerala,Idukki,10.722924,75.396482,4.02,3.92,2022-09-25,2023-01-05,2023-03-18,Approved,0,Individual Forest Right,False,None,None
FRA-01399,Odisha,Keonjhar,18.828673,86.930499,12.42,11.64,2025-01-20,2025-09-10,2025-11-01,Pending,592,Individual Forest Right,True,Delayed Processing,Medium
FRA-01400,Kerala,Idukki,10.519792,76.707958,4.76,5.42,2022-02-17,,,Pending,1660,Community Forest Right,False,None,None
FRA-01401,Jharkhand,Simdega,24.15771,85.795431,14.42,14.55,2022-02-16,,,Rejected,0,Community Forest Right,False,None,None
FRA-01402,Chhattisgarh,Kanker,22.152078,80.8263,11.02,9.81,2025-06-03,,,Rejected,0,Community Forest Resource,False,None,None
FRA-01403,Odisha,Koraput,19.658785,85.875866,43.6,43.94,2023-02-24,2023-04-28,,Under Verification,1288,Community Forest Resource,True,Unusual Claim Area,High
FRA-01404,Odisha,Koraput,20.07888,83.998455,2.55,2.25,2022-07-13,,,Rejected,0,Community Forest Right,False,None,None
FRA-01405,Kerala,Wayanad,11.133134,76.516141,3.38,3.47,2025-07-16,,,Pending,415,Individual Forest Right,False,None,None
FRA-01406,Jharkhand,Simdega,24.498609,84.137239,6.4,5.51,2025-02-03,2022-11-20,,Under Verification,578,Individual Forest Right,True,Delayed Processing,High
FRA-01407,Jharkhand,West Singhbhum,23.947283,86.521001,8.1,6.91,2023-01-14,2023-01-27,2023-02-04,Approved,0,Community Forest Right,False,None,None
FRA-01408,Jharkhand,Ranchi,23.374351,86.931589,8.1,6.92,2025-11-10,2026-01-19,2026-04-15,Approved,0,Community Forest Right,False,None,None
FRA-01409,Kerala,Idukki,11.969123,76.49018,14.43,16.2,2022-01-07,2022-03-12,,Under Verification,1701,Community Forest Resource,False,None,None
FRA-01410,Odisha,Mayurbhanj,22.043536,83.343134,9.25,10.11,2024-12-13,,,Pending,630,Individual Forest Right,False,None,None
FRA-01411,Maharashtra,Chandrapur,18.903376,76.176017,7.42,8.17,2025-04-16,2025-06-17,2025-07-16,Approved,0,Community Forest Resource,False,None,None
FRA-01412,Chhattisgarh,Kanker,21.032842,81.517558,1.57,1.55,2023-11-18,2023-12-07,2023-12-23,Approved,0,Individual Forest Right,False,None,None
FRA-01413,Kerala,Idukki,9.890157,76.340263,14.14,12.2,2024-10-20,,,Pending,684,Community Forest Right,True,Delayed Processing,High
FRA-01414,Jharkhand,West Singhbhum,24.41572,86.60315,8.03,4.52,2022-09-21,2023-01-17,2023-01-24,Approved,0,Community Forest Right,True,Land Record Mismatch,Medium
FRA-01415,Jharkhand,West Singhbhum,24.211349,84.309329,13.13,11.27,2022-11-12,,,Pending,1392,Community Forest Resource,False,None,None
FRA-01416,Chhattisgarh,Bastar,22.763933,82.302784,4.18,3.98,2022-04-17,,,Rejected,0,Individual Forest Right,False,None,None
FRA-01417,Jharkhand,Ranchi,23.213465,86.966011,50.33,57.32,2022-10-20,,,Pending,1415,Individual Forest Right,True,Unusual Claim Area,High
FRA-01418,Chhattisgarh,Surguja,22.481802,80.014877,8.15,13.95,2023-02-02,2023-03-14,2023-05-19,Approved,0,Community Forest Resource,True,Land Record Mismatch,Medium
FRA-01419,Kerala,Wayanad,9.660201,76.667564,7.05,7.46,2025-05-25,,,Rejected,0,Community Forest Resource,False,None,None
FRA-01420,Maharashtra,Gadchiroli,21.213146,75.286115,3.14,2.68,2025-02-17,2024-12-22,,Under Verification,564,Community Forest Resource,True,Delayed Processing,High
FRA-01421,Odisha,Sundargarh,18.858619,85.349956,2.61,2.83,2025-04-01,2025-06-22,2025-07-28,Approved,0,Community Forest Resource,False,None,None
FRA-01422,Madhya Pradesh,Mandla,22.053183,79.001754,4.99,5.17,2023-02-03,2023-04-02,,Under Verification,1309,Individual Forest Right,False,None,None
FRA-01423,Odisha,Mayurbhanj,21.605075,84.934436,40.85,42.57,2022-04-23,2022-07-31,2022-08-07,Approved,0,Community Forest Right,True,Unusual Claim Area,High
FRA-01424,Jharkhand,Ranchi,23.60484,84.608701,3.63,3.7,2023-04-13,,,Pending,1240,Community Forest Resource,False,None,None
FRA-01425,Kerala,Idukki,11.450569,77.246305,8.04,8.42,2025-03-21,,,Pending,532,Community Forest Right,True,Delayed Processing,High
FRA-01426,Kerala,Wayanad,12.444794,77.255621,8.71,8.54,2025-03-06,,,Under Verification,547,Community Forest Resource,True,Delayed Processing,Medium
FRA-01427,Kerala,Palakkad,10.802437,75.665096,11.86,23.51,2024-02-14,2024-05-14,2024-05-28,Approved,0,Individual Forest Right,True,Land Record Mismatch,Medium
FRA-01428,Kerala,Palakkad,11.799473,77.018081,5.05,4.8,2022-09-04,2022-10-08,2022-11-16,Approved,0,Individual Forest Right,False,None,None
FRA-01429,Chhattisgarh,Surguja,22.248818,80.815704,13.54,14.98,2022-12-03,,,Pending,1371,Individual Forest Right,False,None,None
FRA-01430,Kerala,Kannur,11.301177,77.268348,6.14,7.06,2025-12-15,,,Pending,263,Community Forest Resource,True,Delayed Processing,Medium
FRA-01431,Chhattisgarh,Surguja,22.117803,82.469974,0.87,0.99,2024-02-08,,,Pending,939,Community Forest Right,False,None,None
FRA-01432,Madhya Pradesh,Mandla,23.574655,77.292651,11.2,27.43,2024-04-15,,,Rejected,0,Community Forest Resource,True,Land Record Mismatch,Medium
FRA-01433,Chhattisgarh,Bastar,21.649882,80.661532,4.56,3.9,2024-10-11,2025-01-05,2025-02-15,Approved,0,Individual Forest Right,False,None,None
FRA-01434,Kerala,Kannur,12.156307,76.815053,11.56,11.25,2022-09-24,,,Pending,1441,Community Forest Resource,False,None,None
FRA-01435,Madhya Pradesh,Dindori,23.81247,80.304024,13.88,24.48,2022-11-26,,,Pending,1378,Community Forest Resource,True,Land Record Mismatch,Medium
FRA-01436,Kerala,Idukki,9.701474,75.488171,3.44,3.16,2022-09-29,2022-12-28,,Under Verification,1436,Individual Forest Right,False,None,None
FRA-01437,Chhattisgarh,Surguja,22.579097,81.203937,7.27,8.2,2024-08-08,2024-12-04,2024-12-30,Approved,0,Individual Forest Right,False,None,None
FRA-01438,Maharashtra,Nandurbar,18.001858,73.90096,11.38,10.49,2024-11-17,2025-02-16,,Under Verification,656,Community Forest Right,False,None,None
FRA-01439,Maharashtra,Chandrapur,19.503924,74.523098,6.99,7.81,2025-01-21,2025-03-05,2025-05-24,Approved,0,Individual Forest Right,False,None,None
FRA-01440,Maharashtra,Chandrapur,18.191143,79.912983,4.76,4.11,2022-07-13,2022-08-28,2022-09-08,Approved,0,Individual Forest Right,False,None,None
FRA-01441,Kerala,Idukki,11.996001,75.995899,8.25,9.31,2024-08-06,,,Rejected,0,Community Forest Resource,False,None,None
FRA-01442,Chhattisgarh,Kanker,18.375893,82.501874,9.77,10.88,2025-04-21,,,Pending,501,Community Forest Resource,False,None,None
FRA-01443,Chhattisgarh,Surguja,20.597122,82.921035,2.99,3.03,2024-10-03,,,Rejected,0,Community Forest Right,False,None,None
FRA-01444,Chhattisgarh,Dantewada,22.332918,80.694886,12.43,11.47,2022-08-24,,,Rejected,0,Community Forest Resource,False,None,None
FRA-01445,Odisha,Sundargarh,18.616628,84.030087,11.38,12.95,2022-02-16,,,Pending,1661,Community Forest Resource,False,None,None
FRA-01446,Kerala,Kannur,10.708344,77.317764,2.23,1.24,2022-05-06,2022-07-18,2022-08-22,Approved,0,Community Forest Right,True,Land Record Mismatch,Medium
FRA-01447,Maharashtra,Nandurbar,18.33741,79.725445,3.12,3.24,2023-11-03,,,Pending,1036,Community Forest Right,False,None,None
FRA-01448,Kerala,Idukki,9.544496,75.837628,14.84,16.79,2025-11-07,2026-01-28,2026-02-21,Approved,0,Community Forest Resource,False,None,None
FRA-01449,Kerala,Palakkad,9.71826,76.426546,46.47,48.19,2024-07-24,,,Rejected,0,Community Forest Resource,True,Unusual Claim Area,High
FRA-01450,Odisha,Koraput,22.312348,83.570933,13.82,15.27,2022-03-11,2022-05-18,,Under Verification,1638,Community Forest Resource,False,None,None
FRA-01451,Jharkhand,Simdega,23.268403,85.021537,2.38,2.65,2023-11-23,,,Rejected,0,Community Forest Resource,False,None,None
FRA-01452,Kerala,Wayanad,11.441812,75.708915,7.05,7.15,2024-07-26,2024-08-14,,Under Verification,770,Community Forest Right,False,None,None
FRA-01453,Madhya Pradesh,Mandla,24.309123,77.941124,8.39,8.26,2024-09-05,2024-12-22,2025-03-21,Approved,0,Community Forest Resource,False,None,None
FRA-01454,Jharkhand,Simdega,22.951121,84.272972,9.4,10.02,2025-09-21,2026-02-04,,Under Verification,348,Community Forest Right,False,None,None
FRA-01455,Jharkhand,Gumla,24.142559,86.011075,6.83,6.82,2022-11-12,,,Rejected,0,Community Forest Resource,False,None,None
FRA-01456,Maharashtra,Nandurbar,19.975629,78.998116,11.96,12.08,2025-10-27,,,Pending,312,Individual Forest Right,False,None,None
FRA-01457,Kerala,Palakkad,10.606043,76.738754,13.3,13.95,2024-01-09,,,Rejected,0,Community Forest Resource,False,None,None
FRA-01458,Maharashtra,Chandrapur,20.74245,77.553548,0.94,0.83,2025-06-07,2023-09-20,,Under Verification,454,Community Forest Right,True,Delayed Processing,High
FRA-01459,Chhattisgarh,Dantewada,20.303429,81.182201,2.54,2.79,2025-06-06,2025-09-05,2025-10-11,Approved,0,Individual Forest Right,False,None,None
FRA-01460,Kerala,Idukki,11.868605,77.075771,3.72,6.55,2025-01-23,2025-06-28,,Under Verification,589,Individual Forest Right,True,Land Record Mismatch,High
FRA-01461,Maharashtra,Chandrapur,20.889683,80.457289,3.08,3.49,2024-03-07,2024-05-29,2024-06-24,Approved,0,Community Forest Resource,False,None,None
FRA-01462,Chhattisgarh,Kanker,19.716625,81.823813,10.45,9.2,2024-10-30,2025-02-07,2025-04-03,Approved,0,Individual Forest Right,False,None,None
FRA-01463,Kerala,Kannur,11.056805,77.390647,14.27,14.52,2025-07-22,,,Under Verification,409,Individual Forest Right,True,Delayed Processing,High
FRA-01464,Chhattisgarh,Surguja,21.140639,80.359933,10.29,17.48,2025-03-27,2025-07-21,2025-08-09,Approved,0,Community Forest Resource,True,Land Record Mismatch,High
FRA-01465,Chhattisgarh,Surguja,21.967257,80.258031,5.78,5.6,2022-06-30,2022-09-06,2022-09-24,Approved,0,Community Forest Right,False,None,None
FRA-01466,Chhattisgarh,Bastar,19.082979,80.520529,9.48,8.67,2024-12-27,,,Pending,616,Community Forest Right,True,Delayed Processing,Medium
FRA-01467,Odisha,Koraput,18.564227,85.793469,14.31,12.81,2025-08-10,,,Rejected,0,Individual Forest Right,False,None,None
FRA-01468,Madhya Pradesh,Mandla,22.443312,78.53173,8.17,9.39,2025-11-26,,,Pending,282,Individual Forest Right,False,None,None
FRA-01469,Maharashtra,Nandurbar,21.031059,73.053812,5.73,13.7,2024-11-19,,,Pending,654,Community Forest Resource,True,Land Record Mismatch,High
FRA-01470,Jharkhand,West Singhbhum,22.145923,85.135593,11.71,11.73,2024-07-10,,,Pending,786,Individual Forest Right,False,None,None
FRA-01471,Chhattisgarh,Dantewada,21.530508,81.530625,14.76,16.5,2023-07-27,,,Pending,1135,Community Forest Resource,False,None,None
FRA-01472,Jharkhand,Simdega,23.991506,85.110645,10.83,11.2,2022-12-31,,,Pending,1343,Community Forest Resource,False,None,None
FRA-01473,Madhya Pradesh,Bhopal,24.031045,78.712429,5.32,4.74,2022-01-13,2022-02-02,,Under Verification,1695,Community Forest Right,False,None,None
FRA-01474,Odisha,Mayurbhanj,20.845325,86.952835,1.55,1.43,2025-08-07,2025-09-17,,Pending,393,Individual Forest Right,True,Delayed Processing,High
FRA-01475,Odisha,Keonjhar,20.422117,85.348041,9.68,9.46,2023-01-09,,,Pending,1334,Community Forest Right,False,None,None
FRA-01476,Maharashtra,Nashik,19.543303,77.959698,10.89,9.73,2025-11-14,2026-01-19,,Under Verification,294,Community Forest Resource,False,None,None
FRA-01477,Jharkhand,Simdega,23.607864,84.523966,0.59,0.21,2024-11-21,2025-01-12,,Under Verification,652,Individual Forest Right,True,Land Record Mismatch,High
FRA-01478,Kerala,Wayanad,11.711139,75.476059,1.41,1.28,2022-10-21,2023-04-14,,Under Verification,1414,Community Forest Right,False,None,None
FRA-01479,Maharashtra,Gadchiroli,18.235938,78.906372,13.34,13.42,2024-04-30,2024-05-30,2024-06-30,Approved,0,Community Forest Right,False,None,None
FRA-01480,Odisha,Koraput,20.630052,86.451208,6.36,6.75,2024-11-18,,,Under Verification,655,Community Forest Right,True,Delayed Processing,High
FRA-01481,Odisha,Keonjhar,20.748165,84.195336,2.47,2.21,2025-03-15,2025-06-16,,Under Verification,538,Individual Forest Right,False,None,None
FRA-01482,Maharashtra,Nashik,19.529651,78.261423,4.0,3.52,2022-04-19,,,Pending,1599,Community Forest Right,False,None,None
FRA-01483,Madhya Pradesh,Dindori,22.438872,78.828667,3.62,3.56,2023-03-21,2023-09-14,,Under Verification,1263,Individual Forest Right,False,None,None
FRA-01484,Madhya Pradesh,Mandla,22.454473,77.620767,14.35,7.46,2023-03-15,,,Rejected,0,Community Forest Resource,True,Land Record Mismatch,Medium
FRA-01485,Odisha,Mayurbhanj,20.712546,83.647428,13.5,12.79,2024-01-15,,,Rejected,0,Community Forest Resource,False,None,None
FRA-01486,Maharashtra,Nandurbar,19.280815,80.517569,4.37,3.87,2025-08-13,,,Pending,387,Community Forest Right,False,None,None
FRA-01487,Chhattisgarh,Kanker,22.041209,80.869528,14.16,14.46,2025-09-05,2023-11-23,,Pending,364,Community Forest Right,True,Delayed Processing,High
FRA-01488,Maharashtra,Nashik,18.010752,77.568346,6.88,6.18,2025-08-01,2024-02-04,2024-04-08,Pending,399,Community Forest Right,True,Delayed Processing,High
FRA-01489,Kerala,Idukki,9.914826,77.37809,14.21,14.29,2022-09-25,2023-01-16,2023-02-02,Approved,0,Community Forest Right,False,None,None
FRA-01490,Jharkhand,Ranchi,23.369949,84.606432,13.31,12.37,2025-03-16,,,Under Verification,537,Community Forest Resource,True,Delayed Processing,High
FRA-01491,Chhattisgarh,Surguja,21.33674,81.072093,3.93,6.99,2022-05-05,,,Rejected,0,Individual Forest Right,True,Land Record Mismatch,Medium
FRA-01492,Jharkhand,Ranchi,24.036682,86.99315,8.82,2.71,2022-05-17,2022-06-16,2022-07-17,Approved,0,Community Forest Resource,True,Land Record Mismatch,Medium
FRA-01493,Maharashtra,Chandrapur,20.656033,73.7398,3.38,5.35,2024-11-13,2025-02-09,2025-03-11,Approved,0,Individual Forest Right,True,Land Record Mismatch,High
FRA-01494,Maharashtra,Gadchiroli,18.580736,73.387332,2.69,2.41,2023-03-01,2023-06-29,2023-08-31,Approved,0,Community Forest Resource,False,None,None
FRA-01495,Chhattisgarh,Bastar,18.57583,82.314131,10.26,9.08,2024-02-23,2024-03-20,2024-04-17,Approved,0,Community Forest Resource,False,None,None
FRA-01496,Kerala,Wayanad,10.839473,76.807498,10.09,20.91,2024-06-15,2024-08-14,,Under Verification,811,Community Forest Right,True,Land Record Mismatch,Medium
FRA-01497,Odisha,Mayurbhanj,20.644594,85.971517,7.1,7.9,2023-09-10,,,Rejected,0,Community Forest Right,False,None,None
FRA-01498,Chhattisgarh,Bastar,18.450502,80.068128,8.6,8.33,2024-12-10,2025-02-01,2025-02-07,Approved,0,Community Forest Right,False,None,None
FRA-01499,Chhattisgarh,Kanker,20.981616,81.126731,0.75,0.82,2023-02-01,,,Rejected,0,Community Forest Right,False,None,None
FRA-01500,Kerala,Kannur,12.018938,75.165044,11.26,11.78,2023-03-16,,,Rejected,0,Community Forest Right,False,None,None
FRA-01501,Chhattisgarh,Dantewada,22.117468,82.329089,3.82,3.77,2022-10-18,2022-12-21,2023-02-09,Approved,0,Community Forest Resource,False,None,None
FRA-01502,Odisha,Sundargarh,19.727781,87.15809,3.57,3.06,2022-06-03,2022-07-22,,Under Verification,1554,Community Forest Right,False,None,None
FRA-01503,Madhya Pradesh,Dindori,22.307782,79.457005,7.45,7.58,2023-07-24,2023-10-18,2024-01-10,Approved,0,Community Forest Resource,False,None,None
FRA-01504,Kerala,Wayanad,10.793666,77.154911,0.82,0.75,2022-09-17,2023-02-09,,Under Verification,1448,Individual Forest Right,False,None,None
FRA-01505,Odisha,Keonjhar,19.544247,86.888248,12.5,13.19,2025-08-07,2025-11-14,2025-12-25,Approved,0,Individual Forest Right,False,None,None
FRA-01506,Madhya Pradesh,Bhopal,23.540343,80.631922,6.38,6.37,2025-08-03,,,Pending,397,Community Forest Right,False,None,None
FRA-01507,Maharashtra,Gadchiroli,19.483552,77.720983,11.79,11.25,2023-08-07,2023-09-08,2023-10-14,Approved,0,Individual Forest Right,False,None,None
FRA-01508,Chhattisgarh,Surguja,20.308729,80.008196,1.14,0.99,2022-08-31,,,Rejected,0,Individual Forest Right,False,None,None
FRA-01509,Chhattisgarh,Bastar,22.030484,82.210049,6.48,5.95,2024-07-09,2024-10-24,2024-11-09,Approved,0,Community Forest Right,False,None,None
FRA-01510,Maharashtra,Gadchiroli,20.177491,77.134815,12.28,27.07,2024-07-06,2024-09-29,2024-10-07,Approved,0,Individual Forest Right,True,Land Record Mismatch,Medium
FRA-01511,Chhattisgarh,Bastar,20.042934,80.304999,1.28,1.36,2023-11-12,2023-11-28,2024-01-08,Approved,0,Community Forest Resource,False,None,None
FRA-01512,Odisha,Sundargarh,19.700946,86.60462,3.04,3.23,2022-02-20,2022-04-26,2022-05-24,Approved,0,Community Forest Resource,False,None,None
FRA-01513,Kerala,Idukki,10.840459,76.758519,9.14,9.13,2023-02-23,2023-03-05,2023-04-21,Approved,0,Community Forest Resource,False,None,None
FRA-01514,Chhattisgarh,Dantewada,18.782922,82.429598,14.11,15.9,2026-01-02,2024-10-13,,Under Verification,245,Community Forest Resource,True,Delayed Processing,Medium
FRA-01515,Chhattisgarh,Kanker,21.497386,81.42501,82.86,90.2,2024-04-05,2024-04-27,2024-06-10,Approved,0,Individual Forest Right,True,Unusual Claim Area,Medium
FRA-01516,Jharkhand,West Singhbhum,23.666341,84.435132,4.16,3.56,2026-03-05,2025-10-13,2025-12-26,Under Verification,183,Community Forest Right,True,Delayed Processing,Medium
FRA-01517,Chhattisgarh,Bastar,19.58333,80.516362,4.21,4.35,2022-03-19,,,Rejected,0,Community Forest Resource,False,None,None
FRA-01518,Jharkhand,West Singhbhum,23.958315,85.852158,7.65,7.02,2022-05-14,2022-08-07,2022-10-07,Approved,0,Community Forest Right,False,None,None
FRA-01519,Jharkhand,Simdega,22.255139,87.178265,14.35,12.84,2024-09-20,2024-10-06,2024-12-12,Approved,0,Community Forest Right,False,None,None
FRA-01520,Chhattisgarh,Kanker,22.154582,82.286585,6.83,6.24,2025-11-11,2026-04-21,,Under Verification,297,Community Forest Resource,False,None,None
FRA-01521,Maharashtra,Gadchiroli,21.982682,76.568544,0.71,0.76,2023-06-25,2023-08-29,2023-11-26,Approved,0,Individual Forest Right,False,None,None
FRA-01522,Jharkhand,Ranchi,23.288928,86.869348,8.34,7.52,2022-07-02,2022-10-27,2022-11-21,Approved,0,Community Forest Resource,False,None,None
FRA-01523,Madhya Pradesh,Mandla,22.237695,80.723555,14.08,15.95,2022-06-21,2022-09-26,2022-12-18,Approved,0,Community Forest Resource,False,None,None
FRA-01524,Maharashtra,Nashik,21.60333,80.179575,1.71,1.68,2022-02-15,,,Rejected,0,Community Forest Resource,False,None,None
FRA-01525,Maharashtra,Chandrapur,21.711213,77.06574,12.32,13.62,2025-01-24,2025-04-10,,Under Verification,588,Individual Forest Right,False,None,None
FRA-01526,Chhattisgarh,Bastar,20.256457,82.640532,5.66,5.68,2023-04-23,,,Pending,1230,Community Forest Resource,False,None,None
FRA-01527,Odisha,Sundargarh,22.230028,85.425949,1.39,1.19,2025-01-11,2025-03-22,2025-05-06,Approved,0,Individual Forest Right,False,None,None
FRA-01528,Chhattisgarh,Kanker,19.90125,80.255384,9.14,4.59,2025-08-20,,,Pending,380,Community Forest Resource,True,Land Record Mismatch,High
FRA-01529,Kerala,Kannur,11.179067,76.261717,7.22,7.77,2025-03-30,2025-08-09,,Under Verification,523,Individual Forest Right,False,None,None
FRA-01530,Odisha,Koraput,20.855367,84.032018,2.21,2.48,2022-07-01,,,Rejected,0,Community Forest Right,False,None,None
FRA-01531,Jharkhand,Ranchi,23.235889,85.931468,4.1,4.08,2025-10-12,2026-03-12,,Under Verification,327,Community Forest Right,False,None,None
FRA-01532,Kerala,Kannur,10.562128,76.947577,7.17,7.81,2025-09-10,,,Pending,359,Community Forest Right,False,None,None
FRA-01533,Kerala,Wayanad,12.154302,77.315568,10.68,9.98,2025-06-02,2025-08-20,2025-09-25,Approved,0,Community Forest Resource,False,None,None
FRA-01534,Jharkhand,Ranchi,22.664112,85.790952,2.7,2.65,2022-11-10,,,Pending,1394,Individual Forest Right,False,None,None
FRA-01535,Chhattisgarh,Surguja,20.899987,80.729474,48.61,47.15,2025-01-24,2025-04-08,2025-06-25,Approved,0,Community Forest Resource,True,Unusual Claim Area,Medium
FRA-01536,Maharashtra,Nandurbar,20.456321,80.042674,2.49,2.31,2024-09-09,2024-12-24,2025-03-06,Approved,0,Community Forest Resource,False,None,None
FRA-01537,Madhya Pradesh,Dindori,22.055137,80.332082,1.79,1.56,2025-09-22,,,Under Verification,347,Individual Forest Right,True,Delayed Processing,Medium
FRA-01538,Kerala,Kannur,9.823881,75.533359,10.94,17.44,2023-12-01,2024-01-11,2024-01-21,Approved,0,Community Forest Resource,True,Land Record Mismatch,High
FRA-01539,Madhya Pradesh,Balaghat,22.90079,80.824593,11.38,11.36,2023-06-21,2023-07-13,2023-09-10,Approved,0,Individual Forest Right,False,None,None
FRA-01540,Chhattisgarh,Surguja,19.368,82.363094,6.54,7.22,2024-08-20,,,Rejected,0,Community Forest Resource,False,None,None
FRA-01541,Madhya Pradesh,Balaghat,23.750487,79.378189,90.64,89.6,2022-03-27,,,Pending,1622,Community Forest Resource,True,Unusual Claim Area,Medium
FRA-01542,Chhattisgarh,Bastar,19.357493,81.328553,6.5,7.18,2025-02-16,,,Under Verification,565,Community Forest Right,True,Delayed Processing,Medium
FRA-01543,Maharashtra,Nashik,20.465873,77.30723,12.17,11.25,2025-04-06,2025-07-04,2025-09-17,Approved,0,Community Forest Resource,False,None,None
FRA-01544,Jharkhand,Simdega,23.721723,87.033563,5.25,5.39,2023-10-05,,,Rejected,0,Individual Forest Right,False,None,None
FRA-01545,Maharashtra,Nandurbar,20.889526,78.436184,1.35,1.43,2024-09-05,2024-11-17,,Under Verification,729,Community Forest Right,False,None,None
FRA-01546,Kerala,Wayanad,10.553783,75.175959,1.64,1.73,2025-01-01,2022-08-01,2022-10-13,Pending,611,Community Forest Right,True,Delayed Processing,High
FRA-01547,Chhattisgarh,Dantewada,22.879321,81.942855,1.95,2.0,2023-11-03,2023-11-20,2024-01-12,Approved,0,Individual Forest Right,False,None,None
FRA-01548,Madhya Pradesh,Mandla,24.017484,78.194854,14.58,13.49,2022-04-07,2022-06-04,2022-07-27,Approved,0,Community Forest Right,False,None,None
FRA-01549,Kerala,Kannur,10.79402,76.026151,5.24,5.14,2022-11-28,2023-03-19,2023-05-02,Approved,0,Community Forest Right,False,None,None
FRA-01550,Jharkhand,West Singhbhum,22.849792,87.123623,84.69,92.45,2023-09-24,,,Rejected,0,Individual Forest Right,True,Unusual Claim Area,Medium
FRA-01551,Jharkhand,Gumla,22.606292,86.737807,4.24,7.79,2024-02-20,,,Rejected,0,Individual Forest Right,True,Land Record Mismatch,Medium
FRA-01552,Madhya Pradesh,Dindori,23.58156,79.414602,5.53,6.24,2022-01-19,,,Pending,1689,Individual Forest Right,False,None,None
FRA-01553,Chhattisgarh,Bastar,18.87454,80.882337,14.47,15.76,2024-05-26,2024-10-05,,Under Verification,831,Community Forest Right,False,None,None
FRA-01554,Odisha,Sundargarh,19.037346,84.422024,1.48,1.27,2022-06-11,2022-09-19,2022-10-06,Approved,0,Community Forest Resource,False,None,None
FRA-01555,Odisha,Sundargarh,22.473494,83.027537,13.61,13.76,2022-08-10,,,Pending,1486,Community Forest Right,False,None,None
FRA-01556,Jharkhand,West Singhbhum,24.479092,84.447483,13.18,11.89,2025-05-04,2025-08-13,,Under Verification,488,Individual Forest Right,False,None,None
FRA-01557,Odisha,Sundargarh,19.03964,86.232252,11.99,13.26,2025-07-31,,,Rejected,0,Community Forest Resource,False,None,None
FRA-01558,Madhya Pradesh,Balaghat,22.133678,79.115048,3.82,4.12,2024-09-07,2024-11-11,2024-12-30,Approved,0,Community Forest Resource,False,None,None
FRA-01559,Jharkhand,Ranchi,23.153011,85.22624,12.38,11.15,2023-06-27,2023-08-20,,Under Verification,1165,Individual Forest Right,False,None,None
FRA-01560,Kerala,Palakkad,11.010388,77.196625,5.75,6.19,2023-07-04,2023-10-08,2023-12-06,Approved,0,Community Forest Resource,False,None,None
FRA-01561,Odisha,Keonjhar,21.108828,84.523426,2.61,5.32,2022-06-07,2022-07-11,2022-08-04,Approved,0,Community Forest Resource,True,Land Record Mismatch,High
FRA-01562,Maharashtra,Gadchiroli,19.803,80.209363,6.27,5.72,2025-09-22,2025-12-23,2026-01-18,Approved,0,Individual Forest Right,False,None,None
FRA-01563,Chhattisgarh,Dantewada,21.425415,82.458943,13.52,12.93,2022-01-26,,,Pending,1682,Individual Forest Right,False,None,None
FRA-01564,Maharashtra,Nashik,21.849265,79.613613,4.2,4.47,2023-02-03,2023-05-01,2023-06-04,Approved,0,Community Forest Resource,False,None,None
FRA-01565,Maharashtra,Nandurbar,19.067061,80.150354,5.3,4.87,2023-09-18,2024-01-15,2024-04-10,Approved,0,Community Forest Resource,False,None,None
FRA-01566,Madhya Pradesh,Dindori,23.101354,79.020626,7.96,6.93,2024-05-20,2024-06-21,2024-07-31,Approved,0,Community Forest Resource,False,None,None
FRA-01567,Odisha,Keonjhar,19.54755,83.240692,8.21,9.0,2024-01-11,,,Pending,967,Community Forest Resource,False,None,None
FRA-01568,Chhattisgarh,Dantewada,21.522884,81.657413,0.73,0.77,2025-10-03,2026-01-03,2026-03-25,Approved,0,Community Forest Resource,False,None,None
FRA-01569,Jharkhand,Simdega,24.185334,86.573694,12.16,12.41,2024-05-21,2024-10-13,,Under Verification,836,Individual Forest Right,False,None,None
FRA-01570,Kerala,Wayanad,10.418225,77.46321,7.48,7.94,2024-09-08,2025-01-03,2025-03-06,Approved,0,Community Forest Right,False,None,None
FRA-01571,Jharkhand,Gumla,22.091073,84.313396,11.07,11.4,2024-02-20,,,Rejected,0,Individual Forest Right,False,None,None
FRA-01572,Chhattisgarh,Kanker,20.961964,80.488202,3.91,3.99,2022-07-31,2022-08-24,2022-11-19,Approved,0,Community Forest Right,False,None,None
FRA-01573,Madhya Pradesh,Dindori,24.299877,77.628465,13.28,12.12,2022-12-20,,,Pending,1354,Individual Forest Right,False,None,None
FRA-01574,Kerala,Palakkad,10.00335,75.302816,12.34,10.54,2023-04-17,2023-04-27,2023-05-04,Approved,0,Community Forest Resource,False,None,None
FRA-01575,Jharkhand,West Singhbhum,23.084926,84.40115,13.7,7.05,2025-07-17,,,Pending,414,Community Forest Right,True,Land Record Mismatch,High
FRA-01576,Chhattisgarh,Surguja,19.918579,80.278821,1.39,1.48,2025-02-06,2025-03-28,2025-06-24,Approved,0,Individual Forest Right,False,None,None
FRA-01577,Maharashtra,Gadchiroli,21.144675,75.210909,11.85,12.8,2025-02-01,,,Pending,580,Community Forest Right,False,None,None
FRA-01578,Jharkhand,Simdega,24.080144,86.765369,1.01,0.92,2025-02-23,,,Pending,558,Community Forest Right,True,Delayed Processing,Medium
FRA-01579,Odisha,Sundargarh,20.250139,83.335398,0.78,0.82,2024-06-11,2024-09-14,2024-11-07,Approved,0,Individual Forest Right,False,None,None
FRA-01580,Madhya Pradesh,Bhopal,24.262468,78.57195,86.54,87.62,2025-12-22,2026-04-18,2026-05-21,Approved,0,Individual Forest Right,True,Unusual Claim Area,Medium
FRA-01581,Jharkhand,Simdega,23.931065,85.643018,8.08,6.9,2025-02-24,,,Rejected,0,Community Forest Resource,False,None,None
FRA-01582,Chhattisgarh,Surguja,20.769805,81.133762,11.02,11.23,2025-11-07,2024-07-05,2024-09-06,Under Verification,301,Community Forest Right,True,Delayed Processing,Medium
FRA-01583,Maharashtra,Nashik,21.126357,73.581183,0.94,1.03,2024-05-28,2024-08-04,2024-08-18,Approved,0,Community Forest Right,False,None,None
FRA-01584,Madhya Pradesh,Balaghat,22.31626,80.773072,56.61,53.26,2024-01-05,,,Pending,973,Individual Forest Right,True,Unusual Claim Area,Medium
FRA-01585,Maharashtra,Gadchiroli,21.04421,80.843191,8.79,9.94,2022-05-30,,,Rejected,0,Community Forest Resource,False,None,None
FRA-01586,Odisha,Koraput,20.342283,85.056132,10.74,11.29,2022-10-10,,,Pending,1425,Individual Forest Right,False,None,None
FRA-01587,Madhya Pradesh,Bhopal,23.354527,80.188939,9.85,8.8,2022-07-08,,,Pending,1519,Individual Forest Right,False,None,None
FRA-01588,Jharkhand,Simdega,22.442565,84.493196,14.17,13.47,2025-04-18,2025-05-04,2025-06-11,Approved,0,Community Forest Right,False,None,None
FRA-01589,Odisha,Mayurbhanj,18.920943,85.490984,10.37,9.97,2022-04-03,2022-07-21,2022-09-28,Approved,0,Community Forest Resource,False,None,None
FRA-01590,Chhattisgarh,Kanker,22.22282,81.101507,12.54,13.33,2022-02-06,2022-02-28,,Under Verification,1671,Community Forest Right,False,None,None
FRA-01591,Chhattisgarh,Surguja,20.050044,82.851917,94.37,97.51,2022-10-06,2023-02-03,2023-04-09,Approved,0,Community Forest Resource,True,Unusual Claim Area,Medium
FRA-01592,Odisha,Koraput,18.733643,85.184637,9.95,11.18,2024-11-24,2025-03-02,2025-04-09,Approved,0,Individual Forest Right,False,None,None
FRA-01593,Madhya Pradesh,Balaghat,24.484214,77.289952,14.15,14.33,2025-11-10,2024-02-22,2024-03-05,Pending,298,Community Forest Resource,True,Delayed Processing,Medium
FRA-01594,Odisha,Koraput,20.941674,86.797282,13.35,11.78,2025-09-07,2025-10-10,2025-12-08,Approved,0,Individual Forest Right,False,None,None
FRA-01595,Kerala,Idukki,10.182238,77.042351,12.01,10.4,2025-03-12,2025-03-27,2025-04-05,Approved,0,Community Forest Right,False,None,None
FRA-01596,Maharashtra,Chandrapur,20.721942,73.036828,7.52,8.44,2025-07-19,2025-11-13,2026-01-30,Under Verification,412,Community Forest Resource,True,Delayed Processing,High
FRA-01597,Chhattisgarh,Dantewada,20.066022,81.665999,58.94,63.05,2023-12-07,2024-01-18,2024-02-27,Approved,0,Community Forest Resource,True,Unusual Claim Area,Medium
FRA-01598,Kerala,Palakkad,12.432213,75.505461,5.01,5.07,2023-03-13,2023-04-10,,Under Verification,1271,Community Forest Right,False,None,None
FRA-01599,Madhya Pradesh,Balaghat,22.879488,79.245921,60.65,61.09,2023-01-11,2023-02-27,2023-03-31,Approved,0,Individual Forest Right,True,Unusual Claim Area,High
FRA-01600,Odisha,Mayurbhanj,20.182707,83.27214,13.0,14.87,2024-06-10,2024-08-13,2024-10-14,Approved,0,Community Forest Resource,False,None,None
FRA-01601,Chhattisgarh,Surguja,22.454979,82.792847,7.8,3.29,2022-12-29,2023-02-06,2023-03-31,Approved,0,Community Forest Right,True,Land Record Mismatch,High
FRA-01602,Odisha,Koraput,20.282064,84.999501,4.51,3.9,2024-01-08,2024-02-29,2024-04-19,Approved,0,Community Forest Right,False,None,None
FRA-01603,Chhattisgarh,Kanker,20.822855,82.18756,0.64,0.55,2023-11-14,2024-02-15,,Under Verification,1025,Community Forest Right,False,None,None
FRA-01604,Kerala,Idukki,11.69186,76.665206,9.2,10.27,2022-07-24,2022-08-28,,Under Verification,1503,Community Forest Resource,False,None,None
FRA-01605,Jharkhand,Ranchi,23.502568,86.403373,2.56,2.79,2025-12-13,2026-04-01,,Under Verification,265,Community Forest Resource,False,None,None
FRA-01606,Chhattisgarh,Kanker,21.16923,81.218369,9.5,4.8,2023-10-08,,,Rejected,0,Community Forest Resource,True,Land Record Mismatch,Medium
FRA-01607,Chhattisgarh,Kanker,20.188687,80.941241,12.01,12.25,2025-04-15,2022-08-30,2022-10-27,Pending,507,Individual Forest Right,True,Delayed Processing,Medium
FRA-01608,Odisha,Mayurbhanj,21.951295,87.187256,13.64,13.01,2025-09-02,,,Pending,367,Community Forest Right,False,None,None
FRA-01609,Kerala,Idukki,9.595972,75.706299,14.36,14.33,2025-03-11,,,Pending,542,Community Forest Resource,True,Delayed Processing,High
FRA-01610,Kerala,Idukki,11.43174,77.283638,97.89,105.9,2022-04-09,2022-06-08,2022-07-19,Approved,0,Individual Forest Right,True,Unusual Claim Area,Medium
FRA-01611,Chhattisgarh,Bastar,18.015021,81.044629,14.1,15.7,2024-05-27,2024-08-23,2024-10-03,Approved,0,Community Forest Resource,False,None,None
FRA-01612,Odisha,Koraput,22.321647,87.457185,5.38,5.57,2022-12-23,2023-04-03,,Under Verification,1351,Individual Forest Right,False,None,None
FRA-01613,Odisha,Keonjhar,19.086032,84.626057,1.52,1.32,2024-09-24,,,Pending,710,Community Forest Resource,False,None,None
FRA-01614,Madhya Pradesh,Dindori,23.427982,80.771618,13.68,13.87,2022-05-31,,,Pending,1557,Community Forest Right,False,None,None
FRA-01615,Odisha,Koraput,21.613176,87.029474,14.94,14.94,2025-11-23,,,Pending,285,Individual Forest Right,False,None,None
FRA-01616,Kerala,Palakkad,11.210828,75.72244,8.93,10.17,2024-02-07,2024-02-22,,Under Verification,940,Community Forest Right,False,None,None
FRA-01617,Jharkhand,West Singhbhum,23.896907,86.96279,5.35,4.56,2025-08-03,,,Under Verification,397,Community Forest Right,True,Delayed Processing,Medium
FRA-01618,Odisha,Keonjhar,19.020032,84.760233,4.65,4.59,2023-06-06,2023-06-23,2023-09-16,Approved,0,Community Forest Resource,False,None,None
FRA-01619,Kerala,Palakkad,10.156505,75.553306,5.3,4.66,2022-02-01,,,Rejected,0,Individual Forest Right,False,None,None
FRA-01620,Kerala,Kannur,12.016791,75.115987,4.04,4.21,2025-01-12,,,Pending,600,Community Forest Right,False,None,None
FRA-01621,Chhattisgarh,Bastar,18.757334,82.708559,1.78,1.72,2023-03-27,,,Rejected,0,Individual Forest Right,False,None,None
FRA-01622,Odisha,Keonjhar,22.330751,87.155883,52.63,53.67,2025-02-26,,,Pending,555,Individual Forest Right,True,Unusual Claim Area,High
FRA-01623,Madhya Pradesh,Balaghat,23.483548,79.374387,6.64,5.98,2022-04-06,2022-08-01,2022-09-05,Approved,0,Individual Forest Right,False,None,None
FRA-01624,Madhya Pradesh,Balaghat,23.143933,78.414892,3.2,2.97,2024-08-06,2025-01-15,,Under Verification,759,Community Forest Right,False,None,None
FRA-01625,Madhya Pradesh,Bhopal,24.002883,80.367415,3.77,4.05,2022-01-13,2022-03-19,2022-04-14,Approved,0,Community Forest Resource,False,None,None
FRA-01626,Kerala,Palakkad,9.702575,77.267261,8.1,7.19,2025-03-19,2025-03-30,,Under Verification,534,Community Forest Resource,False,None,None
FRA-01627,Madhya Pradesh,Dindori,22.26604,77.448258,6.83,6.9,2023-11-12,,,Pending,1027,Community Forest Resource,False,None,None
FRA-01628,Odisha,Sundargarh,21.26107,85.117003,10.71,9.41,2025-02-12,,,Pending,569,Community Forest Right,False,None,None
FRA-01629,Chhattisgarh,Dantewada,20.67489,82.424888,9.26,21.33,2025-01-26,2025-07-10,,Under Verification,586,Community Forest Right,True,Land Record Mismatch,High
FRA-01630,Odisha,Koraput,21.129426,87.47943,2.5,2.67,2024-09-03,2024-09-19,2024-10-16,Approved,0,Community Forest Resource,False,None,None
FRA-01631,Odisha,Mayurbhanj,21.001088,86.774072,3.82,4.01,2022-11-15,2022-12-06,2023-01-15,Approved,0,Community Forest Right,False,None,None
FRA-01632,Kerala,Palakkad,11.693427,77.311387,12.97,13.93,2022-05-16,2022-07-11,2022-09-27,Approved,0,Individual Forest Right,False,None,None
FRA-01633,Kerala,Wayanad,11.519379,76.839298,11.15,18.19,2025-07-22,2025-08-07,2025-09-16,Approved,0,Community Forest Right,True,Land Record Mismatch,Medium
FRA-01634,Odisha,Mayurbhanj,21.28181,83.464559,5.91,5.37,2022-09-25,,,Pending,1440,Individual Forest Right,False,None,None
FRA-01635,Jharkhand,Simdega,22.989682,84.0101,14.77,12.81,2025-05-03,2025-08-27,2025-10-27,Approved,0,Community Forest Right,False,None,None
FRA-01636,Jharkhand,Ranchi,23.527763,84.784857,11.63,12.27,2025-08-27,2025-11-21,2025-12-07,Approved,0,Community Forest Resource,False,None,None
FRA-01637,Kerala,Wayanad,10.909029,75.9453,38.35,41.63,2022-11-22,,,Pending,1382,Community Forest Right,True,Unusual Claim Area,Medium
FRA-01638,Chhattisgarh,Surguja,18.334404,81.161298,2.85,2.91,2023-02-20,2023-06-17,,Under Verification,1292,Community Forest Resource,False,None,None
FRA-01639,Madhya Pradesh,Mandla,23.014657,80.539192,14.55,14.19,2025-07-12,,,Under Verification,419,Community Forest Resource,True,Delayed Processing,Medium
FRA-01640,Jharkhand,Gumla,22.210282,85.792507,6.21,5.95,2026-01-30,,,Under Verification,217,Community Forest Right,True,Delayed Processing,High
FRA-01641,Jharkhand,West Singhbhum,24.449241,86.397002,9.27,8.4,2023-04-06,,,Pending,1247,Community Forest Right,False,None,None
FRA-01642,Kerala,Kannur,10.001824,75.474432,12.77,12.33,2024-06-07,2024-07-17,,Under Verification,819,Individual Forest Right,False,None,None
FRA-01643,Odisha,Mayurbhanj,21.643322,85.994591,13.83,14.82,2025-09-02,,,Pending,367,Community Forest Resource,False,None,None
FRA-01644,Chhattisgarh,Bastar,21.395889,82.550451,9.73,5.08,2024-12-29,,,Rejected,0,Community Forest Resource,True,Land Record Mismatch,Medium
FRA-01645,Chhattisgarh,Surguja,22.537199,82.133647,10.04,10.25,2024-02-18,2024-03-24,2024-06-08,Approved,0,Individual Forest Right,False,None,None
FRA-01646,Chhattisgarh,Surguja,22.736174,82.922325,3.21,3.08,2022-04-28,2022-06-07,2022-07-10,Approved,0,Individual Forest Right,False,None,None
FRA-01647,Madhya Pradesh,Balaghat,22.193871,79.825623,5.8,6.09,2024-10-19,2024-12-15,2025-01-23,Approved,0,Community Forest Right,False,None,None
FRA-01648,Kerala,Kannur,12.248413,76.409289,4.39,4.17,2024-07-17,2024-10-26,2024-12-04,Approved,0,Community Forest Resource,False,None,None
FRA-01649,Odisha,Mayurbhanj,19.94197,84.079681,5.88,5.83,2024-12-22,2023-10-20,2024-01-09,Pending,621,Individual Forest Right,True,Delayed Processing,High
FRA-01650,Odisha,Mayurbhanj,18.816315,84.544659,5.86,2.65,2022-01-17,,,Pending,1691,Community Forest Right,True,Land Record Mismatch,High
FRA-01651,Maharashtra,Nandurbar,19.292386,80.519611,8.85,8.58,2024-07-03,2024-10-30,2024-12-04,Approved,0,Community Forest Right,False,None,None
FRA-01652,Chhattisgarh,Kanker,19.839714,82.152213,14.82,13.78,2024-02-28,2024-06-21,2024-08-01,Approved,0,Community Forest Resource,False,None,None
FRA-01653,Odisha,Mayurbhanj,19.491249,87.037673,14.14,22.0,2023-09-09,,,Rejected,0,Individual Forest Right,True,Land Record Mismatch,Medium
FRA-01654,Kerala,Kannur,10.178016,77.402626,10.37,8.87,2024-12-29,,,Pending,614,Community Forest Right,False,None,None
FRA-01655,Maharashtra,Chandrapur,21.67901,74.13671,2.24,2.15,2025-01-29,2025-04-20,2025-05-30,Approved,0,Individual Forest Right,False,None,None
FRA-01656,Odisha,Keonjhar,21.456498,83.792982,13.39,4.21,2024-08-01,2024-11-27,2025-02-23,Approved,0,Community Forest Resource,True,Land Record Mismatch,High
FRA-01657,Kerala,Wayanad,11.574503,76.027305,5.45,5.85,2022-10-30,2023-01-04,2023-03-09,Approved,0,Community Forest Resource,False,None,None
FRA-01658,Jharkhand,West Singhbhum,23.704921,85.423582,3.33,2.83,2024-12-14,2024-01-16,,Pending,629,Community Forest Resource,True,Delayed Processing,High
FRA-01659,Madhya Pradesh,Bhopal,24.318929,78.469951,9.91,5.14,2022-04-04,2022-05-03,2022-07-08,Approved,0,Community Forest Right,True,Land Record Mismatch,Medium
FRA-01660,Jharkhand,Gumla,22.299788,84.092644,4.87,5.55,2025-12-10,,,Under Verification,268,Community Forest Right,True,Delayed Processing,Medium
FRA-01661,Chhattisgarh,Bastar,18.992297,80.594347,9.53,9.1,2022-11-12,,,Pending,1392,Community Forest Resource,False,None,None
FRA-01662,Madhya Pradesh,Balaghat,23.439034,79.52467,87.91,97.4,2022-09-19,,,Rejected,0,Community Forest Resource,True,Unusual Claim Area,High
FRA-01663,Chhattisgarh,Kanker,18.741793,80.452329,10.55,11.55,2023-04-10,,,Pending,1243,Community Forest Resource,False,None,None
FRA-01664,Maharashtra,Nandurbar,18.005697,75.908725,7.37,7.8,2023-03-31,,,Rejected,0,Individual Forest Right,False,None,None
FRA-01665,Jharkhand,West Singhbhum,22.217769,85.225028,1.0,0.97,2022-04-11,,,Pending,1607,Community Forest Resource,False,None,None
FRA-01666,Chhattisgarh,Dantewada,21.035671,82.363737,2.25,2.25,2022-11-21,,,Rejected,0,Individual Forest Right,False,None,None
FRA-01667,Madhya Pradesh,Bhopal,23.22848,77.623884,1.95,2.03,2025-02-07,2025-04-29,2025-07-14,Approved,0,Individual Forest Right,False,None,None
FRA-01668,Kerala,Wayanad,12.390972,76.232488,12.01,12.48,2025-12-19,,,Rejected,0,Community Forest Right,False,None,None
FRA-01669,Jharkhand,West Singhbhum,22.50076,85.549157,4.31,3.85,2023-03-20,2023-05-08,,Under Verification,1264,Individual Forest Right,False,None,None
FRA-01670,Kerala,Wayanad,11.404221,76.885953,4.73,5.44,2023-12-10,,,Pending,999,Community Forest Resource,False,None,None
FRA-01671,Maharashtra,Nandurbar,20.86942,78.320032,10.44,11.57,2023-01-01,,,Rejected,0,Individual Forest Right,False,None,None
FRA-01672,Jharkhand,Gumla,24.052632,86.162764,14.9,13.61,2025-12-30,2025-11-03,2025-12-09,Pending,248,Community Forest Resource,True,Delayed Processing,High
FRA-01673,Madhya Pradesh,Bhopal,22.67889,79.734697,7.63,6.72,2023-04-29,2023-08-02,2023-09-16,Approved,0,Community Forest Resource,False,None,None
FRA-01674,Odisha,Koraput,21.112805,84.457815,0.7,0.73,2023-03-27,,,Rejected,0,Community Forest Resource,False,None,None
FRA-01675,Madhya Pradesh,Mandla,23.659925,77.916954,12.51,12.41,2025-04-16,2024-03-09,2024-04-18,Under Verification,506,Community Forest Right,True,Delayed Processing,Medium
FRA-01676,Maharashtra,Gadchiroli,21.197129,80.494268,10.07,9.67,2024-05-26,2024-08-12,,Under Verification,831,Community Forest Resource,False,None,None
FRA-01677,Kerala,Idukki,10.489845,75.679048,8.76,9.21,2025-03-26,,,Rejected,0,Individual Forest Right,False,None,None
FRA-01678,Maharashtra,Chandrapur,19.803437,76.973209,12.17,10.56,2022-01-02,,,Rejected,0,Individual Forest Right,False,None,None
FRA-01679,Jharkhand,Gumla,23.666659,84.248922,13.07,13.05,2022-10-06,,,Rejected,0,Community Forest Right,False,None,None
FRA-01680,Madhya Pradesh,Balaghat,23.428934,80.007591,6.73,7.63,2024-04-06,,,Pending,881,Community Forest Right,False,None,None
FRA-01681,Jharkhand,Ranchi,23.415987,85.831269,3.63,3.27,2024-10-01,2024-12-09,,Under Verification,703,Community Forest Resource,False,None,None
FRA-01682,Chhattisgarh,Kanker,20.189246,81.16821,75.41,73.61,2023-11-26,,,Pending,1013,Individual Forest Right,True,Unusual Claim Area,High
FRA-01683,Kerala,Palakkad,12.322114,76.712344,13.55,14.36,2023-09-25,2023-12-21,2024-01-06,Approved,0,Community Forest Right,False,None,None
FRA-01684,Odisha,Keonjhar,19.253504,87.292158,10.25,11.13,2025-07-28,2025-09-05,2025-09-25,Approved,0,Individual Forest Right,False,None,None
FRA-01685,Madhya Pradesh,Bhopal,22.879932,77.094076,5.56,6.07,2023-07-12,2023-12-13,,Under Verification,1150,Community Forest Right,False,None,None
FRA-01686,Jharkhand,Ranchi,23.777416,84.004167,6.6,6.72,2025-05-08,2024-06-08,2024-09-06,Under Verification,484,Community Forest Resource,True,Delayed Processing,High
FRA-01687,Jharkhand,West Singhbhum,24.308393,87.096847,1.79,1.96,2024-02-29,2024-06-27,,Under Verification,918,Individual Forest Right,False,None,None
FRA-01688,Odisha,Keonjhar,18.632105,84.830177,73.15,83.31,2024-08-21,2024-11-14,2025-01-07,Approved,0,Community Forest Right,True,Unusual Claim Area,High
FRA-01689,Madhya Pradesh,Bhopal,24.20683,79.261731,5.69,5.81,2024-02-18,2024-03-25,2024-04-05,Approved,0,Community Forest Resource,False,None,None
FRA-01690,Jharkhand,Ranchi,22.448116,85.224176,2.84,2.55,2024-04-26,,,Pending,861,Individual Forest Right,False,None,None
FRA-01691,Madhya Pradesh,Mandla,23.535204,80.664661,9.5,9.67,2025-03-13,,,Rejected,0,Community Forest Right,False,None,None
FRA-01692,Odisha,Sundargarh,21.129836,84.116062,14.6,15.71,2023-08-22,,,Rejected,0,Community Forest Right,False,None,None
FRA-01693,Madhya Pradesh,Mandla,23.529967,78.582088,13.96,14.33,2025-05-29,2025-09-06,2025-10-14,Approved,0,Community Forest Right,False,None,None
FRA-01694,Odisha,Mayurbhanj,20.79968,84.213376,6.44,5.51,2025-10-16,,,Rejected,0,Individual Forest Right,False,None,None
FRA-01695,Chhattisgarh,Kanker,18.238721,80.984564,6.59,6.8,2024-09-03,,,Rejected,0,Community Forest Resource,False,None,None
FRA-01696,Kerala,Idukki,9.799277,75.394233,14.53,16.7,2025-03-15,2025-04-01,2025-04-28,Approved,0,Community Forest Right,False,None,None
FRA-01697,Madhya Pradesh,Dindori,22.817059,80.596951,8.02,7.28,2025-07-14,,,Rejected,0,Community Forest Right,False,None,None
FRA-01698,Jharkhand,Gumla,24.147859,84.439813,4.04,3.49,2025-10-08,,,Pending,331,Community Forest Resource,True,Delayed Processing,High
FRA-01699,Maharashtra,Nandurbar,20.266294,79.583684,2.55,2.73,2023-12-30,2024-04-17,2024-05-06,Approved,0,Community Forest Right,False,None,None
FRA-01700,Odisha,Sundargarh,21.957277,85.379443,97.96,85.58,2025-04-07,2025-07-12,2025-09-15,Approved,0,Community Forest Resource,True,Unusual Claim Area,High
FRA-01701,Maharashtra,Nandurbar,21.777527,75.088732,5.73,5.38,2023-06-16,,,Pending,1176,Individual Forest Right,False,None,None
FRA-01702,Madhya Pradesh,Bhopal,22.557056,79.168159,5.88,6.56,2026-02-02,2023-10-28,,Pending,214,Individual Forest Right,True,Delayed Processing,Medium
FRA-01703,Chhattisgarh,Surguja,20.287596,80.549335,6.4,6.7,2022-02-08,2022-05-13,2022-07-14,Approved,0,Community Forest Right,False,None,None
FRA-01704,Maharashtra,Nashik,21.125724,77.322178,0.91,0.92,2025-08-26,2025-12-04,2025-12-27,Approved,0,Community Forest Right,False,None,None
FRA-01705,Jharkhand,Ranchi,22.382477,86.816512,1.8,1.89,2024-09-24,2024-11-09,2024-11-22,Approved,0,Individual Forest Right,False,None,None
FRA-01706,Madhya Pradesh,Mandla,22.519598,78.274148,2.75,2.78,2024-01-21,2024-03-12,,Under Verification,957,Community Forest Resource,False,None,None
FRA-01707,Maharashtra,Chandrapur,19.688497,75.706724,30.65,26.2,2022-11-23,2022-12-20,2023-03-01,Approved,0,Community Forest Right,True,Unusual Claim Area,Medium
FRA-01708,Jharkhand,Ranchi,22.538816,87.072352,3.83,3.51,2023-06-04,2023-08-09,2023-08-22,Approved,0,Individual Forest Right,False,None,None
FRA-01709,Kerala,Kannur,11.84994,75.913,12.33,12.1,2024-05-24,2024-08-03,2024-10-25,Approved,0,Community Forest Right,False,None,None
FRA-01710,Chhattisgarh,Bastar,18.867804,81.925265,3.55,3.1,2022-12-21,2023-05-28,,Under Verification,1353,Community Forest Right,False,None,None
FRA-01711,Jharkhand,Gumla,22.58747,84.758747,10.89,12.36,2022-09-27,2022-12-15,2023-01-26,Approved,0,Community Forest Resource,False,None,None
FRA-01712,Kerala,Wayanad,9.772601,76.794248,14.39,15.09,2022-09-29,2022-11-25,2022-12-07,Approved,0,Community Forest Resource,False,None,None
FRA-01713,Jharkhand,Simdega,23.651385,85.912626,11.08,12.6,2024-09-02,,,Pending,732,Community Forest Right,False,None,None
FRA-01714,Odisha,Sundargarh,18.923483,86.539969,9.21,10.21,2023-06-25,2023-08-20,2023-11-14,Approved,0,Community Forest Resource,False,None,None
FRA-01715,Jharkhand,Gumla,23.971549,85.642063,2.65,2.65,2022-05-12,2022-07-01,2022-09-20,Approved,0,Community Forest Resource,False,None,None
FRA-01716,Kerala,Idukki,10.655832,76.895624,4.59,4.25,2024-11-04,,,Rejected,0,Individual Forest Right,False,None,None
FRA-01717,Jharkhand,Gumla,23.568003,85.579793,67.16,76.55,2023-01-17,2023-02-06,2023-02-22,Approved,0,Individual Forest Right,True,Unusual Claim Area,Medium
FRA-01718,Chhattisgarh,Surguja,22.912601,81.658397,12.21,18.92,2022-04-13,,,Pending,1605,Community Forest Right,True,Land Record Mismatch,Medium
FRA-01719,Kerala,Wayanad,11.893813,77.331331,9.17,8.76,2025-04-18,2025-10-03,,Under Verification,504,Community Forest Right,False,None,None
FRA-01720,Chhattisgarh,Surguja,21.676093,82.6922,2.09,1.84,2022-12-26,2023-03-09,2023-05-02,Approved,0,Individual Forest Right,False,None,None
FRA-01721,Chhattisgarh,Dantewada,18.90894,80.064392,12.93,11.57,2022-08-20,2022-10-17,2022-12-02,Approved,0,Community Forest Right,False,None,None
FRA-01722,Maharashtra,Nashik,21.39999,74.538861,3.33,3.57,2025-11-18,,,Pending,290,Community Forest Right,False,None,None
FRA-01723,Odisha,Keonjhar,20.271274,87.071796,0.77,0.77,2024-11-28,,,Pending,645,Community Forest Right,False,None,None
FRA-01724,Madhya Pradesh,Mandla,23.161562,80.217758,0.65,0.63,2025-10-31,2026-01-13,2026-03-03,Approved,0,Community Forest Right,False,None,None
FRA-01725,Chhattisgarh,Dantewada,20.484176,81.871742,13.6,13.18,2025-07-23,,,Pending,408,Community Forest Resource,False,None,None
FRA-01726,Kerala,Idukki,10.742345,75.670019,7.06,7.06,2023-10-16,,,Rejected,0,Community Forest Right,False,None,None
FRA-01727,Maharashtra,Nandurbar,18.070147,73.644427,6.29,6.37,2022-10-18,,,Rejected,0,Community Forest Resource,False,None,None
FRA-01728,Odisha,Mayurbhanj,19.103638,84.286269,1.53,1.72,2024-04-20,2024-05-19,2024-08-07,Approved,0,Community Forest Resource,False,None,None
FRA-01729,Kerala,Kannur,10.197774,75.610909,10.19,11.14,2025-08-15,2025-12-08,2026-03-02,Approved,0,Community Forest Resource,False,None,None
FRA-01730,Chhattisgarh,Bastar,20.157322,80.227993,10.12,10.49,2022-02-25,,,Pending,1652,Individual Forest Right,False,None,None
FRA-01731,Chhattisgarh,Kanker,21.619257,80.669106,8.31,9.19,2022-03-31,2022-06-17,2022-07-20,Approved,0,Individual Forest Right,False,None,None
FRA-01732,Madhya Pradesh,Bhopal,22.441951,77.60736,14.27,12.87,2022-06-06,2022-07-23,2022-10-01,Approved,0,Individual Forest Right,False,None,None
FRA-01733,Kerala,Idukki,11.114979,77.174326,8.38,8.47,2025-06-13,2024-04-13,2024-05-01,Under Verification,448,Community Forest Resource,True,Delayed Processing,Medium
FRA-01734,Maharashtra,Gadchiroli,19.557854,80.910575,11.38,12.53,2025-10-11,2026-01-30,2026-03-25,Approved,0,Community Forest Resource,False,None,None
FRA-01735,Jharkhand,West Singhbhum,23.595702,85.681545,12.56,12.64,2024-03-05,,,Pending,913,Community Forest Right,False,None,None
FRA-01736,Kerala,Idukki,11.825212,75.29688,6.81,6.05,2023-08-30,,,Pending,1101,Individual Forest Right,False,None,None
FRA-01737,Kerala,Kannur,11.92599,75.447614,3.3,2.82,2025-11-14,2025-12-30,2026-01-24,Approved,0,Community Forest Resource,False,None,None
FRA-01738,Chhattisgarh,Bastar,19.407023,81.456793,7.91,8.81,2025-12-04,2026-01-06,,Under Verification,274,Community Forest Resource,False,None,None
FRA-01739,Jharkhand,Gumla,24.063456,85.421879,9.34,10.68,2023-07-23,,,Pending,1139,Community Forest Resource,False,None,None
FRA-01740,Chhattisgarh,Kanker,18.554468,81.648658,1.33,1.48,2024-05-14,2024-08-26,2024-09-21,Approved,0,Individual Forest Right,False,None,None
FRA-01741,Madhya Pradesh,Mandla,24.340615,79.991983,8.32,7.55,2024-03-22,2024-04-13,2024-04-18,Approved,0,Individual Forest Right,False,None,None
FRA-01742,Odisha,Mayurbhanj,19.580611,86.988332,13.54,13.74,2022-01-04,2022-06-04,,Under Verification,1704,Community Forest Right,False,None,None
FRA-01743,Maharashtra,Nandurbar,20.639939,77.516442,9.37,8.13,2024-03-26,,,Pending,892,Community Forest Right,False,None,None
FRA-01744,Jharkhand,Gumla,24.144486,84.620586,8.56,9.56,2024-10-24,,,Pending,680,Individual Forest Right,False,None,None
FRA-01745,Chhattisgarh,Dantewada,20.037545,82.240951,7.83,8.15,2025-07-16,2025-11-06,,Under Verification,415,Community Forest Right,False,None,None
FRA-01746,Madhya Pradesh,Balaghat,23.085134,78.218811,11.77,10.01,2025-10-03,2022-09-04,2022-11-12,Pending,336,Individual Forest Right,True,Delayed Processing,Medium
FRA-01747,Kerala,Palakkad,10.547983,75.467087,11.19,11.96,2022-05-10,,,Pending,1578,Community Forest Resource,False,None,None
FRA-01748,Kerala,Wayanad,10.718182,77.239133,7.65,6.72,2025-11-26,2022-06-28,2022-08-19,Pending,282,Community Forest Resource,True,Delayed Processing,Medium
FRA-01749,Odisha,Mayurbhanj,21.581298,85.795265,7.27,7.15,2024-04-19,2024-07-02,2024-07-21,Approved,0,Community Forest Resource,False,None,None
FRA-01750,Jharkhand,Gumla,23.352544,85.04618,10.08,9.11,2025-10-15,2026-01-24,2026-02-17,Approved,0,Community Forest Right,False,None,None
FRA-01751,Odisha,Sundargarh,20.635466,86.436737,9.37,8.96,2022-07-12,2022-09-17,2022-10-18,Approved,0,Community Forest Resource,False,None,None
FRA-01752,Maharashtra,Nandurbar,19.373714,74.788126,4.46,1.93,2025-07-27,2025-10-01,2025-11-13,Approved,0,Community Forest Resource,True,Land Record Mismatch,Medium
FRA-01753,Jharkhand,West Singhbhum,23.475664,87.489556,1.41,1.38,2025-06-21,2025-07-03,2025-09-17,Approved,0,Community Forest Resource,False,None,None
FRA-01754,Jharkhand,Simdega,23.715004,85.743107,86.19,94.0,2025-03-15,2025-04-29,2025-05-13,Approved,0,Community Forest Right,True,Unusual Claim Area,Medium
FRA-01755,Madhya Pradesh,Dindori,23.155108,78.155901,7.15,8.1,2023-12-05,2024-03-17,2024-06-04,Approved,0,Community Forest Resource,False,None,None
FRA-01756,Madhya Pradesh,Dindori,22.732418,79.33712,0.91,0.85,2022-01-21,,,Rejected,0,Community Forest Resource,False,None,None
FRA-01757,Maharashtra,Nashik,21.503353,75.613336,2.98,3.28,2022-03-06,2022-04-02,2022-06-04,Approved,0,Community Forest Right,False,None,None
FRA-01758,Odisha,Koraput,18.572313,85.449639,4.42,4.86,2026-01-25,,,Pending,222,Community Forest Right,True,Delayed Processing,Medium
FRA-01759,Jharkhand,Simdega,23.666893,85.893,3.94,4.05,2024-08-28,2024-12-25,2025-01-12,Approved,0,Community Forest Right,False,None,None
FRA-01760,Chhattisgarh,Bastar,18.746887,82.880394,11.93,13.42,2022-04-07,2022-04-22,2022-06-10,Approved,0,Community Forest Resource,False,None,None
FRA-01761,Jharkhand,Ranchi,23.480435,87.043036,9.15,9.55,2022-02-05,2022-05-17,,Under Verification,1672,Individual Forest Right,False,None,None
FRA-01762,Maharashtra,Chandrapur,21.069016,74.532655,6.85,6.93,2023-08-26,2023-11-16,2023-11-27,Approved,0,Community Forest Right,False,None,None
FRA-01763,Kerala,Wayanad,11.460883,76.327049,2.85,3.17,2022-03-13,2022-06-11,2022-07-12,Approved,0,Community Forest Resource,False,None,None
FRA-01764,Madhya Pradesh,Bhopal,22.577315,80.675736,4.89,10.59,2022-09-27,,,Pending,1438,Community Forest Resource,True,Land Record Mismatch,High
FRA-01765,Jharkhand,Simdega,22.412087,87.289995,5.98,6.5,2022-09-16,2022-11-09,2023-01-31,Approved,0,Community Forest Right,False,None,None
FRA-01766,Chhattisgarh,Surguja,22.662194,82.304355,3.17,3.51,2022-09-13,,,Pending,1452,Individual Forest Right,False,None,None
FRA-01767,Kerala,Idukki,10.81873,75.073499,7.73,7.68,2024-03-07,2024-04-22,2024-06-07,Approved,0,Individual Forest Right,False,None,None
FRA-01768,Maharashtra,Nashik,19.30503,73.771111,53.31,50.87,2023-04-07,2023-06-18,2023-07-03,Approved,0,Individual Forest Right,True,Unusual Claim Area,High
FRA-01769,Chhattisgarh,Bastar,18.016622,80.747411,2.35,0.87,2022-07-07,2022-08-03,,Under Verification,1520,Community Forest Resource,True,Land Record Mismatch,High
FRA-01770,Jharkhand,West Singhbhum,22.392632,86.703403,8.27,8.38,2023-05-20,,,Pending,1203,Community Forest Resource,False,None,None
FRA-01771,Kerala,Idukki,11.162432,75.427423,8.97,8.45,2025-10-27,,,Rejected,0,Community Forest Right,False,None,None
FRA-01772,Madhya Pradesh,Dindori,22.28914,79.009428,7.59,7.85,2024-07-07,2024-08-29,2024-09-09,Approved,0,Community Forest Resource,False,None,None
FRA-01773,Madhya Pradesh,Mandla,22.771285,77.370985,7.0,6.6,2024-08-23,2024-10-18,2025-01-12,Approved,0,Individual Forest Right,False,None,None
FRA-01774,Odisha,Sundargarh,21.99538,86.293101,12.87,12.08,2024-08-02,2024-10-25,2024-12-07,Approved,0,Community Forest Resource,False,None,None
FRA-01775,Jharkhand,Gumla,22.649894,86.965919,9.24,7.96,2023-04-19,,,Pending,1234,Individual Forest Right,False,None,None
FRA-01776,Chhattisgarh,Bastar,20.649256,81.263856,13.17,20.25,2023-02-16,2023-05-19,2023-07-29,Approved,0,Community Forest Resource,True,Land Record Mismatch,Medium
FRA-01777,Maharashtra,Nandurbar,21.24834,77.454531,5.61,5.06,2025-01-17,,,Pending,595,Community Forest Resource,False,None,None
FRA-01778,Jharkhand,Gumla,22.789924,84.219082,3.13,3.08,2023-09-19,2024-01-13,2024-04-11,Approved,0,Community Forest Right,False,None,None
FRA-01779,Kerala,Palakkad,10.947893,77.014443,7.92,6.97,2025-03-02,2025-06-11,,Under Verification,551,Community Forest Right,False,None,None
FRA-01780,Chhattisgarh,Surguja,19.396082,81.144548,1.77,1.76,2025-07-22,2024-07-25,,Under Verification,409,Individual Forest Right,True,Delayed Processing,Medium
FRA-01781,Jharkhand,Gumla,23.469152,86.014571,13.39,13.91,2024-05-30,2024-07-22,2024-08-02,Approved,0,Community Forest Resource,False,None,None
FRA-01782,Maharashtra,Gadchiroli,20.757975,73.897324,8.22,18.12,2024-09-09,2024-09-21,2024-12-03,Approved,0,Community Forest Resource,True,Land Record Mismatch,High
FRA-01783,Maharashtra,Chandrapur,21.618408,74.361609,4.77,4.45,2024-11-19,,,Rejected,0,Community Forest Resource,False,None,None
FRA-01784,Maharashtra,Nashik,20.331356,76.504323,8.64,9.62,2024-10-01,2025-01-09,2025-03-28,Approved,0,Community Forest Resource,False,None,None
FRA-01785,Chhattisgarh,Bastar,22.212935,80.154026,2.58,2.53,2025-04-10,,,Pending,512,Community Forest Resource,False,None,None
FRA-01786,Kerala,Wayanad,11.960005,75.748099,8.34,8.69,2024-07-14,2024-11-19,,Under Verification,782,Community Forest Right,False,None,None
FRA-01787,Maharashtra,Chandrapur,21.663616,75.101537,5.27,4.64,2023-06-29,,,Rejected,0,Community Forest Right,False,None,None
FRA-01788,Chhattisgarh,Dantewada,22.910213,80.314433,3.14,2.87,2025-06-30,2022-05-15,2022-07-02,Pending,431,Community Forest Resource,True,Delayed Processing,Medium
FRA-01789,Jharkhand,Ranchi,22.687756,87.207525,8.86,9.89,2022-02-16,,,Rejected,0,Community Forest Resource,False,None,None
FRA-01790,Maharashtra,Nandurbar,21.333578,76.562359,8.87,8.53,2022-10-30,,,Pending,1405,Community Forest Right,False,None,None
FRA-01791,Maharashtra,Nandurbar,18.884045,79.314549,1.8,1.98,2023-10-04,,,Rejected,0,Individual Forest Right,False,None,None
FRA-01792,Kerala,Kannur,12.383554,75.029722,12.62,11.93,2022-09-17,,,Pending,1448,Community Forest Resource,False,None,None
FRA-01793,Madhya Pradesh,Bhopal,23.439183,80.149059,1.66,1.53,2024-12-26,2025-03-19,2025-05-23,Approved,0,Community Forest Resource,False,None,None
FRA-01794,Odisha,Keonjhar,18.98505,86.255781,1.11,0.35,2024-12-23,2025-03-11,2025-03-28,Approved,0,Community Forest Right,True,Land Record Mismatch,Medium
FRA-01795,Chhattisgarh,Dantewada,19.03292,80.209036,5.48,5.8,2024-12-23,,,Pending,620,Community Forest Right,False,None,None
FRA-01796,Chhattisgarh,Dantewada,18.394329,82.070621,7.89,8.13,2025-04-01,2025-05-03,2025-06-07,Pending,521,Community Forest Resource,True,Delayed Processing,Medium
FRA-01797,Odisha,Sundargarh,18.86139,85.847911,4.73,1.76,2022-06-26,,,Pending,1531,Community Forest Right,True,Land Record Mismatch,High
FRA-01798,Odisha,Koraput,18.905048,84.305798,6.2,6.53,2024-10-27,,,Under Verification,677,Individual Forest Right,True,Delayed Processing,Medium
FRA-01799,Jharkhand,Ranchi,24.138151,85.906458,6.62,7.15,2024-02-14,2024-04-07,2024-05-13,Approved,0,Community Forest Resource,False,None,None
FRA-01800,Madhya Pradesh,Dindori,24.018095,78.025699,97.12,91.97,2022-06-06,2022-06-29,2022-09-21,Approved,0,Individual Forest Right,True,Unusual Claim Area,High
FRA-01801,Odisha,Keonjhar,20.138379,84.195204,14.64,16.67,2022-03-18,2022-06-07,2022-08-20,Approved,0,Community Forest Right,False,None,None
FRA-01802,Chhattisgarh,Bastar,19.320294,81.459819,3.52,3.13,2024-11-08,2025-01-24,,Under Verification,665,Community Forest Resource,False,None,None
FRA-01803,Odisha,Sundargarh,18.964237,86.3974,3.83,3.62,2023-03-09,2023-08-13,,Under Verification,1275,Individual Forest Right,False,None,None
FRA-01804,Jharkhand,West Singhbhum,23.00533,86.433104,12.98,13.6,2025-05-27,,,Pending,465,Individual Forest Right,False,None,None
FRA-01805,Maharashtra,Nandurbar,18.692533,77.292648,12.94,14.64,2024-11-08,,,Pending,665,Community Forest Right,False,None,None
FRA-01806,Odisha,Koraput,21.922714,84.067083,12.56,11.91,2024-07-18,2024-09-28,2024-10-18,Approved,0,Individual Forest Right,False,None,None
FRA-01807,Madhya Pradesh,Dindori,24.01511,80.839422,14.78,16.06,2025-04-30,,,Pending,492,Individual Forest Right,True,Delayed Processing,Medium
FRA-01808,Maharashtra,Gadchiroli,20.029029,74.644371,7.31,7.64,2024-01-06,2024-03-12,,Under Verification,972,Individual Forest Right,False,None,None
FRA-01809,Jharkhand,Simdega,23.902452,85.573275,12.53,11.0,2022-01-18,,,Pending,1690,Individual Forest Right,False,None,None
FRA-01810,Odisha,Mayurbhanj,20.550604,85.86612,6.58,5.64,2025-01-21,2025-02-17,2025-04-07,Approved,0,Individual Forest Right,False,None,None
FRA-01811,Madhya Pradesh,Mandla,22.16955,80.38953,13.0,11.96,2022-06-24,,,Pending,1533,Community Forest Right,False,None,None
FRA-01812,Jharkhand,West Singhbhum,22.334876,84.939858,4.55,3.89,2025-12-19,,,Pending,259,Community Forest Resource,False,None,None
FRA-01813,Odisha,Koraput,20.760105,83.718025,5.88,6.38,2025-02-02,,,Pending,579,Community Forest Right,False,None,None
FRA-01814,Kerala,Idukki,9.796372,76.585729,2.59,2.78,2025-01-19,2025-02-05,,Under Verification,593,Community Forest Resource,False,None,None
FRA-01815,Maharashtra,Nashik,18.604093,76.118197,4.21,4.76,2024-04-13,2024-05-15,2024-07-06,Approved,0,Community Forest Right,False,None,None
FRA-01816,Odisha,Mayurbhanj,19.242089,83.06295,12.57,13.3,2025-10-11,2025-12-13,2025-12-30,Approved,0,Community Forest Resource,False,None,None
FRA-01817,Madhya Pradesh,Bhopal,22.481047,78.530288,6.76,7.14,2023-03-17,2023-03-28,2023-04-21,Approved,0,Community Forest Right,False,None,None
FRA-01818,Kerala,Palakkad,9.668272,77.324918,11.8,10.14,2023-11-18,,,Rejected,0,Community Forest Right,False,None,None
FRA-01819,Kerala,Palakkad,9.710235,75.900977,6.43,6.51,2022-03-05,2022-05-13,2022-07-17,Approved,0,Individual Forest Right,False,None,None
FRA-01820,Madhya Pradesh,Bhopal,23.237332,77.546246,14.35,14.62,2022-01-26,2022-04-05,2022-05-07,Approved,0,Individual Forest Right,False,None,None
FRA-01821,Chhattisgarh,Bastar,21.271742,80.514996,1.86,1.69,2024-02-19,,,Pending,928,Community Forest Right,False,None,None
FRA-01822,Madhya Pradesh,Dindori,23.239036,77.742551,0.86,0.94,2023-10-10,2023-12-30,,Under Verification,1060,Individual Forest Right,False,None,None
FRA-01823,Jharkhand,Ranchi,23.423699,85.915052,14.9,12.97,2022-01-13,,,Pending,1695,Community Forest Right,False,None,None
FRA-01824,Madhya Pradesh,Balaghat,24.062631,80.038305,4.75,5.16,2022-09-27,2022-10-25,2022-11-10,Approved,0,Individual Forest Right,False,None,None
FRA-01825,Chhattisgarh,Surguja,18.905419,82.734108,4.41,3.86,2025-09-22,,,Rejected,0,Community Forest Right,False,None,None
FRA-01826,Kerala,Kannur,11.893509,76.186151,3.11,3.22,2023-03-03,,,Pending,1281,Community Forest Resource,False,None,None
FRA-01827,Odisha,Keonjhar,18.877494,87.153272,7.32,6.4,2024-08-11,,,Pending,754,Community Forest Resource,False,None,None
FRA-01828,Madhya Pradesh,Balaghat,22.675871,78.379786,10.53,10.8,2023-12-20,2024-01-03,2024-01-24,Approved,0,Community Forest Resource,False,None,None
FRA-01829,Kerala,Wayanad,10.459007,77.325352,8.93,9.85,2022-12-16,,,Rejected,0,Community Forest Right,False,None,None
FRA-01830,Kerala,Idukki,11.69752,77.005834,13.33,12.35,2025-02-12,2025-04-28,2025-06-25,Approved,0,Community Forest Right,False,None,None
FRA-01831,Jharkhand,Ranchi,24.269637,85.7507,4.4,4.34,2022-02-18,,,Pending,1659,Community Forest Resource,False,None,None
FRA-01832,Maharashtra,Gadchiroli,21.906883,73.876284,0.97,0.91,2025-03-07,2025-05-11,2025-06-23,Approved,0,Community Forest Right,False,None,None
FRA-01833,Maharashtra,Nandurbar,19.572152,80.695582,9.57,10.53,2023-10-30,2024-01-19,,Under Verification,1040,Community Forest Resource,False,None,None
FRA-01834,Jharkhand,Simdega,23.122618,87.327044,7.81,6.91,2025-03-21,2025-07-14,,Under Verification,532,Community Forest Right,False,None,None
FRA-01835,Chhattisgarh,Kanker,21.572079,80.029185,1.46,1.31,2024-10-03,,,Pending,701,Individual Forest Right,False,None,None
FRA-01836,Odisha,Keonjhar,18.50596,83.936618,3.66,3.18,2022-02-07,,,Pending,1670,Community Forest Right,False,None,None
FRA-01837,Kerala,Kannur,10.860311,76.484359,9.38,7.98,2025-06-23,,,Pending,438,Individual Forest Right,True,Delayed Processing,Medium
FRA-01838,Jharkhand,Ranchi,22.057857,87.342307,12.83,12.39,2025-07-09,2025-08-18,2025-09-09,Approved,0,Individual Forest Right,False,None,None
FRA-01839,Jharkhand,West Singhbhum,23.850032,86.162216,6.13,2.72,2023-11-21,2024-03-17,2024-04-01,Approved,0,Individual Forest Right,True,Land Record Mismatch,High
FRA-01840,Madhya Pradesh,Bhopal,24.303398,80.263743,14.6,8.55,2025-11-02,2026-01-06,2026-01-26,Approved,0,Community Forest Resource,True,Land Record Mismatch,Medium
FRA-01841,Madhya Pradesh,Mandla,22.231167,79.416516,9.86,10.43,2026-02-18,,,Pending,198,Individual Forest Right,True,Delayed Processing,High
FRA-01842,Kerala,Idukki,11.91476,76.661827,1.49,1.36,2023-05-05,2023-07-06,2023-07-14,Approved,0,Community Forest Right,False,None,None
FRA-01843,Maharashtra,Chandrapur,19.133534,80.124566,4.46,4.33,2024-06-23,2024-07-09,2024-07-26,Approved,0,Individual Forest Right,False,None,None
FRA-01844,Odisha,Koraput,21.740453,86.17853,8.32,7.3,2024-11-04,2024-12-01,2025-02-27,Approved,0,Community Forest Right,False,None,None
FRA-01845,Maharashtra,Chandrapur,21.872584,74.194335,13.41,11.96,2024-12-23,2025-01-10,2025-03-19,Approved,0,Community Forest Right,False,None,None
FRA-01846,Chhattisgarh,Dantewada,19.137008,82.738228,30.59,26.8,2023-10-01,2023-11-08,2023-12-27,Approved,0,Community Forest Resource,True,Unusual Claim Area,Medium
FRA-01847,Madhya Pradesh,Balaghat,23.379151,78.328062,8.46,8.93,2026-02-18,,,Under Verification,198,Community Forest Right,True,Delayed Processing,High
FRA-01848,Kerala,Kannur,9.843267,75.079268,7.24,6.53,2022-04-24,2022-06-25,2022-07-03,Approved,0,Individual Forest Right,False,None,None
FRA-01849,Maharashtra,Nandurbar,20.089486,76.66625,0.93,0.99,2022-12-26,2023-01-21,2023-04-08,Approved,0,Community Forest Resource,False,None,None
FRA-01850,Jharkhand,Ranchi,22.877119,84.437827,10.0,9.29,2024-12-26,,,Rejected,0,Community Forest Resource,False,None,None
FRA-01851,Jharkhand,West Singhbhum,23.878575,84.785359,75.86,84.82,2023-06-14,2023-09-24,2023-10-04,Approved,0,Community Forest Right,True,Unusual Claim Area,High
FRA-01852,Jharkhand,Gumla,24.130326,85.04946,12.47,10.69,2025-06-27,2025-08-06,2025-08-11,Approved,0,Community Forest Resource,False,None,None
FRA-01853,Kerala,Palakkad,12.392117,75.772819,12.76,11.84,2023-12-18,,,Pending,991,Community Forest Right,False,None,None
FRA-01854,Jharkhand,Gumla,22.407955,85.112476,1.97,2.08,2024-07-28,,,Pending,768,Community Forest Right,False,None,None
FRA-01855,Madhya Pradesh,Dindori,24.11826,79.814369,49.32,43.06,2025-12-02,,,Rejected,0,Community Forest Resource,True,Unusual Claim Area,Medium
FRA-01856,Jharkhand,West Singhbhum,24.130753,85.546992,12.92,12.03,2025-07-01,2025-09-08,2025-09-23,Approved,0,Community Forest Resource,False,None,None
FRA-01857,Madhya Pradesh,Balaghat,22.904014,77.145998,38.79,36.62,2024-11-11,2025-02-01,2025-04-08,Approved,0,Community Forest Right,True,Unusual Claim Area,Medium
FRA-01858,Chhattisgarh,Surguja,18.268238,82.178175,13.24,14.25,2025-01-26,2025-02-19,2025-03-15,Approved,0,Community Forest Resource,False,None,None
FRA-01859,Jharkhand,Simdega,23.511503,86.629235,2.87,2.66,2022-12-19,2023-02-18,2023-05-18,Approved,0,Community Forest Right,False,None,None
FRA-01860,Kerala,Wayanad,11.799245,75.252688,10.8,10.78,2023-02-05,,,Pending,1307,Individual Forest Right,False,None,None
FRA-01861,Jharkhand,Gumla,22.006304,86.340415,3.89,3.57,2025-10-18,,,Pending,321,Community Forest Resource,False,None,None
FRA-01862,Chhattisgarh,Bastar,20.641175,80.831682,12.12,12.25,2024-04-09,2024-08-07,2024-08-14,Approved,0,Individual Forest Right,False,None,None
FRA-01863,Madhya Pradesh,Bhopal,22.454362,77.643991,13.23,12.48,2025-09-06,,,Rejected,0,Community Forest Resource,False,None,None
FRA-01864,Chhattisgarh,Kanker,22.315949,80.355392,6.32,5.96,2024-12-17,2025-04-11,2025-05-16,Approved,0,Individual Forest Right,False,None,None
FRA-01865,Kerala,Kannur,9.658614,75.146135,2.87,3.3,2025-12-07,2023-04-25,2023-07-09,Pending,271,Community Forest Right,True,Delayed Processing,Medium
FRA-01866,Madhya Pradesh,Bhopal,22.524642,80.675934,7.39,6.54,2022-08-08,,,Rejected,0,Individual Forest Right,False,None,None
FRA-01867,Maharashtra,Nashik,21.04771,77.438207,1.16,0.61,2025-07-14,,,Rejected,0,Community Forest Resource,True,Land Record Mismatch,Medium
FRA-01868,Maharashtra,Chandrapur,18.394089,78.184113,12.76,13.28,2024-12-08,2025-02-02,2025-02-08,Approved,0,Individual Forest Right,False,None,None
FRA-01869,Chhattisgarh,Dantewada,19.703631,81.013091,2.9,2.57,2024-08-25,2025-01-24,,Under Verification,740,Community Forest Right,False,None,None
FRA-01870,Maharashtra,Gadchiroli,19.886695,79.235117,9.18,3.93,2023-04-10,,,Pending,1243,Community Forest Resource,True,Land Record Mismatch,Medium
FRA-01871,Jharkhand,Gumla,22.324446,84.709809,9.14,9.85,2025-07-21,2025-10-03,,Under Verification,410,Individual Forest Right,False,None,None
FRA-01872,Maharashtra,Nandurbar,19.940659,79.70001,1.08,1.2,2025-02-20,2025-03-03,,Under Verification,561,Community Forest Right,False,None,None
FRA-01873,Maharashtra,Gadchiroli,20.694946,78.730544,5.81,5.55,2024-10-22,2024-11-22,2025-02-18,Approved,0,Community Forest Right,False,None,None
FRA-01874,Chhattisgarh,Kanker,19.066436,81.185784,3.2,3.65,2022-09-06,2022-09-20,2022-11-13,Approved,0,Community Forest Right,False,None,None
FRA-01875,Maharashtra,Chandrapur,21.387664,75.076653,10.16,8.7,2024-06-25,,,Pending,801,Community Forest Right,False,None,None
FRA-01876,Maharashtra,Gadchiroli,18.983631,79.797636,13.76,13.2,2025-02-04,2022-11-04,2022-11-23,Pending,577,Individual Forest Right,True,Delayed Processing,High
FRA-01877,Madhya Pradesh,Dindori,24.319359,77.870342,5.78,6.61,2025-08-21,,,Pending,379,Individual Forest Right,False,None,None
FRA-01878,Odisha,Mayurbhanj,21.311265,86.126772,9.49,10.53,2025-03-29,2025-06-16,2025-07-28,Approved,0,Individual Forest Right,False,None,None
FRA-01879,Madhya Pradesh,Bhopal,22.753569,77.428548,6.66,7.28,2022-06-02,,,Rejected,0,Individual Forest Right,False,None,None
FRA-01880,Madhya Pradesh,Balaghat,22.252335,80.646368,5.97,6.36,2025-01-31,2025-04-25,,Under Verification,581,Individual Forest Right,False,None,None
FRA-01881,Chhattisgarh,Surguja,19.163363,81.649852,1.86,4.64,2022-08-31,2022-11-19,,Under Verification,1465,Community Forest Resource,True,Land Record Mismatch,High
FRA-01882,Maharashtra,Nashik,21.422091,73.978236,7.35,16.69,2023-10-20,,,Rejected,0,Community Forest Right,True,Land Record Mismatch,Medium
FRA-01883,Odisha,Koraput,19.035946,85.665239,11.59,11.58,2022-07-21,2022-09-02,2022-09-26,Approved,0,Community Forest Resource,False,None,None
FRA-01884,Madhya Pradesh,Dindori,22.40194,79.937408,0.77,0.72,2024-11-14,2023-12-05,2024-01-26,Under Verification,659,Individual Forest Right,True,Delayed Processing,High
FRA-01885,Madhya Pradesh,Mandla,22.161645,77.406982,7.18,6.23,2024-10-21,,,Pending,683,Community Forest Right,False,None,None
FRA-01886,Kerala,Kannur,11.094676,76.603043,3.83,4.02,2022-05-06,2022-07-17,2022-08-31,Approved,0,Individual Forest Right,False,None,None
FRA-01887,Maharashtra,Gadchiroli,21.105267,80.109338,4.8,4.18,2023-09-10,,,Pending,1090,Community Forest Right,False,None,None
FRA-01888,Kerala,Palakkad,10.649968,75.404994,3.0,2.78,2024-03-18,,,Pending,900,Individual Forest Right,False,None,None
FRA-01889,Jharkhand,Gumla,23.387501,86.918669,14.96,14.73,2024-05-27,2024-06-07,2024-08-08,Approved,0,Community Forest Right,False,None,None
FRA-01890,Kerala,Palakkad,9.931451,77.363988,12.97,13.77,2023-11-24,2024-02-12,2024-04-08,Approved,0,Community Forest Resource,False,None,None
FRA-01891,Chhattisgarh,Surguja,21.01871,80.653664,8.17,8.71,2024-08-31,,,Pending,734,Community Forest Resource,False,None,None
FRA-01892,Kerala,Wayanad,11.891993,76.292531,14.07,16.15,2025-04-26,,,Pending,496,Community Forest Resource,False,None,None
FRA-01893,Odisha,Keonjhar,21.609683,84.168687,5.53,4.74,2025-01-04,2025-05-23,,Pending,608,Community Forest Resource,True,Delayed Processing,High
FRA-01894,Madhya Pradesh,Mandla,23.490453,78.797488,14.3,15.49,2023-10-06,2024-01-07,2024-02-22,Approved,0,Individual Forest Right,False,None,None
FRA-01895,Kerala,Kannur,11.000575,77.20459,7.75,7.38,2023-06-06,2023-10-02,2023-10-16,Approved,0,Individual Forest Right,False,None,None
FRA-01896,Chhattisgarh,Surguja,18.735813,80.542783,3.55,3.45,2022-09-24,,,Pending,1441,Individual Forest Right,False,None,None
FRA-01897,Kerala,Palakkad,10.026324,76.608662,7.49,6.61,2025-11-05,,,Under Verification,303,Community Forest Right,True,Delayed Processing,High
FRA-01898,Madhya Pradesh,Dindori,22.410954,80.117751,2.79,3.11,2024-02-01,2024-03-16,2024-05-30,Approved,0,Community Forest Resource,False,None,None
FRA-01899,Chhattisgarh,Bastar,19.873984,82.819991,12.62,14.34,2022-01-17,2022-05-16,2022-06-12,Approved,0,Individual Forest Right,False,None,None
FRA-01900,Kerala,Kannur,12.484705,77.459867,12.02,10.27,2023-06-30,2023-08-29,2023-10-07,Approved,0,Individual Forest Right,False,None,None
FRA-01901,Madhya Pradesh,Dindori,23.365918,80.473406,7.03,7.84,2022-02-09,2022-03-11,,Under Verification,1668,Individual Forest Right,False,None,None
FRA-01902,Jharkhand,Ranchi,24.220431,86.398378,14.15,13.26,2023-02-11,2023-04-14,2023-06-16,Approved,0,Community Forest Right,False,None,None
FRA-01903,Jharkhand,Gumla,24.132029,87.020589,6.89,7.02,2024-06-27,2024-08-06,2024-10-21,Approved,0,Individual Forest Right,False,None,None
FRA-01904,Maharashtra,Gadchiroli,20.965732,79.049857,5.21,4.52,2023-12-18,,,Pending,991,Community Forest Resource,False,None,None
FRA-01905,Odisha,Koraput,21.295523,83.985427,9.27,8.23,2025-12-06,2026-03-23,2026-05-30,Approved,0,Individual Forest Right,False,None,None
FRA-01906,Chhattisgarh,Bastar,22.111232,80.666626,9.96,9.36,2025-02-27,,,Rejected,0,Community Forest Right,False,None,None
FRA-01907,Kerala,Kannur,10.857687,76.614704,12.45,12.28,2022-12-07,,,Pending,1367,Individual Forest Right,False,None,None
FRA-01908,Maharashtra,Nashik,19.0591,78.991349,9.0,7.71,2022-01-02,,,Pending,1706,Community Forest Right,False,None,None
FRA-01909,Madhya Pradesh,Dindori,23.870459,80.974869,11.43,12.62,2022-02-14,2022-05-04,2022-05-10,Approved,0,Individual Forest Right,False,None,None
FRA-01910,Maharashtra,Nandurbar,20.380087,74.327232,11.69,13.11,2023-09-05,2023-11-14,,Under Verification,1095,Community Forest Right,False,None,None
FRA-01911,Odisha,Koraput,20.839126,83.780087,2.77,3.15,2023-05-22,2023-06-01,2023-06-27,Approved,0,Individual Forest Right,False,None,None
FRA-01912,Madhya Pradesh,Balaghat,24.023969,80.623473,53.0,56.46,2022-05-02,2022-08-13,2022-09-15,Approved,0,Individual Forest Right,True,Unusual Claim Area,High
FRA-01913,Chhattisgarh,Dantewada,20.904476,82.439478,12.22,11.43,2025-09-23,,,Pending,346,Community Forest Right,True,Delayed Processing,Medium
FRA-01914,Chhattisgarh,Dantewada,22.595682,81.776286,38.57,42.41,2022-02-24,2022-06-09,2022-08-21,Approved,0,Community Forest Right,True,Unusual Claim Area,Medium
FRA-01915,Odisha,Koraput,19.146769,85.609044,6.94,6.59,2025-05-10,2025-08-06,2025-10-26,Approved,0,Individual Forest Right,False,None,None
FRA-01916,Madhya Pradesh,Balaghat,22.606817,78.985652,3.37,3.35,2023-09-25,,,Pending,1075,Individual Forest Right,False,None,None
FRA-01917,Madhya Pradesh,Dindori,22.455631,80.099496,4.39,3.85,2023-02-21,2023-05-29,,Under Verification,1291,Individual Forest Right,False,None,None
FRA-01918,Maharashtra,Nandurbar,18.723246,76.570708,10.69,17.65,2024-02-02,2024-04-03,2024-04-24,Approved,0,Community Forest Right,True,Land Record Mismatch,High
FRA-01919,Jharkhand,Ranchi,24.243248,84.496535,0.87,0.9,2022-09-04,2022-12-21,2023-01-24,Approved,0,Community Forest Resource,False,None,None
FRA-01920,Maharashtra,Nandurbar,20.639379,80.034876,13.58,12.83,2022-10-09,2022-11-12,2022-12-08,Approved,0,Individual Forest Right,False,None,None
FRA-01921,Odisha,Mayurbhanj,21.940239,84.595816,5.11,4.76,2022-10-13,2023-01-12,2023-01-30,Approved,0,Community Forest Resource,False,None,None
FRA-01922,Madhya Pradesh,Dindori,23.212786,79.365119,9.75,9.05,2025-05-24,2025-09-06,,Under Verification,468,Community Forest Right,False,None,None
FRA-01923,Chhattisgarh,Kanker,22.853739,81.505155,3.93,4.31,2025-07-10,,,Rejected,0,Community Forest Resource,False,None,None
FRA-01924,Madhya Pradesh,Balaghat,23.839884,80.876509,4.89,4.95,2024-10-05,2024-12-17,2025-03-13,Approved,0,Community Forest Resource,False,None,None
FRA-01925,Chhattisgarh,Kanker,22.403138,82.272661,9.04,20.04,2024-05-30,2024-07-24,2024-10-16,Approved,0,Community Forest Right,True,Land Record Mismatch,Medium
FRA-01926,Odisha,Koraput,22.033682,84.500946,7.8,8.47,2024-12-16,,,Under Verification,627,Community Forest Resource,True,Delayed Processing,Medium
FRA-01927,Jharkhand,Gumla,23.011327,84.601654,11.23,10.44,2024-09-14,2024-12-07,2025-01-02,Approved,0,Individual Forest Right,False,None,None
FRA-01928,Kerala,Idukki,11.711341,75.200383,8.99,8.1,2025-01-17,2023-01-15,2023-01-21,Under Verification,595,Individual Forest Right,True,Delayed Processing,Medium
FRA-01929,Odisha,Sundargarh,19.188413,84.850351,9.04,8.37,2023-01-05,,,Pending,1338,Individual Forest Right,False,None,None
FRA-01930,Chhattisgarh,Kanker,22.610291,80.261569,8.76,7.91,2022-01-24,,,Rejected,0,Community Forest Resource,False,None,None
FRA-01931,Jharkhand,West Singhbhum,22.425602,86.427684,1.08,1.05,2024-12-23,2022-04-27,2022-06-14,Under Verification,620,Individual Forest Right,True,Delayed Processing,Medium
FRA-01932,Chhattisgarh,Bastar,20.38607,80.855121,1.07,1.14,2025-06-12,2025-09-24,2025-10-09,Approved,0,Individual Forest Right,False,None,None
FRA-01933,Odisha,Mayurbhanj,20.654973,83.799365,2.82,3.1,2022-07-11,2022-10-04,2022-11-06,Approved,0,Individual Forest Right,False,None,None
FRA-01934,Kerala,Wayanad,10.759616,75.053169,8.17,8.08,2025-09-11,2025-11-11,2025-12-21,Approved,0,Community Forest Resource,False,None,None
FRA-01935,Kerala,Kannur,11.99286,75.137232,14.65,16.28,2024-03-11,2024-06-19,2024-08-30,Approved,0,Community Forest Right,False,None,None
FRA-01936,Madhya Pradesh,Bhopal,23.431107,77.913077,3.02,2.81,2022-07-04,2022-09-06,2022-12-04,Approved,0,Individual Forest Right,False,None,None
FRA-01937,Kerala,Wayanad,10.116758,77.168367,3.37,3.28,2025-12-03,,,Under Verification,275,Community Forest Right,True,Delayed Processing,High
FRA-01938,Odisha,Mayurbhanj,22.254765,86.219373,6.14,5.73,2023-08-13,2023-11-26,2023-12-26,Approved,0,Community Forest Right,False,None,None
FRA-01939,Jharkhand,West Singhbhum,23.308397,85.668131,6.59,7.42,2026-01-21,2022-06-12,2022-07-13,Pending,226,Community Forest Right,True,Delayed Processing,High
FRA-01940,Jharkhand,Ranchi,23.183454,87.004218,1.95,1.98,2022-02-10,2022-06-26,,Under Verification,1667,Community Forest Resource,False,None,None
FRA-01941,Chhattisgarh,Kanker,19.498899,80.548256,13.29,12.44,2023-03-25,2023-05-08,2023-06-16,Approved,0,Community Forest Right,False,None,None
FRA-01942,Chhattisgarh,Kanker,19.343341,81.285202,5.36,4.87,2024-03-07,,,Pending,911,Individual Forest Right,False,None,None
FRA-01943,Chhattisgarh,Surguja,22.370732,82.318133,5.86,5.38,2022-10-08,2022-12-29,2023-01-08,Approved,0,Community Forest Right,False,None,None
FRA-01944,Chhattisgarh,Kanker,20.578588,82.201827,4.36,4.56,2022-01-07,,,Pending,1701,Community Forest Right,False,None,None
FRA-01945,Kerala,Idukki,10.945126,77.359016,3.03,2.93,2023-07-25,2023-11-11,2024-01-30,Approved,0,Individual Forest Right,False,None,None
FRA-01946,Maharashtra,Nandurbar,19.907822,73.621221,10.24,8.86,2024-09-27,,,Rejected,0,Community Forest Resource,False,None,None
FRA-01947,Madhya Pradesh,Mandla,22.555322,79.020755,13.64,12.67,2023-03-11,,,Pending,1273,Community Forest Right,False,None,None
FRA-01948,Madhya Pradesh,Dindori,24.108103,80.852075,5.6,5.46,2024-04-28,,,Rejected,0,Community Forest Right,False,None,None
FRA-01949,Chhattisgarh,Dantewada,20.767263,82.427406,14.49,12.61,2025-09-11,2025-12-18,2026-01-03,Approved,0,Community Forest Resource,False,None,None
FRA-01950,Kerala,Wayanad,12.315147,75.372882,7.39,7.82,2025-03-27,,,Rejected,0,Community Forest Resource,False,None,None
FRA-01951,Odisha,Keonjhar,18.664039,85.044899,12.7,12.94,2022-02-11,2022-03-23,2022-05-13,Approved,0,Community Forest Right,False,None,None
FRA-01952,Madhya Pradesh,Mandla,24.248563,77.911574,4.1,3.81,2024-05-20,,,Pending,837,Individual Forest Right,False,None,None
FRA-01953,Jharkhand,West Singhbhum,23.61153,86.330552,0.82,1.38,2025-12-06,,,Rejected,0,Community Forest Right,True,Land Record Mismatch,Medium
FRA-01954,Maharashtra,Chandrapur,21.104406,77.914467,11.68,11.51,2025-08-18,,,Pending,382,Community Forest Resource,False,None,None
FRA-01955,Odisha,Koraput,20.048843,86.381434,8.8,8.02,2025-10-24,,,Rejected,0,Community Forest Resource,False,None,None
FRA-01956,Maharashtra,Nashik,21.949646,73.192563,12.74,13.88,2025-07-29,2025-08-10,2025-11-08,Approved,0,Community Forest Resource,False,None,None
FRA-01957,Chhattisgarh,Kanker,22.142179,82.083408,1.35,1.41,2025-02-22,2025-06-01,2025-06-15,Approved,0,Community Forest Right,False,None,None
FRA-01958,Kerala,Kannur,9.589219,75.976885,3.21,1.42,2022-05-23,2022-06-22,2022-09-08,Approved,0,Community Forest Resource,True,Land Record Mismatch,Medium
FRA-01959,Maharashtra,Gadchiroli,20.691616,77.533203,8.28,7.43,2022-09-03,,,Pending,1462,Community Forest Right,False,None,None
FRA-01960,Chhattisgarh,Kanker,20.318253,81.372623,13.76,11.72,2024-05-16,,,Rejected,0,Community Forest Right,False,None,None
FRA-01961,Chhattisgarh,Dantewada,20.936561,80.473205,3.49,3.69,2025-01-01,,,Pending,611,Individual Forest Right,False,None,None
FRA-01962,Kerala,Palakkad,12.372924,75.756217,14.85,15.3,2022-02-09,2022-04-05,2022-06-21,Approved,0,Community Forest Right,False,None,None
FRA-01963,Jharkhand,Ranchi,24.48471,86.09585,1.42,1.35,2025-01-08,2025-01-18,2025-03-11,Approved,0,Community Forest Resource,False,None,None
FRA-01964,Maharashtra,Nandurbar,21.83436,75.172435,8.64,8.67,2023-07-24,,,Pending,1138,Individual Forest Right,False,None,None
FRA-01965,Kerala,Palakkad,11.84843,76.734345,12.42,23.31,2025-01-08,2025-03-19,2025-05-27,Approved,0,Community Forest Resource,True,Land Record Mismatch,Medium
FRA-01966,Chhattisgarh,Bastar,19.718699,81.9356,8.91,5.08,2022-04-17,2022-07-19,2022-08-25,Approved,0,Community Forest Right,True,Land Record Mismatch,Medium
FRA-01967,Madhya Pradesh,Balaghat,24.348706,80.098843,2.16,1.87,2025-05-11,2025-09-03,,Under Verification,481,Individual Forest Right,False,None,None
FRA-01968,Jharkhand,Ranchi,22.508968,85.796121,8.32,8.36,2022-05-15,,,Pending,1573,Community Forest Resource,False,None,None
FRA-01969,Chhattisgarh,Dantewada,20.751339,81.953846,11.67,23.43,2024-12-14,2024-12-27,2025-03-26,Approved,0,Community Forest Resource,True,Land Record Mismatch,High
FRA-01970,Chhattisgarh,Dantewada,21.156729,80.266452,6.57,5.59,2025-04-28,,,Pending,494,Community Forest Right,False,None,None
FRA-01971,Madhya Pradesh,Balaghat,23.999523,78.624578,2.42,2.46,2024-12-22,2025-01-03,2025-02-07,Approved,0,Community Forest Right,False,None,None
FRA-01972,Madhya Pradesh,Balaghat,24.485663,78.685117,10.25,11.43,2023-07-29,2023-09-18,2023-12-08,Approved,0,Community Forest Resource,False,None,None
FRA-01973,Chhattisgarh,Surguja,19.670039,81.565762,12.41,12.35,2025-09-23,2022-01-24,2022-03-07,Under Verification,346,Community Forest Resource,True,Delayed Processing,Medium
FRA-01974,Odisha,Mayurbhanj,20.131287,83.083553,1.81,2.04,2023-04-02,,,Pending,1251,Individual Forest Right,False,None,None
FRA-01975,Maharashtra,Chandrapur,20.279505,76.240552,12.34,13.1,2023-05-27,,,Pending,1196,Community Forest Right,False,None,None
FRA-01976,Madhya Pradesh,Balaghat,24.295727,78.174576,5.94,5.29,2025-11-13,2026-01-07,2026-02-26,Approved,0,Community Forest Right,False,None,None
FRA-01977,Odisha,Koraput,21.299649,86.668186,87.89,81.88,2023-07-25,,,Pending,1137,Community Forest Resource,True,Unusual Claim Area,High
FRA-01978,Maharashtra,Nandurbar,18.475426,79.994226,8.76,10.07,2023-05-25,,,Pending,1198,Community Forest Resource,False,None,None
FRA-01979,Jharkhand,West Singhbhum,22.380675,84.691549,2.34,2.29,2025-12-23,2024-04-29,2024-07-20,Under Verification,255,Individual Forest Right,True,Delayed Processing,High
FRA-01980,Odisha,Keonjhar,20.76779,85.180708,13.71,15.3,2022-12-23,2023-01-08,2023-02-14,Approved,0,Community Forest Resource,False,None,None
FRA-01981,Jharkhand,Gumla,22.414464,85.437551,9.49,8.1,2024-05-03,2024-07-10,2024-09-25,Approved,0,Individual Forest Right,False,None,None
FRA-01982,Chhattisgarh,Surguja,19.884777,82.9558,13.68,15.52,2025-09-08,,,Rejected,0,Community Forest Resource,False,None,None
FRA-01983,Maharashtra,Nandurbar,18.861345,79.011965,11.15,12.37,2024-03-29,,,Pending,889,Community Forest Right,False,None,None
FRA-01984,Jharkhand,Gumla,22.930422,86.733461,0.68,0.6,2023-06-06,,,Pending,1186,Community Forest Right,False,None,None
FRA-01985,Maharashtra,Nandurbar,18.382583,74.601137,8.15,7.39,2025-05-12,2025-06-07,2025-08-02,Approved,0,Individual Forest Right,False,None,None
FRA-01986,Madhya Pradesh,Mandla,22.743727,79.609486,81.88,85.84,2024-03-27,2024-06-23,2024-07-06,Approved,0,Individual Forest Right,True,Unusual Claim Area,High
FRA-01987,Odisha,Koraput,19.370909,83.531939,3.46,3.78,2024-10-12,2025-01-11,2025-03-26,Approved,0,Individual Forest Right,False,None,None
FRA-01988,Maharashtra,Nashik,20.57771,79.662586,6.06,5.44,2025-09-28,2025-11-11,,Under Verification,341,Individual Forest Right,False,None,None
FRA-01989,Odisha,Mayurbhanj,18.722445,83.821932,5.38,4.95,2025-03-13,2025-07-10,,Under Verification,540,Individual Forest Right,False,None,None
FRA-01990,Maharashtra,Chandrapur,20.234797,77.963529,2.31,2.61,2025-01-21,2025-02-08,,Under Verification,591,Community Forest Right,False,None,None
FRA-01991,Jharkhand,Gumla,24.198367,84.298113,10.05,9.28,2022-01-06,2022-03-09,2022-05-05,Approved,0,Community Forest Resource,False,None,None
FRA-01992,Jharkhand,Simdega,24.445427,84.535273,11.58,13.02,2025-06-28,2025-10-30,,Under Verification,433,Community Forest Right,True,Delayed Processing,Medium
FRA-01993,Jharkhand,Simdega,22.30129,84.571784,3.77,3.29,2023-02-02,,,Pending,1310,Community Forest Right,False,None,None
FRA-01994,Madhya Pradesh,Bhopal,22.129575,78.960768,3.35,3.02,2024-10-13,2025-01-20,,Under Verification,691,Community Forest Right,False,None,None
FRA-01995,Madhya Pradesh,Balaghat,24.414995,77.586451,5.34,5.54,2025-04-10,,,Pending,512,Individual Forest Right,False,None,None
FRA-01996,Maharashtra,Nashik,18.773505,76.676975,3.25,3.48,2023-08-25,2023-11-22,,Under Verification,1106,Community Forest Right,False,None,None
FRA-01997,Odisha,Koraput,21.618923,85.22022,0.87,0.94,2024-12-30,2025-01-25,2025-02-27,Approved,0,Individual Forest Right,False,None,None
FRA-01998,Madhya Pradesh,Dindori,23.033847,77.304865,36.29,38.41,2024-08-23,,,Pending,742,Community Forest Resource,True,Unusual Claim Area,High
FRA-01999,Chhattisgarh,Surguja,18.392285,81.055026,3.29,3.05,2025-05-24,,,Rejected,0,Community Forest Right,False,None,None
FRA-02000,Maharashtra,Gadchiroli,19.377253,77.356872,1.65,1.77,2022-07-15,2022-11-08,2023-01-09,Approved,0,Community Forest Resource,False,None,None
FRA-02001,Maharashtra,Nashik,20.676308,74.991011,10.16,11.45,2025-05-21,,,Pending,471,Individual Forest Right,True,Delayed Processing,Medium
FRA-02002,Maharashtra,Nandurbar,21.569043,79.409275,72.29,78.55,2023-10-01,2023-11-15,2023-11-22,Approved,0,Community Forest Resource,True,Unusual Claim Area,Medium
FRA-02003,Chhattisgarh,Kanker,18.407175,81.618883,10.37,10.65,2025-02-21,,,Pending,560,Community Forest Resource,True,Delayed Processing,Medium
FRA-02004,Maharashtra,Nashik,20.737971,75.22961,14.6,15.67,2025-09-13,2025-12-01,2025-12-07,Approved,0,Community Forest Right,False,None,None
FRA-02005,Chhattisgarh,Surguja,18.452715,82.703887,4.6,4.51,2025-05-14,2025-06-19,2025-07-24,Approved,0,Community Forest Right,False,None,None
FRA-02006,Chhattisgarh,Kanker,18.277469,80.56962,14.79,13.9,2022-02-12,,,Pending,1665,Individual Forest Right,False,None,None
FRA-02007,Jharkhand,West Singhbhum,22.106429,86.51942,9.27,9.22,2022-03-29,,,Pending,1620,Community Forest Resource,False,None,None
FRA-02008,Kerala,Wayanad,11.298456,76.537834,35.52,32.32,2025-11-19,,,Pending,289,Individual Forest Right,True,Unusual Claim Area,Medium
FRA-02009,Jharkhand,West Singhbhum,22.25065,85.1735,4.5,4.28,2022-04-07,2022-07-28,2022-09-22,Approved,0,Community Forest Resource,False,None,None
FRA-02010,Madhya Pradesh,Bhopal,23.484999,78.613112,4.78,4.72,2025-11-01,,,Pending,307,Individual Forest Right,False,None,None
FRA-02011,Odisha,Mayurbhanj,20.902479,85.116727,0.6,0.6,2023-07-13,2023-08-27,2023-10-08,Approved,0,Community Forest Resource,False,None,None
FRA-02012,Madhya Pradesh,Balaghat,24.296335,80.5816,1.66,1.78,2023-08-16,2023-09-04,2023-11-27,Approved,0,Community Forest Resource,False,None,None
FRA-02013,Chhattisgarh,Surguja,20.106123,82.378017,12.16,13.98,2022-09-28,2022-11-23,,Under Verification,1437,Community Forest Resource,False,None,None
FRA-02014,Maharashtra,Nashik,21.691396,75.906417,14.66,13.07,2024-02-27,2024-05-15,2024-06-27,Approved,0,Community Forest Right,False,None,None
FRA-02015,Jharkhand,West Singhbhum,22.014844,87.173973,8.0,6.92,2022-04-17,2022-05-02,2022-06-26,Approved,0,Community Forest Right,False,None,None
FRA-02016,Madhya Pradesh,Mandla,22.110042,79.923736,13.36,11.71,2025-07-20,2025-11-14,2025-11-20,Approved,0,Community Forest Resource,False,None,None
FRA-02017,Madhya Pradesh,Bhopal,24.148953,79.346567,9.09,10.42,2022-05-01,,,Rejected,0,Individual Forest Right,False,None,None
FRA-02018,Chhattisgarh,Surguja,18.676278,81.82493,5.42,5.73,2024-07-31,,,Rejected,0,Community Forest Resource,False,None,None
FRA-02019,Maharashtra,Chandrapur,18.925061,73.896911,9.91,8.98,2024-03-14,2024-06-11,2024-08-23,Approved,0,Individual Forest Right,False,None,None
FRA-02020,Jharkhand,Simdega,24.293079,87.316328,33.07,30.95,2023-06-12,,,Rejected,0,Community Forest Resource,True,Unusual Claim Area,Medium
FRA-02021,Maharashtra,Chandrapur,20.773943,80.405831,3.76,3.3,2025-02-15,2025-05-07,2025-05-27,Approved,0,Community Forest Resource,False,None,None
FRA-02022,Jharkhand,Simdega,23.573126,85.852874,4.61,5.08,2023-08-03,,,Rejected,0,Community Forest Right,False,None,None
FRA-02023,Chhattisgarh,Kanker,20.98559,82.057486,2.67,2.66,2024-10-10,2025-01-17,2025-03-15,Approved,0,Individual Forest Right,False,None,None
FRA-02024,Jharkhand,Ranchi,24.02715,86.941248,4.99,4.87,2024-07-05,2024-09-10,2024-12-05,Approved,0,Community Forest Right,False,None,None
FRA-02025,Jharkhand,Ranchi,22.327705,85.236618,14.92,14.32,2024-01-18,2024-03-15,2024-04-14,Approved,0,Individual Forest Right,False,None,None
FRA-02026,Jharkhand,Gumla,23.698477,86.221829,1.81,1.81,2022-07-12,2022-07-28,2022-09-15,Approved,0,Community Forest Resource,False,None,None
FRA-02027,Madhya Pradesh,Mandla,22.322371,78.02264,1.59,1.47,2023-10-31,2024-01-21,2024-02-28,Approved,0,Community Forest Right,False,None,None
FRA-02028,Odisha,Keonjhar,19.355177,86.060042,5.14,5.82,2024-08-15,,,Pending,750,Community Forest Right,False,None,None
FRA-02029,Madhya Pradesh,Bhopal,23.896178,80.729624,9.74,9.83,2024-12-24,2024-09-03,,Pending,619,Community Forest Right,True,Delayed Processing,High
FRA-02030,Jharkhand,Ranchi,23.384322,84.681829,5.17,5.34,2023-06-25,,,Pending,1167,Community Forest Right,False,None,None
FRA-02031,Maharashtra,Gadchiroli,19.497021,76.749659,11.69,13.34,2025-11-22,,,Pending,286,Community Forest Resource,False,None,None
FRA-02032,Madhya Pradesh,Mandla,22.610902,77.023917,9.81,10.0,2022-12-02,2023-01-27,2023-03-28,Approved,0,Individual Forest Right,False,None,None
FRA-02033,Chhattisgarh,Kanker,21.451016,81.811113,7.45,8.09,2022-09-30,2023-01-28,2023-03-25,Approved,0,Individual Forest Right,False,None,None
FRA-02034,Chhattisgarh,Kanker,19.6108,82.28926,12.32,13.93,2024-07-31,2024-11-28,2025-02-16,Approved,0,Community Forest Right,False,None,None
FRA-02035,Chhattisgarh,Dantewada,20.366989,80.710271,14.03,12.6,2024-12-31,2025-06-25,,Under Verification,612,Individual Forest Right,False,None,None
FRA-02036,Chhattisgarh,Kanker,18.108455,80.281762,10.49,8.92,2024-05-16,,,Pending,841,Individual Forest Right,False,None,None
FRA-02037,Maharashtra,Chandrapur,19.17334,74.699343,4.81,5.04,2025-05-23,,,Pending,469,Community Forest Resource,False,None,None
FRA-02038,Madhya Pradesh,Dindori,22.828499,78.284328,1.72,0.68,2025-11-14,2026-01-12,2026-01-24,Approved,0,Individual Forest Right,True,Land Record Mismatch,High
FRA-02039,Maharashtra,Nandurbar,18.497268,73.030241,12.57,13.66,2025-10-28,2023-06-17,2023-07-15,Pending,311,Community Forest Right,True,Delayed Processing,High
FRA-02040,Jharkhand,West Singhbhum,23.167155,84.713132,1.59,1.77,2024-11-02,,,Pending,671,Community Forest Right,False,None,None
FRA-02041,Jharkhand,Simdega,23.825283,84.09897,12.14,10.33,2025-09-16,2025-03-29,2025-05-21,Under Verification,353,Community Forest Resource,True,Delayed Processing,High
FRA-02042,Maharashtra,Chandrapur,18.541088,75.301312,11.05,9.52,2024-08-26,,,Rejected,0,Individual Forest Right,False,None,None
FRA-02043,Chhattisgarh,Dantewada,19.351243,82.026193,13.09,12.98,2024-01-22,,,Pending,956,Community Forest Right,False,None,None
FRA-02044,Chhattisgarh,Surguja,20.845873,80.007261,13.93,15.31,2022-01-29,,,Rejected,0,Community Forest Right,False,None,None
FRA-02045,Chhattisgarh,Surguja,21.171464,82.381581,14.19,15.82,2023-06-22,2023-07-20,,Under Verification,1170,Community Forest Right,False,None,None
FRA-02046,Odisha,Keonjhar,20.88005,85.9056,3.53,3.55,2023-03-22,2023-08-25,,Under Verification,1262,Community Forest Resource,False,None,None
FRA-02047,Maharashtra,Chandrapur,21.368454,77.785255,1.62,1.67,2025-12-17,,,Pending,261,Community Forest Resource,False,None,None
FRA-02048,Maharashtra,Chandrapur,21.25547,73.113648,4.59,4.87,2025-07-30,2026-01-10,2026-03-09,Under Verification,401,Individual Forest Right,True,Delayed Processing,High
FRA-02049,Chhattisgarh,Kanker,22.876798,80.77178,6.02,5.35,2022-11-18,,,Rejected,0,Community Forest Resource,False,None,None
FRA-02050,Kerala,Wayanad,11.481599,77.275574,5.28,4.94,2023-11-27,2023-12-09,2023-12-14,Approved,0,Individual Forest Right,False,None,None
FRA-02051,Kerala,Kannur,10.810812,76.747529,95.73,89.99,2023-01-31,,,Rejected,0,Community Forest Resource,True,Unusual Claim Area,High
FRA-02052,Chhattisgarh,Surguja,19.988458,81.383285,7.81,7.79,2024-11-17,,,Rejected,0,Individual Forest Right,False,None,None
FRA-02053,Chhattisgarh,Dantewada,20.629298,81.638109,7.5,7.12,2025-01-24,2025-04-18,,Under Verification,588,Community Forest Resource,False,None,None
FRA-02054,Madhya Pradesh,Dindori,23.743821,80.949799,3.4,3.63,2025-03-24,,,Pending,529,Community Forest Right,False,None,None
FRA-02055,Kerala,Idukki,10.674245,76.882596,5.21,5.1,2024-06-27,,,Pending,799,Community Forest Right,False,None,None
FRA-02056,Chhattisgarh,Kanker,22.855326,82.568948,12.94,12.73,2025-01-05,2023-03-14,2023-03-25,Pending,607,Individual Forest Right,True,Delayed Processing,Medium
FRA-02057,Jharkhand,West Singhbhum,22.331021,84.346348,5.18,5.8,2024-07-09,,,Pending,787,Community Forest Right,False,None,None
FRA-02058,Odisha,Sundargarh,21.162039,85.352323,6.28,5.96,2024-01-05,2024-04-14,,Under Verification,973,Individual Forest Right,False,None,None
FRA-02059,Odisha,Sundargarh,20.223814,83.025744,1.26,1.27,2026-01-09,,,Under Verification,238,Community Forest Right,True,Delayed Processing,Medium
FRA-02060,Madhya Pradesh,Dindori,22.956536,78.021416,2.04,1.84,2023-06-10,2023-08-25,,Under Verification,1182,Community Forest Resource,False,None,None
FRA-02061,Maharashtra,Nashik,21.731813,73.039506,12.12,27.58,2023-02-17,,,Pending,1295,Community Forest Right,True,Land Record Mismatch,High
FRA-02062,Madhya Pradesh,Bhopal,23.131588,80.833326,6.42,9.92,2025-06-28,2025-08-11,2025-09-04,Approved,0,Community Forest Resource,True,Land Record Mismatch,High
FRA-02063,Madhya Pradesh,Balaghat,22.075992,79.434853,13.15,14.12,2023-03-12,2023-06-04,2023-06-10,Approved,0,Community Forest Right,False,None,None
FRA-02064,Kerala,Wayanad,11.971018,76.189076,7.53,8.31,2025-06-06,2025-05-08,,Pending,455,Individual Forest Right,True,Delayed Processing,High
FRA-02065,Chhattisgarh,Surguja,19.946203,80.810905,0.69,0.65,2022-03-28,,,Pending,1621,Community Forest Right,False,None,None
FRA-02066,Kerala,Kannur,10.397465,76.273599,77.38,86.39,2024-10-17,,,Pending,687,Community Forest Resource,True,Unusual Claim Area,High
FRA-02067,Kerala,Wayanad,9.921067,77.456478,0.52,0.55,2025-10-16,2023-08-30,2023-09-09,Under Verification,323,Community Forest Right,True,Delayed Processing,Medium
FRA-02068,Maharashtra,Chandrapur,20.442097,79.968035,7.3,8.05,2022-11-11,2022-12-03,2023-02-18,Approved,0,Community Forest Resource,False,None,None
FRA-02069,Jharkhand,West Singhbhum,22.714257,85.528752,5.76,5.53,2022-08-21,,,Pending,1475,Community Forest Right,False,None,None
FRA-02070,Kerala,Idukki,12.480289,76.71684,10.96,9.98,2024-10-22,,,Pending,682,Community Forest Resource,False,None,None
FRA-02071,Odisha,Sundargarh,21.285325,86.626914,4.51,4.61,2022-11-22,2023-03-10,2023-04-12,Approved,0,Community Forest Right,False,None,None
FRA-02072,Madhya Pradesh,Mandla,23.806429,78.506975,9.53,3.14,2024-07-29,2024-10-08,2024-11-19,Approved,0,Community Forest Resource,True,Land Record Mismatch,Medium
FRA-02073,Madhya Pradesh,Dindori,23.007138,80.373698,3.6,7.2,2025-10-27,2025-11-17,2026-01-28,Approved,0,Individual Forest Right,True,Land Record Mismatch,Medium
FRA-02074,Jharkhand,Simdega,24.054256,85.970942,6.51,6.61,2022-02-17,2022-04-07,,Under Verification,1660,Community Forest Right,False,None,None
FRA-02075,Kerala,Palakkad,10.160191,76.184393,7.03,7.04,2025-04-01,2025-04-30,2025-05-26,Approved,0,Community Forest Resource,False,None,None
FRA-02076,Maharashtra,Gadchiroli,18.143646,79.500411,11.56,11.31,2023-07-13,2023-12-08,,Under Verification,1149,Community Forest Right,False,None,None
FRA-02077,Madhya Pradesh,Mandla,24.0248,80.937723,8.92,9.46,2022-05-25,,,Pending,1563,Community Forest Right,False,None,None
FRA-02078,Odisha,Keonjhar,19.3101,85.361741,14.84,16.53,2025-01-20,,,Pending,592,Community Forest Right,False,None,None
FRA-02079,Kerala,Palakkad,10.888307,75.165772,8.96,8.48,2025-05-18,2025-08-10,2025-09-22,Approved,0,Community Forest Resource,False,None,None
FRA-02080,Kerala,Kannur,10.002945,77.066936,3.55,3.3,2024-11-14,2024-12-20,2025-03-02,Approved,0,Individual Forest Right,False,None,None
FRA-02081,Madhya Pradesh,Dindori,22.996484,77.603751,9.11,9.61,2023-01-05,2023-04-05,2023-07-04,Approved,0,Community Forest Resource,False,None,None
FRA-02082,Odisha,Koraput,20.688728,86.632761,1.95,2.2,2025-08-18,,,Rejected,0,Community Forest Right,False,None,None
FRA-02083,Kerala,Wayanad,11.032231,75.334538,12.22,12.77,2024-09-27,2024-11-27,2025-01-20,Approved,0,Community Forest Resource,False,None,None
FRA-02084,Madhya Pradesh,Bhopal,22.117688,79.344546,3.68,3.99,2025-04-22,,,Pending,500,Community Forest Resource,False,None,None
FRA-02085,Chhattisgarh,Kanker,19.374505,82.11932,10.11,11.17,2025-09-16,2025-11-23,2025-12-03,Approved,0,Community Forest Right,False,None,None
FRA-02086,Madhya Pradesh,Dindori,23.227074,78.840967,9.41,10.43,2023-04-07,2023-06-04,,Under Verification,1246,Community Forest Resource,False,None,None
FRA-02087,Jharkhand,Ranchi,24.000915,85.547907,11.23,12.13,2025-09-09,2025-11-13,,Under Verification,360,Community Forest Right,False,None,None
FRA-02088,Odisha,Koraput,21.225382,86.454343,6.88,7.72,2024-01-03,2024-01-24,2024-04-05,Approved,0,Community Forest Resource,False,None,None
FRA-02089,Kerala,Palakkad,11.049735,76.777271,4.56,3.94,2024-01-23,2024-06-18,,Under Verification,955,Individual Forest Right,False,None,None
FRA-02090,Odisha,Koraput,19.734275,85.175288,1.25,2.12,2022-07-29,,,Rejected,0,Individual Forest Right,True,Land Record Mismatch,High
FRA-02091,Odisha,Sundargarh,21.776542,86.494,9.23,4.48,2025-04-08,,,Pending,514,Individual Forest Right,True,Land Record Mismatch,High
FRA-02092,Kerala,Idukki,11.91289,76.568908,5.68,5.7,2024-12-30,2023-09-02,2023-11-19,Pending,613,Community Forest Resource,True,Delayed Processing,Medium
FRA-02093,Jharkhand,Simdega,24.036009,84.232378,3.66,3.26,2025-03-10,,,Pending,543,Community Forest Resource,True,Delayed Processing,Medium
FRA-02094,Jharkhand,Simdega,23.132515,87.209488,9.22,9.78,2022-10-29,,,Pending,1406,Community Forest Resource,False,None,None
FRA-02095,Jharkhand,Gumla,23.776676,84.478468,12.53,11.9,2024-01-25,2024-07-22,,Under Verification,953,Individual Forest Right,False,None,None
FRA-02096,Chhattisgarh,Kanker,18.875252,80.271411,12.89,13.8,2022-05-22,,,Pending,1566,Community Forest Right,False,None,None
FRA-02097,Maharashtra,Nandurbar,20.332312,79.376776,0.85,0.84,2025-09-09,2023-06-20,2023-08-13,Under Verification,360,Community Forest Resource,True,Delayed Processing,High
FRA-02098,Madhya Pradesh,Mandla,23.857526,79.289208,8.4,8.78,2025-07-08,,,Pending,423,Community Forest Resource,False,None,None
FRA-02099,Madhya Pradesh,Dindori,22.159105,77.01175,0.69,0.62,2022-12-06,2023-03-11,2023-03-28,Approved,0,Community Forest Resource,False,None,None
FRA-02100,Madhya Pradesh,Mandla,24.228101,77.395527,11.92,11.2,2023-07-15,,,Pending,1147,Individual Forest Right,False,None,None
FRA-02101,Kerala,Idukki,11.951895,75.508489,7.56,7.45,2022-02-22,,,Rejected,0,Community Forest Resource,False,None,None
FRA-02102,Chhattisgarh,Dantewada,19.443078,81.910766,4.0,3.64,2022-02-28,,,Rejected,0,Community Forest Resource,False,None,None
FRA-02103,Odisha,Koraput,20.800552,85.906143,6.07,6.65,2022-08-27,,,Pending,1469,Community Forest Right,False,None,None
FRA-02104,Jharkhand,West Singhbhum,22.307786,86.611892,14.85,5.23,2022-06-09,2022-07-29,2022-09-22,Approved,0,Individual Forest Right,True,Land Record Mismatch,High
FRA-02105,Chhattisgarh,Kanker,21.400247,82.936545,92.38,92.05,2022-03-23,2022-04-28,2022-06-28,Approved,0,Community Forest Resource,True,Unusual Claim Area,Medium
FRA-02106,Kerala,Wayanad,9.781362,77.160611,9.41,8.92,2025-07-25,2025-11-16,2026-01-11,Approved,0,Community Forest Right,False,None,None
FRA-02107,Madhya Pradesh,Balaghat,22.528222,80.107456,5.58,3.13,2024-03-20,2024-07-19,,Under Verification,898,Individual Forest Right,True,Land Record Mismatch,Medium
FRA-02108,Maharashtra,Nashik,18.985332,79.012863,6.0,5.22,2025-04-12,,,Rejected,0,Community Forest Resource,False,None,None
FRA-02109,Jharkhand,Simdega,22.890038,86.652768,9.77,9.73,2024-06-17,2024-07-30,2024-08-15,Approved,0,Individual Forest Right,False,None,None
FRA-02110,Madhya Pradesh,Balaghat,24.318235,80.874985,13.83,14.03,2022-01-06,2022-04-11,,Under Verification,1702,Community Forest Resource,False,None,None
FRA-02111,Kerala,Palakkad,11.99523,76.954488,4.43,4.15,2025-10-31,2026-01-19,2026-03-16,Approved,0,Individual Forest Right,False,None,None
FRA-02112,Maharashtra,Nandurbar,20.290652,75.40552,11.45,13.02,2022-05-16,2022-07-11,2022-08-20,Approved,0,Community Forest Resource,False,None,None
FRA-02113,Kerala,Wayanad,10.621374,76.205504,8.91,8.1,2024-01-03,2024-02-15,2024-05-05,Approved,0,Community Forest Resource,False,None,None
FRA-02114,Jharkhand,Simdega,22.534141,84.469046,10.48,9.82,2025-04-09,2025-05-20,2025-07-20,Approved,0,Community Forest Right,False,None,None
FRA-02115,Jharkhand,Ranchi,23.284582,84.181186,8.16,7.85,2022-04-16,2022-07-27,2022-10-08,Approved,0,Individual Forest Right,False,None,None
FRA-02116,Madhya Pradesh,Mandla,22.515326,77.337231,1.84,1.6,2023-04-14,2023-07-01,2023-08-27,Approved,0,Individual Forest Right,False,None,None
FRA-02117,Madhya Pradesh,Dindori,23.99608,77.310465,7.11,6.14,2025-10-07,2025-12-23,2026-02-06,Approved,0,Individual Forest Right,False,None,None
FRA-02118,Odisha,Sundargarh,21.855798,84.829458,8.44,9.3,2022-10-20,2023-03-27,,Under Verification,1415,Individual Forest Right,False,None,None
FRA-02119,Kerala,Wayanad,10.616863,75.658195,10.75,9.77,2024-04-07,2024-05-10,2024-06-08,Approved,0,Community Forest Resource,False,None,None
FRA-02120,Jharkhand,Simdega,24.442017,86.419839,5.36,5.67,2025-10-14,2026-02-07,2026-03-01,Approved,0,Community Forest Resource,False,None,None
FRA-02121,Madhya Pradesh,Bhopal,22.72319,77.61361,6.35,6.31,2022-07-31,2022-09-11,2022-10-26,Approved,0,Community Forest Resource,False,None,None
FRA-02122,Chhattisgarh,Bastar,18.477242,82.579749,6.65,6.15,2024-11-29,2024-12-26,2025-01-17,Approved,0,Individual Forest Right,False,None,None
FRA-02123,Odisha,Mayurbhanj,21.976244,85.641978,3.17,2.86,2024-02-02,2024-05-05,2024-05-13,Approved,0,Community Forest Resource,False,None,None
FRA-02124,Kerala,Wayanad,12.051009,75.284679,3.51,3.55,2023-03-05,2023-03-27,2023-04-25,Approved,0,Individual Forest Right,False,None,None
FRA-02125,Odisha,Mayurbhanj,20.568093,87.299106,2.19,2.0,2023-05-14,,,Rejected,0,Community Forest Right,False,None,None
FRA-02126,Kerala,Idukki,10.49977,75.541446,3.19,3.09,2023-09-03,,,Pending,1097,Individual Forest Right,False,None,None
FRA-02127,Chhattisgarh,Surguja,20.918249,81.290145,3.3,2.98,2022-04-22,,,Rejected,0,Community Forest Right,False,None,None
FRA-02128,Chhattisgarh,Dantewada,21.751771,81.909972,7.37,8.27,2023-05-12,2023-08-03,2023-10-17,Approved,0,Community Forest Right,False,None,None
FRA-02129,Chhattisgarh,Dantewada,22.151887,81.068634,12.61,11.07,2025-11-10,2026-01-08,2026-03-05,Approved,0,Community Forest Right,False,None,None
FRA-02130,Maharashtra,Gadchiroli,19.070044,79.112245,6.16,5.53,2023-05-20,2023-10-07,,Under Verification,1203,Community Forest Right,False,None,None
FRA-02131,Jharkhand,Simdega,22.263066,85.654564,14.89,13.64,2024-04-08,,,Rejected,0,Individual Forest Right,False,None,None
FRA-02132,Odisha,Sundargarh,21.609819,87.270375,13.9,13.46,2023-10-13,,,Pending,1057,Community Forest Resource,False,None,None
FRA-02133,Maharashtra,Nashik,18.509127,78.070323,11.61,11.79,2023-11-26,,,Rejected,0,Individual Forest Right,False,None,None
FRA-02134,Kerala,Kannur,10.981562,76.480976,4.82,4.59,2022-06-17,2022-08-24,2022-11-19,Approved,0,Community Forest Right,False,None,None
FRA-02135,Chhattisgarh,Kanker,19.619908,80.637507,10.06,9.79,2023-11-04,,,Pending,1035,Community Forest Resource,False,None,None
FRA-02136,Maharashtra,Gadchiroli,19.651835,73.810145,11.1,9.92,2025-03-04,,,Pending,549,Community Forest Resource,False,None,None
FRA-02137,Maharashtra,Gadchiroli,19.661122,75.835877,3.76,4.26,2022-06-20,2022-10-08,2022-12-17,Approved,0,Community Forest Resource,False,None,None
FRA-02138,Jharkhand,Ranchi,22.073067,84.080925,12.19,12.09,2025-06-01,2024-05-25,2024-06-20,Pending,460,Community Forest Resource,True,Delayed Processing,Medium
FRA-02139,Maharashtra,Nashik,21.258073,80.671407,13.61,11.65,2022-10-14,2022-11-28,2023-02-14,Approved,0,Individual Forest Right,False,None,None
FRA-02140,Madhya Pradesh,Mandla,22.99558,77.785837,11.64,12.63,2024-06-24,2024-08-14,2024-11-09,Approved,0,Individual Forest Right,False,None,None
FRA-02141,Kerala,Palakkad,10.665801,76.756328,5.49,5.33,2023-01-27,,,Pending,1316,Community Forest Resource,False,None,None
FRA-02142,Maharashtra,Chandrapur,18.045393,76.163293,8.8,8.81,2025-09-23,2025-12-27,2026-01-15,Approved,0,Community Forest Right,False,None,None
FRA-02143,Kerala,Kannur,11.655816,76.417892,1.78,1.73,2025-10-08,2026-01-13,2026-03-29,Approved,0,Community Forest Right,False,None,None
FRA-02144,Chhattisgarh,Bastar,18.164307,82.867798,2.06,1.97,2025-03-15,2025-05-15,2025-06-20,Approved,0,Community Forest Right,False,None,None
FRA-02145,Kerala,Wayanad,11.784256,75.20326,3.78,3.52,2025-11-26,2023-10-14,2023-12-11,Under Verification,282,Community Forest Right,True,Delayed Processing,Medium
FRA-02146,Madhya Pradesh,Mandla,22.221527,77.248305,1.53,2.31,2025-05-14,2025-06-02,2025-07-09,Approved,0,Community Forest Resource,True,Land Record Mismatch,Medium
FRA-02147,Kerala,Wayanad,11.814977,75.118902,5.02,5.62,2022-11-27,2022-12-16,,Under Verification,1377,Community Forest Resource,False,None,None
FRA-02148,Jharkhand,West Singhbhum,24.314574,85.414694,8.39,7.21,2022-05-29,2022-11-09,,Under Verification,1559,Community Forest Right,False,None,None
FRA-02149,Chhattisgarh,Bastar,22.773866,82.309125,52.35,45.67,2023-11-06,2023-12-19,2024-01-12,Approved,0,Individual Forest Right,True,Unusual Claim Area,Medium
FRA-02150,Kerala,Kannur,11.196423,76.67825,7.54,8.53,2025-04-26,2025-07-14,2025-09-05,Approved,0,Community Forest Right,False,None,None
FRA-02151,Jharkhand,Ranchi,24.138032,87.093159,11.97,10.59,2022-10-04,,,Rejected,0,Community Forest Resource,False,None,None
FRA-02152,Odisha,Koraput,22.485435,84.365548,7.23,8.03,2022-11-27,2023-04-19,,Under Verification,1377,Community Forest Resource,False,None,None
FRA-02153,Madhya Pradesh,Mandla,22.230039,77.53008,8.24,9.11,2024-11-06,2023-11-16,2023-11-30,Under Verification,667,Community Forest Resource,True,Delayed Processing,Medium
FRA-02154,Odisha,Sundargarh,20.022258,86.870838,3.22,2.81,2025-02-08,,,Rejected,0,Community Forest Resource,False,None,None
FRA-02155,Jharkhand,Simdega,23.536666,84.389196,14.8,13.12,2025-03-28,2025-05-20,,Under Verification,525,Individual Forest Right,False,None,None
FRA-02156,Madhya Pradesh,Mandla,22.709897,77.191541,10.79,9.44,2023-11-19,2023-12-05,2024-01-31,Approved,0,Community Forest Right,False,None,None
FRA-02157,Kerala,Palakkad,10.665608,76.0163,4.17,3.98,2025-12-22,2023-02-01,,Under Verification,256,Individual Forest Right,True,Delayed Processing,High
FRA-02158,Chhattisgarh,Surguja,19.414979,82.161992,1.44,1.53,2025-04-10,,,Pending,512,Community Forest Right,False,None,None
FRA-02159,Maharashtra,Chandrapur,19.703675,77.836072,7.85,8.99,2025-05-09,2025-05-26,2025-06-03,Approved,0,Community Forest Resource,False,None,None
FRA-02160,Kerala,Idukki,10.798058,75.86967,10.12,22.51,2024-01-19,2024-04-02,2024-05-14,Approved,0,Individual Forest Right,True,Land Record Mismatch,Medium
FRA-02161,Jharkhand,West Singhbhum,22.333173,86.286936,6.37,5.46,2024-02-23,2024-07-03,,Under Verification,924,Individual Forest Right,False,None,None
FRA-02162,Madhya Pradesh,Mandla,24.147554,79.615638,4.48,4.94,2022-01-11,2022-04-27,,Under Verification,1697,Community Forest Right,False,None,None
FRA-02163,Chhattisgarh,Surguja,18.202626,82.101301,6.95,7.59,2022-01-11,2022-04-12,2022-06-08,Approved,0,Community Forest Resource,False,None,None
FRA-02164,Madhya Pradesh,Mandla,24.470689,80.216828,1.95,1.74,2022-10-16,2022-12-17,2023-01-12,Approved,0,Community Forest Resource,False,None,None
FRA-02165,Madhya Pradesh,Bhopal,22.877936,80.170974,2.84,2.61,2025-02-04,2025-03-08,2025-05-23,Approved,0,Individual Forest Right,False,None,None
FRA-02166,Maharashtra,Chandrapur,19.88417,79.930626,8.13,7.78,2025-05-26,,,Pending,466,Individual Forest Right,False,None,None
FRA-02167,Odisha,Koraput,18.656055,86.380892,4.39,4.53,2022-08-26,2022-12-14,2023-01-01,Approved,0,Individual Forest Right,False,None,None
FRA-02168,Odisha,Koraput,21.804171,87.255617,5.06,4.78,2024-12-16,2024-08-17,,Pending,627,Community Forest Right,True,Delayed Processing,Medium
FRA-02169,Madhya Pradesh,Mandla,24.391256,79.226098,1.09,1.17,2024-12-09,2025-01-04,2025-03-19,Approved,0,Individual Forest Right,False,None,None
FRA-02170,Madhya Pradesh,Mandla,22.255817,78.150794,13.07,7.01,2023-05-12,2023-08-08,2023-09-24,Approved,0,Community Forest Resource,True,Land Record Mismatch,Medium
FRA-02171,Odisha,Keonjhar,20.378124,84.844957,7.08,7.57,2025-07-11,2025-07-25,2025-08-21,Approved,0,Community Forest Resource,False,None,None
FRA-02172,Kerala,Palakkad,9.567718,75.555033,62.53,64.13,2025-02-19,,,Pending,562,Individual Forest Right,True,Unusual Claim Area,Medium
FRA-02173,Kerala,Palakkad,9.792041,77.059768,9.5,10.65,2024-06-29,2024-08-08,2024-10-03,Approved,0,Individual Forest Right,False,None,None
FRA-02174,Odisha,Keonjhar,20.710198,87.310197,13.77,14.94,2025-04-28,,,Pending,494,Individual Forest Right,False,None,None
FRA-02175,Maharashtra,Chandrapur,18.74629,80.158342,0.51,0.5,2024-05-30,,,Pending,827,Community Forest Right,False,None,None
FRA-02176,Odisha,Mayurbhanj,20.579288,86.604512,6.72,6.47,2022-04-10,2022-06-12,2022-08-14,Approved,0,Community Forest Right,False,None,None
FRA-02177,Odisha,Keonjhar,20.276209,83.194541,6.29,5.62,2024-04-28,2024-06-05,2024-08-02,Approved,0,Individual Forest Right,False,None,None
FRA-02178,Odisha,Koraput,19.060054,83.989784,0.8,0.75,2024-09-07,,,Rejected,0,Individual Forest Right,False,None,None
FRA-02179,Kerala,Kannur,10.387283,75.753235,11.72,11.72,2023-01-05,2023-04-28,2023-05-04,Approved,0,Community Forest Resource,False,None,None
FRA-02180,Chhattisgarh,Kanker,21.719733,82.702862,3.02,2.84,2022-01-10,,,Rejected,0,Community Forest Right,False,None,None
FRA-02181,Kerala,Palakkad,10.423443,76.800366,5.46,6.18,2024-03-26,,,Pending,892,Community Forest Right,False,None,None
FRA-02182,Odisha,Sundargarh,19.627154,87.305096,13.96,13.47,2024-10-18,,,Pending,686,Individual Forest Right,False,None,None
FRA-02183,Odisha,Mayurbhanj,19.97569,83.276454,14.95,13.66,2025-09-07,2025-12-27,2026-02-13,Approved,0,Community Forest Right,False,None,None
FRA-02184,Odisha,Mayurbhanj,22.22367,86.817456,5.17,5.23,2022-10-13,,,Pending,1422,Community Forest Right,False,None,None
FRA-02185,Madhya Pradesh,Balaghat,23.512752,78.56924,13.62,14.4,2025-05-13,2025-06-12,2025-06-29,Approved,0,Individual Forest Right,False,None,None
FRA-02186,Maharashtra,Nandurbar,21.316881,73.211542,1.76,1.74,2022-12-29,2023-04-09,,Under Verification,1345,Community Forest Resource,False,None,None
FRA-02187,Chhattisgarh,Dantewada,19.912249,80.629748,12.95,14.25,2025-07-15,2024-04-17,2024-06-06,Pending,416,Community Forest Resource,True,Delayed Processing,Medium
FRA-02188,Chhattisgarh,Bastar,19.510352,82.340705,12.41,10.58,2022-11-06,2022-11-28,2023-02-26,Approved,0,Individual Forest Right,False,None,None
FRA-02189,Maharashtra,Nandurbar,20.571948,74.693171,9.48,9.45,2024-09-24,2024-10-11,2024-10-16,Approved,0,Individual Forest Right,False,None,None
FRA-02190,Chhattisgarh,Surguja,20.151435,81.130349,3.17,3.02,2025-10-18,2025-12-30,2026-01-12,Approved,0,Community Forest Right,False,None,None
FRA-02191,Odisha,Keonjhar,18.509829,85.022737,14.96,16.36,2022-10-20,2022-12-05,2023-01-23,Approved,0,Individual Forest Right,False,None,None
FRA-02192,Chhattisgarh,Kanker,18.414219,81.155212,9.6,9.5,2024-12-30,,,Rejected,0,Community Forest Right,False,None,None
FRA-02193,Odisha,Sundargarh,21.435668,86.770401,6.94,2.49,2022-08-31,,,Pending,1465,Individual Forest Right,True,Land Record Mismatch,High
FRA-02194,Kerala,Kannur,12.422105,76.06977,6.6,6.46,2022-04-30,2022-08-02,2022-10-06,Approved,0,Community Forest Right,False,None,None
FRA-02195,Madhya Pradesh,Balaghat,22.066257,79.301995,8.53,9.35,2025-08-20,2025-11-08,2025-11-20,Approved,0,Individual Forest Right,False,None,None
FRA-02196,Kerala,Wayanad,9.967639,75.614766,10.29,23.93,2025-07-06,,,Pending,425,Individual Forest Right,True,Land Record Mismatch,Medium
FRA-02197,Odisha,Mayurbhanj,19.041933,83.892901,7.55,7.64,2025-01-08,2025-05-11,2025-07-03,Under Verification,604,Individual Forest Right,True,Delayed Processing,High
FRA-02198,Jharkhand,Ranchi,22.207816,86.960311,9.29,8.43,2022-03-24,2022-07-07,2022-08-12,Approved,0,Community Forest Right,False,None,None
FRA-02199,Chhattisgarh,Kanker,22.368507,82.109117,1.56,1.39,2024-06-14,2024-09-16,2024-12-10,Approved,0,Community Forest Right,False,None,None
FRA-02200,Jharkhand,Gumla,22.317025,85.675617,14.48,15.41,2022-07-31,,,Pending,1496,Community Forest Resource,False,None,None
FRA-02201,Jharkhand,West Singhbhum,22.856246,84.250524,14.79,16.54,2025-03-12,2024-12-30,2025-01-16,Under Verification,541,Individual Forest Right,True,Delayed Processing,Medium
FRA-02202,Kerala,Kannur,10.678758,75.459973,6.95,7.56,2023-03-28,2023-07-10,,Under Verification,1256,Individual Forest Right,False,None,None
FRA-02203,Jharkhand,Gumla,24.483558,85.105729,5.51,6.27,2025-02-06,,,Under Verification,575,Community Forest Resource,True,Delayed Processing,High
FRA-02204,Jharkhand,West Singhbhum,22.650444,85.544504,4.76,4.65,2022-12-04,2023-03-26,2023-06-12,Approved,0,Community Forest Right,False,None,None
FRA-02205,Madhya Pradesh,Bhopal,22.767068,79.501897,5.07,5.77,2025-03-30,2025-06-20,2025-08-17,Approved,0,Community Forest Resource,False,None,None
FRA-02206,Odisha,Koraput,19.071978,86.024755,13.06,14.1,2024-07-05,2024-11-18,,Under Verification,791,Individual Forest Right,False,None,None
FRA-02207,Kerala,Idukki,11.60646,76.534722,8.97,8.2,2025-11-03,2025-12-18,,Under Verification,305,Community Forest Resource,False,None,None
FRA-02208,Madhya Pradesh,Mandla,23.092716,80.130322,5.88,5.01,2022-10-29,,,Rejected,0,Community Forest Right,False,None,None
FRA-02209,Jharkhand,Ranchi,22.717186,85.207111,7.64,7.79,2022-10-08,2023-02-05,2023-04-17,Approved,0,Community Forest Resource,False,None,None
FRA-02210,Madhya Pradesh,Dindori,22.060568,77.920713,9.36,8.33,2023-08-23,,,Pending,1108,Individual Forest Right,False,None,None
FRA-02211,Chhattisgarh,Kanker,20.223537,82.19341,2.76,2.39,2025-03-08,,,Pending,545,Individual Forest Right,False,None,None
FRA-02212,Kerala,Kannur,10.964713,76.914843,6.96,6.74,2024-04-13,,,Pending,874,Community Forest Resource,False,None,None
FRA-02213,Jharkhand,Gumla,22.010861,84.235773,2.51,4.44,2022-11-07,2023-03-04,2023-03-15,Approved,0,Community Forest Right,True,Land Record Mismatch,High
FRA-02214,Maharashtra,Nandurbar,18.818371,79.021905,6.63,6.53,2025-03-26,2025-07-15,2025-09-23,Approved,0,Community Forest Resource,False,None,None
FRA-02215,Maharashtra,Nashik,19.995061,78.920529,1.74,1.59,2022-01-18,2022-07-10,,Under Verification,1690,Community Forest Resource,False,None,None
FRA-02216,Odisha,Sundargarh,22.006832,85.697273,0.85,0.97,2024-05-08,2024-08-17,2024-08-28,Approved,0,Individual Forest Right,False,None,None
FRA-02217,Chhattisgarh,Surguja,21.108158,82.290793,35.42,39.66,2023-03-17,2023-07-10,2023-10-06,Approved,0,Community Forest Right,True,Unusual Claim Area,Medium
FRA-02218,Jharkhand,Ranchi,23.187984,86.754791,8.19,8.66,2025-12-21,,,Pending,257,Individual Forest Right,False,None,None
FRA-02219,Chhattisgarh,Bastar,19.429206,81.914172,1.39,2.38,2023-05-11,2023-07-11,2023-09-03,Approved,0,Individual Forest Right,True,Land Record Mismatch,High
FRA-02220,Maharashtra,Gadchiroli,19.097762,78.16581,7.42,7.33,2023-12-23,,,Pending,986,Community Forest Resource,False,None,None
FRA-02221,Kerala,Wayanad,9.809328,76.00829,14.01,13.51,2024-07-05,2024-10-30,2024-12-31,Approved,0,Individual Forest Right,False,None,None
FRA-02222,Madhya Pradesh,Bhopal,22.386919,78.850359,13.72,12.08,2025-05-26,,,Pending,466,Community Forest Resource,False,None,None
FRA-02223,Chhattisgarh,Dantewada,21.508634,81.307794,35.96,36.73,2024-03-08,2024-06-28,2024-09-07,Approved,0,Community Forest Right,True,Unusual Claim Area,Medium
FRA-02224,Jharkhand,Simdega,23.447856,86.494824,3.43,6.98,2024-04-27,2024-05-12,2024-06-27,Approved,0,Individual Forest Right,True,Land Record Mismatch,High
FRA-02225,Odisha,Keonjhar,21.074495,83.301382,5.54,5.25,2025-12-16,2026-02-11,2026-03-19,Approved,0,Individual Forest Right,False,None,None
FRA-02226,Chhattisgarh,Kanker,19.411443,81.163689,10.06,8.84,2025-12-05,,,Pending,273,Individual Forest Right,False,None,None
FRA-02227,Kerala,Idukki,11.118278,75.669212,6.67,6.77,2025-10-04,2025-06-03,,Pending,335,Community Forest Resource,True,Delayed Processing,Medium
FRA-02228,Odisha,Mayurbhanj,19.130361,86.715793,3.09,3.33,2025-04-18,,,Under Verification,504,Individual Forest Right,True,Delayed Processing,Medium
FRA-02229,Kerala,Idukki,11.933018,76.775301,2.89,2.57,2024-11-26,2025-01-13,2025-03-13,Approved,0,Individual Forest Right,False,None,None
FRA-02230,Madhya Pradesh,Dindori,24.045461,80.765508,0.61,0.69,2024-08-24,2024-12-04,2024-12-10,Approved,0,Individual Forest Right,False,None,None
FRA-02231,Maharashtra,Nandurbar,21.800524,79.346865,7.3,8.22,2022-08-26,2022-12-11,2023-02-18,Approved,0,Community Forest Right,False,None,None
FRA-02232,Chhattisgarh,Dantewada,21.262366,82.764625,3.38,3.66,2022-05-06,2022-05-26,2022-06-18,Approved,0,Individual Forest Right,False,None,None
FRA-02233,Kerala,Idukki,9.922437,75.738008,4.71,4.31,2025-10-20,2026-01-27,,Under Verification,319,Community Forest Right,False,None,None
FRA-02234,Kerala,Kannur,12.456367,75.234839,9.48,10.7,2025-12-28,2026-02-06,,Under Verification,250,Community Forest Resource,False,None,None
FRA-02235,Kerala,Kannur,9.825009,75.911911,9.34,8.92,2024-03-27,2024-06-03,2024-07-30,Approved,0,Community Forest Resource,False,None,None
FRA-02236,Maharashtra,Nashik,20.096061,74.87623,4.67,4.34,2022-02-05,,,Pending,1672,Individual Forest Right,False,None,None
FRA-02237,Odisha,Mayurbhanj,22.445654,84.709378,38.9,34.09,2024-07-28,,,Pending,768,Individual Forest Right,True,Unusual Claim Area,Medium
FRA-02238,Odisha,Mayurbhanj,22.436297,86.165392,7.15,6.85,2023-08-06,,,Pending,1125,Individual Forest Right,False,None,None
FRA-02239,Madhya Pradesh,Mandla,23.232104,79.562159,2.16,2.42,2023-11-05,2024-02-12,2024-02-29,Approved,0,Community Forest Right,False,None,None
FRA-02240,Kerala,Palakkad,10.757177,75.076825,0.97,0.94,2025-02-21,,,Pending,560,Community Forest Right,False,None,None
FRA-02241,Jharkhand,Simdega,23.494683,87.02231,13.82,12.59,2023-10-15,2023-12-28,2024-01-28,Approved,0,Individual Forest Right,False,None,None
FRA-02242,Maharashtra,Nandurbar,18.431188,77.56364,7.34,4.08,2023-06-01,2023-09-09,2023-11-17,Approved,0,Individual Forest Right,True,Land Record Mismatch,High
FRA-02243,Madhya Pradesh,Balaghat,22.229048,80.979658,7.68,6.85,2025-01-30,2025-11-03,2025-11-26,Under Verification,582,Community Forest Resource,True,Delayed Processing,Medium
FRA-02244,Odisha,Keonjhar,21.933246,85.665101,2.91,3.1,2025-02-01,2025-10-13,2025-10-23,Pending,580,Community Forest Resource,True,Delayed Processing,Medium
FRA-02245,Madhya Pradesh,Bhopal,22.760486,79.985132,11.95,11.3,2025-04-21,2025-08-07,2025-09-24,Approved,0,Individual Forest Right,False,None,None
FRA-02246,Jharkhand,Ranchi,23.001611,86.280958,92.9,102.52,2025-11-26,,,Rejected,0,Individual Forest Right,True,Unusual Claim Area,High
FRA-02247,Jharkhand,Gumla,24.029559,84.312932,1.34,1.43,2025-04-21,2025-08-14,2025-11-03,Approved,0,Individual Forest Right,False,None,None
FRA-02248,Maharashtra,Nashik,20.084165,78.816947,12.24,11.54,2024-12-24,2025-02-16,,Under Verification,619,Individual Forest Right,False,None,None
FRA-02249,Odisha,Keonjhar,18.757876,85.446898,14.18,15.27,2025-07-03,,,Pending,428,Individual Forest Right,False,None,None
FRA-02250,Madhya Pradesh,Mandla,23.765693,79.533429,6.55,5.74,2024-05-05,2024-07-22,2024-10-17,Approved,0,Individual Forest Right,False,None,None
FRA-02251,Chhattisgarh,Kanker,21.371896,81.287268,1.47,1.63,2025-07-26,2025-05-24,2025-06-30,Under Verification,405,Individual Forest Right,True,Delayed Processing,Medium
FRA-02252,Madhya Pradesh,Bhopal,24.448695,79.723523,14.23,14.97,2023-05-16,2023-08-12,2023-10-11,Approved,0,Individual Forest Right,False,None,None
FRA-02253,Maharashtra,Nashik,20.474935,75.321727,2.52,2.56,2022-09-13,,,Rejected,0,Community Forest Right,False,None,None
FRA-02254,Maharashtra,Nandurbar,19.897483,76.265535,13.02,13.6,2022-08-01,2022-10-12,2022-12-10,Approved,0,Individual Forest Right,False,None,None
FRA-02255,Maharashtra,Nashik,19.914865,79.957864,2.32,2.34,2023-03-20,2023-04-29,2023-06-28,Approved,0,Community Forest Resource,False,None,None
FRA-02256,Kerala,Idukki,9.573724,76.821774,6.25,6.77,2025-08-03,2025-10-03,2025-10-30,Approved,0,Individual Forest Right,False,None,None
FRA-02257,Jharkhand,West Singhbhum,23.087453,85.801531,10.52,8.98,2025-12-03,,,Pending,275,Community Forest Right,False,None,None
FRA-02258,Madhya Pradesh,Dindori,24.473776,78.299459,3.22,3.62,2025-05-18,,,Pending,474,Community Forest Resource,False,None,None
FRA-02259,Madhya Pradesh,Dindori,22.728585,79.334928,12.22,12.46,2022-08-06,2022-09-28,2022-12-21,Approved,0,Community Forest Right,False,None,None
FRA-02260,Chhattisgarh,Dantewada,19.61358,81.809785,7.69,15.63,2025-01-29,,,Rejected,0,Individual Forest Right,True,Land Record Mismatch,High
FRA-02261,Madhya Pradesh,Mandla,22.311996,78.763267,13.43,14.56,2023-11-07,,,Pending,1032,Community Forest Resource,False,None,None
FRA-02262,Madhya Pradesh,Balaghat,23.475578,80.79602,5.61,5.44,2022-07-10,,,Pending,1517,Community Forest Resource,False,None,None
FRA-02263,Madhya Pradesh,Mandla,23.313955,77.157511,13.16,12.61,2022-03-31,2022-06-26,2022-07-24,Approved,0,Community Forest Resource,False,None,None
FRA-02264,Kerala,Palakkad,11.068559,76.118014,12.61,12.58,2025-08-02,,,Pending,398,Individual Forest Right,False,None,None
FRA-02265,Kerala,Wayanad,11.821824,76.474126,0.76,0.67,2022-11-04,2022-11-15,2022-11-28,Approved,0,Community Forest Right,False,None,None
FRA-02266,Kerala,Wayanad,10.980223,75.427288,11.44,9.8,2025-09-16,,,Pending,353,Individual Forest Right,False,None,None
FRA-02267,Chhattisgarh,Kanker,22.25491,81.224223,3.56,3.15,2025-02-22,2025-03-25,2025-04-04,Approved,0,Community Forest Right,False,None,None
FRA-02268,Kerala,Palakkad,9.559439,75.340254,4.29,3.87,2024-02-28,,,Pending,919,Community Forest Right,False,None,None
FRA-02269,Kerala,Kannur,10.59044,76.173934,11.99,12.48,2022-02-20,,,Pending,1657,Community Forest Resource,False,None,None
FRA-02270,Madhya Pradesh,Mandla,22.762689,80.784148,14.43,27.13,2024-04-15,,,Pending,872,Individual Forest Right,True,Land Record Mismatch,High
FRA-02271,Odisha,Keonjhar,19.512608,84.67705,54.78,60.93,2023-07-29,2023-10-01,2023-12-15,Approved,0,Individual Forest Right,True,Unusual Claim Area,High
FRA-02272,Kerala,Idukki,11.02003,76.966372,8.64,9.56,2025-09-16,2025-12-25,,Under Verification,353,Community Forest Right,False,None,None
FRA-02273,Kerala,Palakkad,12.064028,77.080312,3.63,4.15,2023-09-06,,,Pending,1094,Individual Forest Right,False,None,None
FRA-02274,Kerala,Kannur,10.918287,76.311312,0.57,0.57,2025-06-01,2025-07-01,2025-09-27,Approved,0,Community Forest Resource,False,None,None
FRA-02275,Maharashtra,Nandurbar,20.627549,78.190623,4.86,11.0,2024-05-31,2024-09-04,,Under Verification,826,Community Forest Right,True,Land Record Mismatch,Medium
FRA-02276,Madhya Pradesh,Mandla,24.486315,77.127524,3.04,2.83,2024-08-07,2024-11-30,2024-12-06,Approved,0,Individual Forest Right,False,None,None
FRA-02277,Odisha,Mayurbhanj,22.171064,86.411712,11.5,11.73,2025-11-28,,,Pending,280,Community Forest Resource,False,None,None
FRA-02278,Jharkhand,Gumla,24.111341,86.066017,46.92,52.91,2023-12-09,,,Pending,1000,Individual Forest Right,True,Unusual Claim Area,Medium
FRA-02279,Jharkhand,Gumla,22.837706,87.474824,2.09,1.8,2022-09-29,,,Pending,1436,Community Forest Right,False,None,None
FRA-02280,Odisha,Koraput,21.131734,87.317397,1.87,0.99,2023-04-10,2023-05-25,,Under Verification,1243,Individual Forest Right,True,Land Record Mismatch,High
FRA-02281,Jharkhand,Simdega,22.470227,86.791205,11.01,9.69,2022-10-19,2022-12-13,2023-03-01,Approved,0,Individual Forest Right,False,None,None
FRA-02282,Jharkhand,Simdega,22.461626,85.612517,4.33,4.4,2025-10-15,2025-11-17,2026-02-15,Approved,0,Community Forest Resource,False,None,None
FRA-02283,Madhya Pradesh,Mandla,23.239775,79.114119,8.53,8.98,2023-12-15,2024-01-04,2024-02-11,Approved,0,Community Forest Right,False,None,None
FRA-02284,Madhya Pradesh,Bhopal,23.461501,78.296716,1.64,1.72,2026-02-04,2023-11-10,2023-12-25,Under Verification,212,Community Forest Right,True,Delayed Processing,Medium
FRA-02285,Chhattisgarh,Dantewada,18.932385,82.535603,6.53,5.94,2025-02-18,2024-07-16,2024-08-07,Under Verification,563,Community Forest Right,True,Delayed Processing,High
FRA-02286,Kerala,Palakkad,11.783152,75.64332,1.97,2.12,2022-02-28,,,Pending,1649,Community Forest Resource,False,None,None
FRA-02287,Kerala,Kannur,10.676765,75.035289,9.51,8.25,2025-03-15,2025-06-10,2025-08-09,Approved,0,Individual Forest Right,False,None,None
FRA-02288,Maharashtra,Chandrapur,21.799282,76.486613,7.66,6.65,2025-01-04,2024-01-10,2024-04-02,Pending,608,Community Forest Right,True,Delayed Processing,Medium
FRA-02289,Chhattisgarh,Bastar,22.738214,82.856805,65.15,71.99,2024-12-23,2025-05-17,,Under Verification,620,Individual Forest Right,True,Unusual Claim Area,High
FRA-02290,Kerala,Idukki,11.450639,75.142961,5.85,6.4,2024-03-31,2024-04-15,2024-05-08,Approved,0,Community Forest Resource,False,None,None
FRA-02291,Chhattisgarh,Bastar,19.231583,80.397544,5.75,5.53,2024-02-15,,,Pending,932,Individual Forest Right,False,None,None
FRA-02292,Madhya Pradesh,Mandla,22.732011,77.097131,4.64,4.3,2022-06-24,,,Pending,1533,Community Forest Resource,False,None,None
FRA-02293,Odisha,Mayurbhanj,20.243515,85.767667,3.76,1.67,2022-03-20,,,Pending,1629,Community Forest Right,True,Land Record Mismatch,High
FRA-02294,Madhya Pradesh,Dindori,22.367693,79.338186,14.26,16.13,2025-09-24,2025-09-10,2025-10-28,Pending,345,Community Forest Resource,True,Delayed Processing,High
FRA-02295,Madhya Pradesh,Dindori,22.353136,79.457535,11.28,12.06,2024-09-28,2024-12-26,2025-01-19,Approved,0,Community Forest Resource,False,None,None
FRA-02296,Maharashtra,Nandurbar,19.588281,80.199141,11.91,11.71,2025-03-06,,,Pending,547,Individual Forest Right,True,Delayed Processing,Medium
FRA-02297,Maharashtra,Nashik,19.949296,76.536567,4.73,5.23,2025-06-21,,,Rejected,0,Individual Forest Right,False,None,None
FRA-02298,Madhya Pradesh,Mandla,22.68541,77.204474,12.23,11.05,2022-09-26,,,Rejected,0,Community Forest Resource,False,None,None
FRA-02299,Chhattisgarh,Dantewada,20.774758,80.102645,3.59,4.06,2025-07-30,2025-08-16,2025-09-11,Approved,0,Community Forest Resource,False,None,None
FRA-02300,Jharkhand,West Singhbhum,23.903081,84.165308,9.9,8.56,2022-01-18,,,Pending,1690,Individual Forest Right,False,None,None
FRA-02301,Odisha,Sundargarh,21.239376,85.066572,5.55,5.76,2025-01-03,,,Rejected,0,Community Forest Right,False,None,None
FRA-02302,Maharashtra,Gadchiroli,18.178614,80.109327,12.54,13.16,2024-07-03,2024-07-19,2024-09-02,Approved,0,Individual Forest Right,False,None,None
FRA-02303,Odisha,Sundargarh,18.740426,85.454714,2.82,2.4,2023-04-27,,,Pending,1226,Community Forest Right,False,None,None
FRA-02304,Chhattisgarh,Kanker,18.157631,81.65052,3.36,3.59,2025-10-08,2025-11-02,2026-01-27,Approved,0,Community Forest Right,False,None,None
FRA-02305,Madhya Pradesh,Balaghat,23.343678,79.706947,10.36,10.82,2025-12-07,,,Pending,271,Community Forest Right,False,None,None
FRA-02306,Maharashtra,Gadchiroli,19.863427,77.082246,10.74,11.22,2024-05-27,,,Pending,830,Individual Forest Right,False,None,None
FRA-02307,Odisha,Mayurbhanj,18.82317,86.144372,1.95,1.69,2024-08-28,2025-01-01,,Under Verification,737,Individual Forest Right,False,None,None
FRA-02308,Odisha,Keonjhar,21.985446,83.12413,9.99,10.09,2025-05-27,2025-06-29,2025-07-31,Approved,0,Community Forest Resource,False,None,None
FRA-02309,Odisha,Koraput,21.558991,86.969686,8.97,7.84,2023-06-27,,,Rejected,0,Community Forest Right,False,None,None
FRA-02310,Odisha,Sundargarh,20.922032,83.637956,6.23,5.93,2022-08-24,,,Pending,1472,Community Forest Right,False,None,None
FRA-02311,Madhya Pradesh,Balaghat,23.097977,79.937446,12.26,12.95,2025-10-15,,,Pending,324,Individual Forest Right,False,None,None
FRA-02312,Jharkhand,Gumla,23.461636,85.402772,2.45,2.38,2024-02-21,2024-06-22,,Under Verification,926,Individual Forest Right,False,None,None
FRA-02313,Odisha,Keonjhar,20.477676,85.064449,3.34,3.69,2024-12-10,,,Pending,633,Individual Forest Right,False,None,None
FRA-02314,Chhattisgarh,Kanker,19.087077,81.96583,10.9,12.39,2025-09-28,2025-10-16,2025-11-28,Approved,0,Community Forest Right,False,None,None
FRA-02315,Jharkhand,Gumla,23.235598,84.716777,3.67,3.45,2025-10-24,2026-02-14,2026-04-18,Approved,0,Individual Forest Right,False,None,None
FRA-02316,Kerala,Idukki,10.022347,76.677356,5.93,5.57,2023-04-10,2023-06-09,2023-08-21,Approved,0,Individual Forest Right,False,None,None
FRA-02317,Jharkhand,Simdega,23.197995,86.946016,6.13,2.53,2025-03-03,2025-05-17,2025-07-22,Approved,0,Individual Forest Right,True,Land Record Mismatch,Medium
FRA-02318,Madhya Pradesh,Mandla,23.353209,78.945685,9.25,9.64,2024-04-02,,,Rejected,0,Individual Forest Right,False,None,None
FRA-02319,Odisha,Mayurbhanj,21.48728,83.652351,14.35,16.45,2025-05-01,2025-08-01,2025-08-27,Approved,0,Individual Forest Right,False,None,None
FRA-02320,Jharkhand,Simdega,23.495775,84.980558,1.13,1.05,2024-02-12,,,Rejected,0,Community Forest Resource,False,None,None
FRA-02321,Madhya Pradesh,Bhopal,23.35804,77.681355,7.95,7.43,2022-09-12,,,Pending,1453,Community Forest Resource,False,None,None
FRA-02322,Madhya Pradesh,Dindori,23.741308,80.090707,14.22,14.87,2024-09-10,2024-11-16,2025-01-27,Approved,0,Community Forest Resource,False,None,None
FRA-02323,Maharashtra,Chandrapur,21.330523,76.816514,4.63,4.79,2025-07-02,,,Pending,429,Individual Forest Right,False,None,None
FRA-02324,Madhya Pradesh,Dindori,22.310597,78.116637,12.88,14.0,2024-05-05,2024-08-17,2024-09-03,Approved,0,Community Forest Resource,False,None,None
FRA-02325,Kerala,Wayanad,12.484703,77.228465,0.64,0.56,2023-03-09,,,Pending,1275,Community Forest Resource,False,None,None
FRA-02326,Odisha,Sundargarh,21.946282,83.426208,88.3,86.94,2022-12-11,,,Pending,1363,Individual Forest Right,True,Unusual Claim Area,High
FRA-02327,Kerala,Kannur,9.810067,76.491709,9.33,8.54,2025-02-22,,,Pending,559,Individual Forest Right,False,None,None
FRA-02328,Maharashtra,Gadchiroli,19.567855,80.824238,2.92,2.52,2023-03-01,,,Pending,1283,Individual Forest Right,False,None,None
FRA-02329,Jharkhand,West Singhbhum,22.870148,86.783706,10.59,9.37,2023-03-31,,,Rejected,0,Community Forest Right,False,None,None
FRA-02330,Madhya Pradesh,Balaghat,22.192204,79.455681,8.14,7.57,2022-03-17,,,Rejected,0,Community Forest Resource,False,None,None
FRA-02331,Maharashtra,Gadchiroli,18.97069,78.380443,9.22,9.91,2024-01-31,,,Pending,947,Individual Forest Right,False,None,None
FRA-02332,Odisha,Sundargarh,22.115221,86.69148,3.9,4.01,2025-05-27,,,Under Verification,465,Community Forest Resource,True,Delayed Processing,Medium
FRA-02333,Chhattisgarh,Kanker,18.7275,80.96647,14.44,13.76,2024-06-15,,,Rejected,0,Community Forest Resource,False,None,None
FRA-02334,Kerala,Palakkad,10.468014,77.201462,1.47,0.84,2023-06-05,,,Rejected,0,Community Forest Resource,True,Land Record Mismatch,Medium
FRA-02335,Chhattisgarh,Dantewada,22.05549,80.364543,8.36,7.69,2025-07-12,2025-06-22,2025-07-09,Under Verification,419,Individual Forest Right,True,Delayed Processing,High
FRA-02336,Odisha,Sundargarh,19.370512,83.237246,4.01,4.48,2024-08-21,,,Pending,744,Community Forest Resource,False,None,None
FRA-02337,Odisha,Koraput,21.102449,84.928921,10.09,9.67,2025-04-01,,,Pending,521,Community Forest Right,False,None,None
FRA-02338,Kerala,Wayanad,11.18721,76.873146,9.28,8.38,2022-08-09,,,Pending,1487,Individual Forest Right,False,None,None
FRA-02339,Odisha,Koraput,20.174148,85.287,1.46,0.45,2025-06-27,,,Pending,434,Community Forest Right,True,Land Record Mismatch,High
FRA-02340,Kerala,Palakkad,11.619837,77.436552,10.74,9.71,2022-09-29,,,Pending,1436,Community Forest Resource,False,None,None
FRA-02341,Odisha,Koraput,21.253382,85.363448,11.98,12.78,2022-05-06,2022-06-16,2022-07-14,Approved,0,Community Forest Right,False,None,None
FRA-02342,Odisha,Keonjhar,22.10715,83.42365,8.39,8.76,2026-02-05,2023-10-28,2023-12-09,Pending,211,Individual Forest Right,True,Delayed Processing,High
FRA-02343,Kerala,Idukki,10.233952,77.09196,5.83,6.18,2023-09-23,2023-11-16,2023-12-02,Approved,0,Community Forest Resource,False,None,None
FRA-02344,Maharashtra,Nashik,20.62948,80.838998,6.54,6.1,2025-06-08,,,Rejected,0,Community Forest Right,False,None,None
FRA-02345,Jharkhand,Simdega,22.481014,85.887031,10.75,12.03,2024-08-15,2024-10-03,2024-12-28,Approved,0,Community Forest Right,False,None,None
FRA-02346,Madhya Pradesh,Bhopal,23.271427,80.298607,6.09,5.32,2022-05-25,2022-06-29,2022-08-13,Approved,0,Community Forest Resource,False,None,None
FRA-02347,Odisha,Mayurbhanj,21.497396,85.671345,3.04,3.16,2022-12-24,2023-02-20,2023-04-14,Approved,0,Community Forest Resource,False,None,None
FRA-02348,Jharkhand,Gumla,23.938419,85.994466,3.89,3.93,2022-07-11,,,Pending,1516,Individual Forest Right,False,None,None
FRA-02349,Kerala,Palakkad,11.326489,75.040606,9.51,2.86,2023-09-18,2023-12-20,2024-03-14,Approved,0,Community Forest Resource,True,Land Record Mismatch,High
FRA-02350,Kerala,Palakkad,10.310477,75.478289,44.61,42.88,2025-01-08,,,Pending,604,Community Forest Resource,True,Unusual Claim Area,High
FRA-02351,Maharashtra,Nashik,19.74472,77.898352,11.11,11.14,2024-01-12,,,Rejected,0,Individual Forest Right,False,None,None
FRA-02352,Kerala,Palakkad,10.651157,76.550555,2.44,2.32,2025-09-22,2022-03-20,2022-05-07,Under Verification,347,Community Forest Resource,True,Delayed Processing,Medium
FRA-02353,Kerala,Idukki,11.326336,77.197845,13.86,5.34,2022-01-17,2022-03-22,2022-06-12,Approved,0,Community Forest Right,True,Land Record Mismatch,High
FRA-02354,Jharkhand,Simdega,22.112004,85.602674,12.14,12.22,2022-01-10,2022-04-05,2022-06-24,Approved,0,Individual Forest Right,False,None,None
FRA-02355,Maharashtra,Nashik,18.849066,75.198174,61.5,62.22,2025-08-14,2025-10-11,2025-12-21,Approved,0,Community Forest Resource,True,Unusual Claim Area,High
FRA-02356,Odisha,Sundargarh,18.565604,86.153583,7.13,7.89,2025-08-08,2025-12-06,2026-02-04,Approved,0,Individual Forest Right,False,None,None
FRA-02357,Odisha,Sundargarh,22.13274,83.363571,14.47,13.23,2024-12-08,2025-03-19,2025-05-20,Approved,0,Community Forest Right,False,None,None
FRA-02358,Jharkhand,Simdega,23.047078,86.547635,0.5,0.48,2025-01-16,,,Rejected,0,Individual Forest Right,False,None,None
FRA-02359,Kerala,Wayanad,10.653078,76.655466,72.75,75.8,2025-10-30,2025-12-15,2026-01-15,Approved,0,Community Forest Right,True,Unusual Claim Area,High
FRA-02360,Maharashtra,Chandrapur,18.074586,80.811239,13.93,13.2,2024-10-28,,,Pending,676,Community Forest Right,True,Delayed Processing,High
FRA-02361,Odisha,Koraput,19.042858,86.203699,13.57,15.2,2025-02-22,2025-05-03,2025-07-15,Approved,0,Community Forest Right,False,None,None
FRA-02362,Jharkhand,Ranchi,22.751657,84.116524,2.39,2.07,2025-10-29,2026-03-25,,Under Verification,310,Community Forest Resource,False,None,None
FRA-02363,Jharkhand,West Singhbhum,23.86142,86.644495,13.18,12.39,2025-07-01,,,Under Verification,430,Community Forest Resource,True,Delayed Processing,Medium
FRA-02364,Jharkhand,Ranchi,23.677933,84.685518,7.93,7.27,2022-06-23,2022-07-13,2022-08-05,Approved,0,Community Forest Resource,False,None,None
FRA-02365,Jharkhand,Simdega,22.210148,86.822794,9.9,8.42,2023-08-26,,,Pending,1105,Community Forest Right,False,None,None
FRA-02366,Chhattisgarh,Dantewada,20.298332,81.572543,11.51,9.95,2023-03-19,2023-05-21,2023-06-13,Approved,0,Individual Forest Right,False,None,None
FRA-02367,Kerala,Kannur,10.146896,75.760111,4.58,4.76,2023-06-13,2023-09-30,2023-12-20,Approved,0,Community Forest Resource,False,None,None
FRA-02368,Kerala,Palakkad,10.197887,76.343042,10.28,9.2,2023-04-01,2023-07-06,2023-09-02,Approved,0,Community Forest Resource,False,None,None
FRA-02369,Kerala,Wayanad,10.84548,75.549602,2.3,2.26,2023-07-28,2023-12-03,,Under Verification,1134,Community Forest Right,False,None,None
FRA-02370,Chhattisgarh,Dantewada,22.450961,81.164373,14.18,13.94,2023-10-04,,,Pending,1066,Community Forest Resource,False,None,None
FRA-02371,Maharashtra,Nashik,21.254869,75.119729,7.69,8.32,2024-02-06,,,Pending,941,Community Forest Resource,False,None,None
FRA-02372,Chhattisgarh,Surguja,22.196554,82.138586,2.51,5.73,2023-01-25,2023-04-03,2023-05-10,Approved,0,Community Forest Right,True,Land Record Mismatch,Medium
FRA-02373,Jharkhand,West Singhbhum,23.393932,84.984874,4.34,3.88,2024-09-10,2024-11-04,2024-11-19,Approved,0,Community Forest Right,False,None,None
FRA-02374,Odisha,Mayurbhanj,19.69219,83.342141,11.44,12.35,2025-08-27,,,Rejected,0,Community Forest Resource,False,None,None
FRA-02375,Madhya Pradesh,Bhopal,23.608374,77.186045,12.84,13.76,2024-04-17,2024-06-11,2024-08-19,Approved,0,Community Forest Resource,False,None,None
FRA-02376,Odisha,Keonjhar,19.873621,85.364002,90.54,80.49,2025-09-07,2025-10-18,2025-12-05,Approved,0,Community Forest Right,True,Unusual Claim Area,Medium
FRA-02377,Jharkhand,Ranchi,23.578245,87.203976,10.23,8.74,2022-03-17,2022-03-30,2022-06-16,Approved,0,Individual Forest Right,False,None,None
FRA-02378,Madhya Pradesh,Balaghat,24.037332,79.339657,11.43,10.96,2024-05-13,2024-08-07,2024-10-27,Approved,0,Community Forest Resource,False,None,None
FRA-02379,Kerala,Kannur,12.000644,77.484046,1.76,1.55,2023-10-14,,,Pending,1056,Community Forest Right,False,None,None
FRA-02380,Odisha,Sundargarh,20.205541,84.403815,4.94,4.86,2026-03-08,,,Under Verification,180,Community Forest Right,True,Delayed Processing,High
FRA-02381,Kerala,Kannur,11.699233,76.029022,10.23,11.33,2024-02-25,,,Pending,922,Community Forest Resource,False,None,None
FRA-02382,Madhya Pradesh,Mandla,23.780037,78.47544,5.47,5.63,2024-02-07,2024-05-09,2024-08-01,Approved,0,Community Forest Resource,False,None,None
FRA-02383,Chhattisgarh,Kanker,21.458277,80.010827,3.12,3.31,2024-10-13,2024-11-28,2024-12-05,Approved,0,Community Forest Right,False,None,None
FRA-02384,Kerala,Palakkad,11.369425,76.055828,13.76,11.97,2022-04-23,2022-05-30,2022-06-15,Approved,0,Community Forest Right,False,None,None
FRA-02385,Madhya Pradesh,Mandla,23.211384,78.804269,4.03,4.09,2022-07-04,2022-10-15,2022-12-23,Approved,0,Community Forest Right,False,None,None
FRA-02386,Jharkhand,Simdega,24.16186,86.896648,0.54,0.29,2023-06-22,2023-07-04,2023-07-30,Approved,0,Community Forest Right,True,Land Record Mismatch,Medium
FRA-02387,Madhya Pradesh,Dindori,23.034049,80.702685,13.04,12.96,2022-07-15,2022-08-20,2022-10-10,Approved,0,Community Forest Resource,False,None,None
FRA-02388,Chhattisgarh,Bastar,18.706771,81.54235,3.34,3.74,2024-05-06,,,Rejected,0,Individual Forest Right,False,None,None
FRA-02389,Odisha,Mayurbhanj,22.303465,87.210492,11.75,11.27,2022-12-10,,,Pending,1364,Community Forest Resource,False,None,None
FRA-02390,Odisha,Keonjhar,22.007297,86.63029,1.34,1.37,2023-09-14,,,Rejected,0,Individual Forest Right,False,None,None
FRA-02391,Chhattisgarh,Dantewada,19.65146,82.422953,12.67,14.47,2022-08-15,2022-10-08,2022-12-31,Approved,0,Community Forest Resource,False,None,None
FRA-02392,Chhattisgarh,Bastar,20.937983,80.933147,11.55,11.8,2025-01-26,2025-02-15,,Under Verification,586,Individual Forest Right,False,None,None
FRA-02393,Maharashtra,Gadchiroli,21.276497,79.929189,3.24,2.88,2025-05-27,2025-07-20,,Under Verification,465,Individual Forest Right,False,None,None
FRA-02394,Madhya Pradesh,Mandla,23.435583,79.978251,4.01,4.33,2022-04-17,,,Rejected,0,Individual Forest Right,False,None,None
FRA-02395,Chhattisgarh,Bastar,20.575052,80.464213,13.62,12.78,2022-06-28,2022-08-28,2022-09-13,Approved,0,Individual Forest Right,False,None,None
FRA-02396,Odisha,Keonjhar,19.949773,86.820387,14.31,13.54,2022-03-21,2022-07-12,2022-08-25,Approved,0,Community Forest Right,False,None,None
FRA-02397,Jharkhand,Ranchi,23.679297,84.349329,1.19,1.37,2024-04-14,2024-07-03,2024-08-15,Approved,0,Community Forest Right,False,None,None
FRA-02398,Odisha,Sundargarh,20.127109,86.777346,6.77,7.28,2025-10-15,2023-11-05,2023-11-25,Pending,324,Community Forest Right,True,Delayed Processing,Medium
FRA-02399,Maharashtra,Chandrapur,19.364973,73.440611,4.95,4.33,2025-06-19,2025-07-25,,Under Verification,442,Individual Forest Right,False,None,None
FRA-02400,Kerala,Kannur,12.446607,75.951338,9.43,8.06,2025-12-09,,,Rejected,0,Individual Forest Right,False,None,None
FRA-02401,Kerala,Idukki,9.901993,76.850134,6.37,5.68,2024-10-28,2024-12-15,,Under Verification,676,Community Forest Resource,False,None,None
FRA-02402,Jharkhand,Simdega,24.319677,85.40738,9.93,9.58,2025-06-20,,,Pending,441,Individual Forest Right,False,None,None
FRA-02403,Madhya Pradesh,Balaghat,23.578568,78.986277,12.09,12.85,2022-01-08,2022-03-31,2022-05-04,Approved,0,Community Forest Resource,False,None,None
FRA-02404,Kerala,Idukki,10.97683,76.900158,8.49,8.38,2025-12-11,2026-01-08,2026-01-16,Approved,0,Community Forest Resource,False,None,None
FRA-02405,Kerala,Kannur,12.238607,75.668328,5.42,5.41,2022-09-21,2022-10-25,2023-01-09,Approved,0,Individual Forest Right,False,None,None
FRA-02406,Chhattisgarh,Surguja,18.441862,81.004031,13.56,14.83,2023-11-10,,,Pending,1029,Community Forest Resource,False,None,None
FRA-02407,Madhya Pradesh,Balaghat,24.283819,80.790901,6.29,6.87,2026-02-23,2022-04-13,2022-05-10,Under Verification,193,Community Forest Right,True,Delayed Processing,Medium
FRA-02408,Odisha,Keonjhar,22.045636,84.185705,14.34,13.91,2025-05-28,2025-06-17,,Under Verification,464,Individual Forest Right,False,None,None
FRA-02409,Odisha,Koraput,21.038257,87.374236,8.97,8.51,2024-03-14,2024-05-29,,Under Verification,904,Individual Forest Right,False,None,None
FRA-02410,Jharkhand,Simdega,23.567512,85.240467,12.18,11.16,2025-02-18,,,Pending,563,Community Forest Resource,False,None,None
FRA-02411,Jharkhand,West Singhbhum,22.868987,86.440399,75.3,84.0,2023-05-02,2023-06-30,2023-09-27,Approved,0,Individual Forest Right,True,Unusual Claim Area,High
FRA-02412,Maharashtra,Gadchiroli,21.538884,80.938321,12.09,13.43,2025-12-17,2025-03-29,2025-06-03,Under Verification,261,Community Forest Resource,True,Delayed Processing,High
FRA-02413,Maharashtra,Gadchiroli,18.857276,73.133411,5.27,5.68,2023-06-10,2023-10-31,,Under Verification,1182,Community Forest Right,False,None,None
FRA-02414,Kerala,Palakkad,11.180358,77.376846,8.76,8.26,2025-04-21,,,Rejected,0,Community Forest Right,False,None,None
FRA-02415,Maharashtra,Gadchiroli,21.828133,74.866868,6.89,7.02,2025-04-20,2025-05-11,2025-07-07,Approved,0,Community Forest Resource,False,None,None
FRA-02416,Madhya Pradesh,Mandla,23.821782,77.504378,11.09,11.07,2025-02-13,2025-04-29,2025-07-09,Approved,0,Community Forest Resource,False,None,None
FRA-02417,Maharashtra,Nashik,21.338853,75.653829,10.49,9.39,2022-12-08,2023-03-12,2023-06-09,Approved,0,Individual Forest Right,False,None,None
FRA-02418,Chhattisgarh,Kanker,21.584521,82.70321,11.52,10.17,2023-03-24,2023-05-20,2023-06-20,Approved,0,Community Forest Resource,False,None,None
FRA-02419,Maharashtra,Chandrapur,19.708376,78.819945,10.38,11.41,2024-09-20,2025-03-12,,Under Verification,714,Individual Forest Right,False,None,None
FRA-02420,Maharashtra,Nashik,19.114168,79.413681,3.67,4.19,2025-10-09,,,Under Verification,330,Individual Forest Right,True,Delayed Processing,High
FRA-02421,Chhattisgarh,Surguja,21.180892,80.243483,7.42,8.3,2025-11-01,,,Rejected,0,Community Forest Resource,False,None,None
FRA-02422,Chhattisgarh,Dantewada,19.37269,82.125613,77.87,89.15,2025-11-05,2026-02-04,2026-03-18,Approved,0,Individual Forest Right,True,Unusual Claim Area,High
FRA-02423,Jharkhand,West Singhbhum,22.808076,84.421051,11.35,10.05,2025-06-17,,,Pending,444,Community Forest Right,False,None,None
FRA-02424,Chhattisgarh,Surguja,21.065643,81.066778,5.12,5.53,2025-08-06,2025-08-30,2025-11-21,Approved,0,Community Forest Resource,False,None,None
FRA-02425,Maharashtra,Nashik,18.950331,78.781006,13.75,11.89,2023-02-28,2023-05-13,2023-06-10,Approved,0,Individual Forest Right,False,None,None
FRA-02426,Jharkhand,Gumla,24.092809,84.300515,11.18,11.43,2025-08-28,,,Pending,372,Community Forest Right,False,None,None
FRA-02427,Chhattisgarh,Kanker,20.621628,82.277974,11.98,10.96,2025-09-19,,,Pending,350,Community Forest Right,False,None,None
FRA-02428,Maharashtra,Gadchiroli,20.270902,77.1592,4.18,1.6,2022-04-11,2022-09-30,,Under Verification,1607,Community Forest Right,True,Land Record Mismatch,Medium
FRA-02429,Maharashtra,Gadchiroli,18.287958,79.834658,13.12,12.88,2023-05-11,2023-07-27,2023-09-21,Approved,0,Community Forest Resource,False,None,None
FRA-02430,Jharkhand,Ranchi,24.32136,85.142036,4.45,4.96,2023-12-08,2024-01-06,2024-03-01,Approved,0,Community Forest Right,False,None,None
FRA-02431,Jharkhand,Simdega,24.328487,86.886434,6.34,6.72,2024-10-12,2025-01-10,2025-02-26,Approved,0,Community Forest Right,False,None,None
FRA-02432,Kerala,Idukki,11.372153,75.157416,9.19,8.23,2024-12-22,,,Rejected,0,Community Forest Right,False,None,None
FRA-02433,Kerala,Palakkad,11.909059,75.911077,1.12,1.28,2026-02-16,2024-06-26,,Pending,200,Community Forest Resource,True,Delayed Processing,Medium
FRA-02434,Jharkhand,West Singhbhum,22.85046,85.12009,2.51,5.37,2024-03-02,2024-04-14,2024-05-16,Approved,0,Community Forest Right,True,Land Record Mismatch,High
FRA-02435,Kerala,Kannur,9.507583,76.402947,11.76,10.07,2024-09-11,,,Rejected,0,Community Forest Resource,False,None,None
FRA-02436,Kerala,Wayanad,11.32145,75.161685,7.51,7.22,2022-11-10,,,Pending,1394,Community Forest Right,False,None,None
FRA-02437,Madhya Pradesh,Mandla,23.510038,77.660845,3.49,3.07,2023-07-19,,,Pending,1143,Community Forest Resource,False,None,None
FRA-02438,Chhattisgarh,Surguja,21.314818,81.427606,6.88,6.74,2024-02-16,,,Rejected,0,Individual Forest Right,False,None,None
FRA-02439,Jharkhand,Ranchi,22.904112,85.060473,9.38,9.8,2025-12-21,2026-04-16,2026-05-30,Approved,0,Community Forest Right,False,None,None
FRA-02440,Maharashtra,Nashik,20.628971,73.814789,12.97,14.14,2024-10-26,2023-01-03,,Pending,678,Community Forest Right,True,Delayed Processing,High
FRA-02441,Kerala,Palakkad,10.395374,75.281383,3.55,3.65,2024-08-13,2024-08-29,2024-11-26,Approved,0,Individual Forest Right,False,None,None
FRA-02442,Odisha,Keonjhar,20.349375,86.864637,11.61,12.01,2023-06-23,2023-07-12,2023-10-09,Approved,0,Community Forest Resource,False,None,None
FRA-02443,Jharkhand,Gumla,22.432372,87.299045,7.29,7.29,2024-04-01,2024-05-09,2024-06-26,Approved,0,Community Forest Resource,False,None,None
FRA-02444,Kerala,Kannur,10.427062,75.98377,5.27,5.51,2024-08-15,2024-11-18,2025-01-02,Approved,0,Individual Forest Right,False,None,None
FRA-02445,Maharashtra,Chandrapur,21.866953,75.796145,0.76,0.82,2024-10-25,,,Under Verification,679,Community Forest Right,True,Delayed Processing,High
FRA-02446,Maharashtra,Gadchiroli,20.614484,76.219616,2.75,3.08,2024-12-23,,,Rejected,0,Community Forest Resource,False,None,None
FRA-02447,Madhya Pradesh,Balaghat,23.026362,77.953345,11.25,11.77,2025-07-30,2025-08-09,2025-09-21,Approved,0,Individual Forest Right,False,None,None
FRA-02448,Odisha,Sundargarh,21.727455,87.486911,6.95,7.4,2023-06-06,,,Rejected,0,Community Forest Resource,False,None,None
FRA-02449,Jharkhand,Gumla,24.435484,84.435699,5.56,5.26,2023-11-28,2024-04-18,,Under Verification,1011,Community Forest Right,False,None,None
FRA-02450,Odisha,Keonjhar,21.355539,84.810899,2.28,1.96,2025-05-31,,,Rejected,0,Individual Forest Right,False,None,None
FRA-02451,Jharkhand,Simdega,23.539437,84.109339,12.77,6.03,2024-06-16,,,Rejected,0,Community Forest Right,True,Land Record Mismatch,High
FRA-02452,Maharashtra,Nashik,20.802916,74.424784,8.17,7.71,2022-07-20,2022-10-28,2022-11-21,Approved,0,Community Forest Right,False,None,None
FRA-02453,Maharashtra,Nandurbar,20.65833,79.165203,13.89,13.57,2024-04-02,,,Pending,885,Individual Forest Right,False,None,None
FRA-02454,Jharkhand,West Singhbhum,24.499643,85.28805,10.27,9.83,2024-12-15,,,Pending,628,Individual Forest Right,False,None,None
FRA-02455,Jharkhand,Gumla,22.332099,85.884158,4.42,3.87,2025-06-03,2023-05-07,2023-05-25,Pending,458,Individual Forest Right,True,Delayed Processing,Medium
FRA-02456,Madhya Pradesh,Dindori,24.276939,78.23955,7.64,7.2,2025-06-12,2025-08-12,2025-09-14,Approved,0,Community Forest Resource,False,None,None
FRA-02457,Kerala,Kannur,10.824888,77.050459,1.41,1.49,2024-12-01,2025-01-30,,Under Verification,642,Community Forest Resource,False,None,None
FRA-02458,Madhya Pradesh,Bhopal,24.285432,79.694178,3.81,3.65,2025-09-11,2025-09-05,2025-11-20,Pending,358,Community Forest Right,True,Delayed Processing,High
FRA-02459,Chhattisgarh,Dantewada,19.186423,82.188379,12.24,13.88,2025-12-20,,,Rejected,0,Community Forest Resource,False,None,None
FRA-02460,Maharashtra,Nashik,19.716657,77.666192,1.78,1.58,2022-09-21,2022-11-12,,Under Verification,1444,Community Forest Resource,False,None,None
FRA-02461,Kerala,Palakkad,10.466814,75.397667,5.98,6.74,2025-04-14,,,Pending,508,Community Forest Resource,False,None,None
FRA-02462,Chhattisgarh,Surguja,22.05006,82.595441,6.22,6.7,2023-10-15,,,Pending,1055,Community Forest Resource,False,None,None
FRA-02463,Odisha,Sundargarh,22.158854,86.150299,3.12,3.29,2023-10-12,2023-10-31,2023-11-19,Approved,0,Community Forest Resource,False,None,None
FRA-02464,Maharashtra,Chandrapur,18.341312,76.056372,7.03,7.05,2022-02-07,,,Pending,1670,Individual Forest Right,False,None,None
FRA-02465,Maharashtra,Gadchiroli,20.760067,74.731102,12.64,13.48,2025-12-16,2024-12-08,2025-02-19,Under Verification,262,Community Forest Right,True,Delayed Processing,High
FRA-02466,Jharkhand,Gumla,22.414531,87.311415,4.29,1.52,2023-02-11,2023-03-27,2023-04-08,Approved,0,Community Forest Right,True,Land Record Mismatch,Medium
FRA-02467,Madhya Pradesh,Balaghat,22.004049,78.926733,11.78,13.26,2024-08-17,2024-09-07,,Under Verification,748,Individual Forest Right,False,None,None
FRA-02468,Jharkhand,West Singhbhum,23.088726,87.399635,3.94,3.9,2022-10-23,,,Rejected,0,Community Forest Right,False,None,None
FRA-02469,Jharkhand,West Singhbhum,23.722607,84.229882,6.53,7.43,2024-10-18,2024-12-03,2025-02-15,Approved,0,Community Forest Resource,False,None,None
FRA-02470,Jharkhand,Ranchi,23.641927,84.360423,6.15,6.29,2022-04-02,2022-07-26,2022-10-24,Approved,0,Community Forest Right,False,None,None
FRA-02471,Kerala,Idukki,11.887536,75.641757,6.73,6.32,2025-04-20,,,Pending,502,Community Forest Right,False,None,None
FRA-02472,Kerala,Palakkad,11.327678,75.051083,11.88,10.99,2025-03-11,2025-06-01,2025-08-07,Approved,0,Individual Forest Right,False,None,None
FRA-02473,Odisha,Mayurbhanj,19.845172,85.979017,2.16,2.46,2024-07-11,,,Pending,785,Individual Forest Right,False,None,None
FRA-02474,Kerala,Idukki,11.17596,75.249603,6.26,6.34,2025-04-01,2025-04-12,2025-06-15,Approved,0,Individual Forest Right,False,None,None
FRA-02475,Odisha,Mayurbhanj,18.767939,84.120357,13.57,14.5,2025-11-13,2024-03-21,,Pending,295,Community Forest Right,True,Delayed Processing,Medium
FRA-02476,Maharashtra,Gadchiroli,20.201612,77.080353,5.82,5.43,2022-01-22,2022-05-19,2022-08-09,Approved,0,Community Forest Right,False,None,None
FRA-02477,Maharashtra,Nandurbar,21.024021,79.620449,3.29,3.62,2025-08-01,2025-10-02,2025-11-22,Approved,0,Community Forest Right,False,None,None
FRA-02478,Madhya Pradesh,Dindori,22.778746,80.673105,5.97,5.46,2025-11-14,,,Rejected,0,Individual Forest Right,False,None,None
FRA-02479,Kerala,Wayanad,10.412775,77.268365,11.59,10.37,2025-01-17,2025-02-07,2025-04-26,Approved,0,Community Forest Resource,False,None,None
FRA-02480,Kerala,Kannur,11.198784,75.029836,3.7,4.04,2025-05-19,,,Pending,473,Community Forest Right,False,None,None
FRA-02481,Madhya Pradesh,Dindori,23.748147,77.768982,5.51,5.51,2022-04-27,2022-07-23,,Under Verification,1591,Community Forest Right,False,None,None
FRA-02482,Kerala,Kannur,9.514438,75.233057,6.19,6.27,2023-04-20,,,Rejected,0,Community Forest Resource,False,None,None
FRA-02483,Odisha,Mayurbhanj,19.456271,84.733332,4.25,4.58,2024-07-17,,,Rejected,0,Community Forest Right,False,None,None
FRA-02484,Kerala,Kannur,12.073126,75.023475,4.56,2.29,2025-09-05,,,Rejected,0,Individual Forest Right,True,Land Record Mismatch,High
FRA-02485,Kerala,Kannur,11.780913,75.111518,3.77,3.5,2024-05-10,,,Rejected,0,Community Forest Right,False,None,None
FRA-02486,Odisha,Sundargarh,22.084548,84.188122,13.09,6.68,2022-01-01,2022-02-15,2022-04-29,Approved,0,Individual Forest Right,True,Land Record Mismatch,High
FRA-02487,Maharashtra,Gadchiroli,21.963309,76.096134,12.92,14.26,2022-11-29,,,Pending,1375,Community Forest Resource,False,None,None
FRA-02488,Odisha,Keonjhar,21.710985,84.861004,2.2,1.94,2024-09-18,2025-02-22,,Under Verification,716,Community Forest Right,False,None,None
FRA-02489,Jharkhand,Simdega,22.724825,86.601129,6.57,6.49,2024-11-14,,,Pending,659,Individual Forest Right,False,None,None
FRA-02490,Jharkhand,Gumla,22.740108,85.182487,14.18,14.95,2023-02-21,,,Pending,1291,Community Forest Right,False,None,None
FRA-02491,Kerala,Kannur,11.085274,75.872187,6.54,7.21,2024-02-16,,,Rejected,0,Individual Forest Right,False,None,None
FRA-02492,Kerala,Kannur,9.703038,76.298507,14.01,6.05,2024-09-02,2024-12-19,2025-02-18,Approved,0,Community Forest Resource,True,Land Record Mismatch,High
FRA-02493,Chhattisgarh,Dantewada,18.721575,80.668463,7.29,6.6,2024-06-28,2024-10-16,2024-10-31,Approved,0,Community Forest Right,False,None,None
FRA-02494,Chhattisgarh,Surguja,18.616014,81.661696,6.58,5.96,2022-03-08,2022-06-09,2022-07-05,Approved,0,Individual Forest Right,False,None,None
FRA-02495,Chhattisgarh,Kanker,21.422054,82.328947,1.25,1.12,2025-06-17,,,Pending,444,Community Forest Right,False,None,None
FRA-02496,Jharkhand,Ranchi,23.968745,86.850384,77.6,66.01,2024-02-13,,,Pending,934,Community Forest Resource,True,Unusual Claim Area,Medium
FRA-02497,Odisha,Mayurbhanj,19.262917,84.969407,13.26,12.56,2022-10-15,,,Pending,1420,Community Forest Resource,False,None,None
FRA-02498,Odisha,Mayurbhanj,20.429577,86.755899,0.98,0.95,2023-06-27,2023-10-20,2024-01-04,Approved,0,Community Forest Resource,False,None,None
FRA-02499,Jharkhand,Simdega,22.613522,84.407568,8.89,9.57,2024-12-01,,,Rejected,0,Community Forest Right,False,None,None
FRA-02500,Odisha,Keonjhar,22.118057,85.382333,0.59,0.55,2024-06-28,2024-08-15,2024-09-05,Approved,0,Individual Forest Right,False,None,None
FRA-02501,Jharkhand,West Singhbhum,23.376621,86.231396,38.56,43.05,2025-10-22,2025-11-30,2026-02-18,Approved,0,Community Forest Right,True,Unusual Claim Area,Medium
FRA-02502,Madhya Pradesh,Bhopal,23.55358,79.868327,5.23,5.08,2024-10-29,2024-10-07,,Under Verification,675,Individual Forest Right,True,Delayed Processing,Medium
FRA-02503,Maharashtra,Nashik,18.811931,79.380648,1.61,1.76,2024-11-08,,,Pending,665,Community Forest Resource,True,Delayed Processing,Medium
FRA-02504,Maharashtra,Nashik,19.238838,73.918842,0.62,0.56,2023-01-10,,,Pending,1333,Community Forest Right,False,None,None
FRA-02505,Madhya Pradesh,Bhopal,22.810453,79.806335,3.09,3.08,2023-11-25,,,Pending,1014,Individual Forest Right,False,None,None
FRA-02506,Chhattisgarh,Kanker,21.653113,81.968251,0.55,0.59,2024-09-28,2024-11-23,2025-01-01,Approved,0,Community Forest Right,False,None,None
FRA-02507,Maharashtra,Nashik,20.478056,78.268388,10.59,9.18,2023-07-06,2023-08-01,2023-10-04,Approved,0,Community Forest Resource,False,None,None
FRA-02508,Madhya Pradesh,Bhopal,22.888779,78.623015,10.37,21.1,2023-07-19,2023-08-04,2023-09-07,Approved,0,Community Forest Right,True,Land Record Mismatch,High
FRA-02509,Kerala,Palakkad,10.10499,76.432162,5.9,6.7,2022-10-18,2023-03-19,,Under Verification,1417,Community Forest Resource,False,None,None
FRA-02510,Kerala,Wayanad,10.778734,76.989052,13.03,12.39,2025-05-02,2025-05-29,2025-07-24,Approved,0,Community Forest Right,False,None,None
FRA-02511,Kerala,Idukki,11.000503,75.249308,9.7,8.27,2024-01-18,2024-02-10,2024-04-27,Approved,0,Community Forest Resource,False,None,None
FRA-02512,Jharkhand,Gumla,22.069272,84.451943,1.57,1.4,2022-09-02,,,Rejected,0,Community Forest Resource,False,None,None
FRA-02513,Kerala,Idukki,9.878984,75.567112,2.67,2.72,2022-01-08,,,Rejected,0,Individual Forest Right,False,None,None
FRA-02514,Jharkhand,Simdega,23.263802,86.076864,2.0,2.02,2025-08-04,2025-10-17,,Under Verification,396,Community Forest Resource,True,Delayed Processing,Medium
FRA-02515,Kerala,Kannur,9.749846,76.503855,14.62,16.39,2024-08-13,2024-10-20,2024-12-02,Approved,0,Individual Forest Right,False,None,None
FRA-02516,Odisha,Mayurbhanj,19.696107,86.648162,12.49,12.8,2022-11-21,2023-01-14,2023-04-05,Approved,0,Community Forest Resource,False,None,None
FRA-02517,Chhattisgarh,Bastar,18.889086,81.959406,14.31,16.32,2024-08-20,,,Rejected,0,Community Forest Resource,False,None,None
FRA-02518,Jharkhand,West Singhbhum,23.200041,87.08654,4.24,3.85,2023-09-19,2023-11-11,2023-12-24,Approved,0,Community Forest Right,False,None,None
FRA-02519,Maharashtra,Nashik,18.659164,80.79589,5.96,5.92,2023-11-23,2024-02-19,,Under Verification,1016,Community Forest Resource,False,None,None
FRA-02520,Kerala,Wayanad,12.004753,76.533458,8.78,9.47,2023-04-09,2023-06-26,2023-09-21,Approved,0,Community Forest Right,False,None,None
FRA-02521,Chhattisgarh,Surguja,20.354502,82.592432,14.43,14.98,2022-04-13,,,Pending,1605,Individual Forest Right,False,None,None
FRA-02522,Jharkhand,Simdega,23.207323,85.672588,2.35,2.62,2024-04-10,2024-07-28,2024-08-19,Approved,0,Community Forest Right,False,None,None
FRA-02523,Maharashtra,Nandurbar,21.691371,74.76659,11.84,10.88,2025-05-04,,,Rejected,0,Community Forest Right,False,None,None
FRA-02524,Kerala,Wayanad,12.237112,76.696925,2.65,2.44,2025-12-31,2026-03-04,2026-04-01,Under Verification,247,Community Forest Right,True,Delayed Processing,High
FRA-02525,Jharkhand,Simdega,23.05276,87.393804,0.68,0.58,2022-05-15,,,Pending,1573,Community Forest Resource,False,None,None
FRA-02526,Chhattisgarh,Kanker,22.894457,81.832458,14.78,13.77,2023-09-20,2023-12-12,2024-02-23,Approved,0,Community Forest Resource,False,None,None
FRA-02527,Odisha,Sundargarh,21.237568,87.102172,7.48,4.02,2022-06-18,2022-08-30,,Under Verification,1539,Community Forest Resource,True,Land Record Mismatch,Medium
FRA-02528,Odisha,Sundargarh,21.414376,84.063249,5.2,4.49,2023-02-20,2023-05-13,2023-05-20,Approved,0,Community Forest Resource,False,None,None
FRA-02529,Kerala,Wayanad,10.796972,77.106067,6.4,7.1,2025-08-13,2025-09-10,2025-11-11,Approved,0,Individual Forest Right,False,None,None
FRA-02530,Kerala,Idukki,10.454297,76.646647,1.26,1.42,2022-12-27,,,Pending,1347,Community Forest Resource,False,None,None
FRA-02531,Jharkhand,Gumla,23.810296,86.624738,11.15,10.96,2024-01-15,,,Rejected,0,Community Forest Resource,False,None,None
FRA-02532,Chhattisgarh,Kanker,19.528885,80.693593,8.83,9.06,2023-07-22,2023-08-28,2023-11-26,Approved,0,Individual Forest Right,False,None,None
FRA-02533,Kerala,Idukki,10.023552,76.172025,10.56,10.04,2023-02-10,2023-06-02,2023-08-11,Approved,0,Individual Forest Right,False,None,None
FRA-02534,Chhattisgarh,Bastar,22.671269,80.69733,5.44,5.65,2025-10-23,2025-11-25,2025-12-29,Approved,0,Individual Forest Right,False,None,None
FRA-02535,Chhattisgarh,Kanker,19.465601,81.426959,4.18,4.35,2025-01-08,2025-04-19,2025-06-21,Approved,0,Individual Forest Right,False,None,None
FRA-02536,Chhattisgarh,Surguja,18.224112,82.747564,6.3,5.59,2022-09-28,2023-01-20,2023-01-28,Approved,0,Individual Forest Right,False,None,None
FRA-02537,Odisha,Keonjhar,19.797065,86.866398,1.29,1.32,2023-07-01,,,Pending,1161,Community Forest Right,False,None,None
FRA-02538,Chhattisgarh,Kanker,22.476805,82.453459,10.29,11.67,2024-03-16,2024-04-05,2024-06-24,Approved,0,Community Forest Right,False,None,None
FRA-02539,Odisha,Koraput,19.026384,84.046566,12.11,10.42,2024-09-22,,,Rejected,0,Individual Forest Right,False,None,None
FRA-02540,Chhattisgarh,Surguja,22.517093,81.04789,11.27,12.05,2023-09-28,,,Pending,1072,Individual Forest Right,False,None,None
FRA-02541,Maharashtra,Nashik,18.440301,78.536052,12.95,12.23,2024-10-13,2025-01-31,,Under Verification,691,Individual Forest Right,False,None,None
FRA-02542,Chhattisgarh,Kanker,22.903308,81.228739,0.75,0.81,2022-09-04,,,Rejected,0,Individual Forest Right,False,None,None
FRA-02543,Kerala,Idukki,12.175332,76.790297,3.94,6.52,2022-01-02,,,Pending,1706,Community Forest Resource,True,Land Record Mismatch,High
FRA-02544,Maharashtra,Nashik,20.003899,75.867995,9.96,10.25,2024-08-01,2024-10-28,,Under Verification,764,Individual Forest Right,False,None,None
FRA-02545,Kerala,Kannur,9.571936,77.333179,1.11,1.2,2026-01-16,2022-04-08,2022-05-19,Pending,231,Community Forest Resource,True,Delayed Processing,High
FRA-02546,Chhattisgarh,Kanker,20.427961,81.540333,7.76,6.82,2025-05-01,2025-06-15,2025-08-09,Approved,0,Community Forest Right,False,None,None
FRA-02547,Chhattisgarh,Bastar,20.038159,81.524769,10.76,11.51,2022-07-01,,,Pending,1526,Community Forest Right,False,None,None
FRA-02548,Maharashtra,Gadchiroli,21.972045,78.021684,10.08,9.72,2024-03-30,,,Rejected,0,Individual Forest Right,False,None,None
FRA-02549,Jharkhand,West Singhbhum,22.440243,84.119962,77.13,87.4,2024-09-26,2024-10-06,2024-12-31,Approved,0,Community Forest Right,True,Unusual Claim Area,Medium
FRA-02550,Jharkhand,Gumla,23.580684,85.603355,5.6,5.23,2024-08-12,,,Pending,753,Community Forest Resource,False,None,None
FRA-02551,Madhya Pradesh,Balaghat,22.124292,78.601369,37.23,34.5,2025-05-10,,,Pending,482,Community Forest Right,True,Unusual Claim Area,High
FRA-02552,Maharashtra,Nandurbar,19.646624,80.13359,4.27,4.25,2025-03-01,2025-05-05,2025-06-27,Approved,0,Community Forest Resource,False,None,None
FRA-02553,Jharkhand,West Singhbhum,22.931436,87.039391,5.4,5.39,2022-07-26,2022-09-12,2022-11-01,Approved,0,Community Forest Right,False,None,None
FRA-02554,Kerala,Idukki,11.96308,75.518071,4.9,1.78,2022-07-03,,,Pending,1524,Community Forest Resource,True,Land Record Mismatch,High
FRA-02555,Madhya Pradesh,Balaghat,22.873725,80.339578,5.52,5.24,2023-03-15,2023-05-24,2023-07-29,Approved,0,Individual Forest Right,False,None,None
FRA-02556,Madhya Pradesh,Balaghat,22.248554,78.980516,8.58,7.57,2022-11-26,,,Rejected,0,Community Forest Right,False,None,None
FRA-02557,Maharashtra,Nashik,20.693191,73.100922,2.0,1.86,2022-04-28,2022-06-24,2022-08-05,Approved,0,Individual Forest Right,False,None,None
FRA-02558,Kerala,Wayanad,12.490363,75.739468,14.89,14.92,2022-03-16,,,Pending,1633,Community Forest Resource,False,None,None
FRA-02559,Chhattisgarh,Dantewada,20.007308,81.374743,8.05,8.0,2023-09-27,2023-11-26,2023-12-28,Approved,0,Community Forest Right,False,None,None
FRA-02560,Chhattisgarh,Kanker,21.862235,80.178317,0.93,0.81,2023-04-03,2023-06-30,2023-08-13,Approved,0,Individual Forest Right,False,None,None
FRA-02561,Madhya Pradesh,Dindori,23.729105,79.855478,2.04,2.34,2025-03-05,2025-06-28,,Under Verification,548,Community Forest Right,False,None,None
FRA-02562,Jharkhand,West Singhbhum,22.38151,86.16719,10.55,10.1,2024-12-04,,,Pending,639,Individual Forest Right,False,None,None
FRA-02563,Odisha,Mayurbhanj,20.309367,84.472879,6.36,11.97,2022-09-18,2022-10-14,2022-11-16,Approved,0,Community Forest Right,True,Land Record Mismatch,High
FRA-02564,Madhya Pradesh,Balaghat,22.898564,79.637181,8.02,8.59,2023-06-22,2023-09-06,2023-11-30,Approved,0,Community Forest Resource,False,None,None
FRA-02565,Madhya Pradesh,Mandla,22.173624,78.610188,1.13,1.14,2022-08-24,,,Rejected,0,Individual Forest Right,False,None,None
FRA-02566,Jharkhand,Simdega,23.92831,85.7007,9.41,9.65,2024-02-21,,,Rejected,0,Community Forest Right,False,None,None
FRA-02567,Chhattisgarh,Dantewada,19.95454,80.968877,8.5,9.3,2023-08-01,2023-08-30,2023-09-05,Approved,0,Community Forest Right,False,None,None
FRA-02568,Kerala,Palakkad,10.253186,76.36055,6.2,6.62,2023-05-16,2023-07-25,,Under Verification,1207,Community Forest Right,False,None,None
FRA-02569,Odisha,Koraput,19.405455,83.33153,12.62,11.14,2024-12-27,2025-01-25,2025-03-19,Approved,0,Community Forest Resource,False,None,None
FRA-02570,Maharashtra,Gadchiroli,21.680347,79.30389,9.26,8.56,2025-03-21,2025-05-19,2025-06-03,Approved,0,Community Forest Right,False,None,None
FRA-02571,Madhya Pradesh,Bhopal,24.077048,80.258331,12.16,12.58,2023-10-08,,,Rejected,0,Community Forest Resource,False,None,None
FRA-02572,Kerala,Palakkad,12.165173,76.815703,6.43,6.53,2023-03-09,2023-03-24,2023-04-26,Approved,0,Community Forest Right,False,None,None
FRA-02573,Madhya Pradesh,Balaghat,23.889046,79.062675,2.11,2.34,2025-02-25,,,Pending,556,Community Forest Right,False,None,None
FRA-02574,Madhya Pradesh,Balaghat,22.391431,79.544724,6.95,7.13,2022-01-05,2022-03-13,2022-03-22,Approved,0,Community Forest Right,False,None,None
FRA-02575,Madhya Pradesh,Mandla,23.980962,80.226689,13.59,13.4,2023-08-30,,,Pending,1101,Community Forest Resource,False,None,None
FRA-02576,Chhattisgarh,Bastar,18.108905,80.313699,12.24,26.46,2024-03-09,2024-05-18,2024-06-08,Approved,0,Community Forest Resource,True,Land Record Mismatch,Medium
FRA-02577,Odisha,Koraput,20.319976,84.204781,3.73,4.13,2024-07-10,2024-10-07,2024-12-31,Approved,0,Community Forest Resource,False,None,None
FRA-02578,Jharkhand,Ranchi,23.510672,84.803847,36.23,39.66,2024-03-16,,,Rejected,0,Community Forest Right,True,Unusual Claim Area,High
FRA-02579,Odisha,Koraput,18.517228,84.733887,3.75,3.67,2024-07-12,2024-07-30,2024-10-25,Approved,0,Community Forest Right,False,None,None
FRA-02580,Jharkhand,West Singhbhum,22.60359,86.399058,1.02,0.88,2024-12-29,,,Pending,614,Community Forest Right,False,None,None
FRA-02581,Jharkhand,Ranchi,22.414359,84.790508,62.47,58.73,2022-02-13,2022-04-20,2022-06-01,Approved,0,Community Forest Resource,True,Unusual Claim Area,High
FRA-02582,Jharkhand,Simdega,23.271914,85.808676,85.86,73.08,2023-05-20,2023-06-12,2023-06-20,Approved,0,Individual Forest Right,True,Unusual Claim Area,High
FRA-02583,Jharkhand,West Singhbhum,24.37421,86.678266,3.72,3.7,2025-03-21,2025-08-30,,Under Verification,532,Individual Forest Right,False,None,None
FRA-02584,Madhya Pradesh,Dindori,23.319513,77.442592,13.33,13.1,2025-03-21,,,Rejected,0,Individual Forest Right,False,None,None
FRA-02585,Madhya Pradesh,Mandla,23.540218,77.680885,1.85,1.73,2022-06-26,2022-10-05,,Under Verification,1531,Community Forest Resource,False,None,None
FRA-02586,Jharkhand,West Singhbhum,22.69829,84.813267,10.15,10.21,2025-09-21,,,Pending,348,Community Forest Resource,False,None,None
FRA-02587,Odisha,Keonjhar,22.260493,84.029653,14.79,14.7,2025-10-24,2025-11-30,2026-01-03,Approved,0,Individual Forest Right,False,None,None
FRA-02588,Madhya Pradesh,Mandla,23.542972,80.187869,8.96,8.65,2024-04-07,2024-06-10,,Under Verification,880,Community Forest Resource,False,None,None
FRA-02589,Madhya Pradesh,Dindori,23.618986,78.825448,2.0,1.97,2025-03-09,2025-07-06,,Under Verification,544,Individual Forest Right,False,None,None
FRA-02590,Odisha,Sundargarh,21.370628,83.685064,13.81,15.02,2025-07-02,,,Under Verification,429,Community Forest Resource,True,Delayed Processing,High
FRA-02591,Chhattisgarh,Dantewada,21.294265,81.164061,7.07,6.21,2025-12-07,2026-01-16,2026-02-25,Approved,0,Individual Forest Right,False,None,None
FRA-02592,Jharkhand,West Singhbhum,23.100796,84.116824,0.59,0.57,2025-08-05,2025-09-13,2025-10-28,Approved,0,Individual Forest Right,False,None,None
FRA-02593,Madhya Pradesh,Bhopal,22.971453,78.356005,6.2,11.74,2025-02-15,,,Pending,566,Individual Forest Right,True,Land Record Mismatch,High
FRA-02594,Maharashtra,Nashik,18.062302,80.509372,10.11,10.5,2023-11-03,2023-11-13,2023-12-17,Approved,0,Individual Forest Right,False,None,None
FRA-02595,Odisha,Mayurbhanj,20.401744,86.779676,52.55,54.19,2024-03-20,2024-07-03,2024-09-20,Approved,0,Community Forest Resource,True,Unusual Claim Area,High
FRA-02596,Madhya Pradesh,Mandla,22.059634,80.695666,6.15,5.33,2025-12-13,,,Pending,265,Community Forest Right,True,Delayed Processing,Medium
FRA-02597,Jharkhand,Ranchi,23.038195,86.961308,7.17,7.3,2023-06-01,2023-11-17,,Under Verification,1191,Individual Forest Right,False,None,None
FRA-02598,Chhattisgarh,Bastar,22.277079,80.003622,10.25,10.42,2022-10-14,,,Pending,1421,Community Forest Right,False,None,None
FRA-02599,Kerala,Kannur,11.996624,76.561234,11.58,3.92,2025-12-22,,,Rejected,0,Individual Forest Right,True,Land Record Mismatch,High
FRA-02600,Madhya Pradesh,Mandla,23.663276,79.116901,7.66,8.55,2024-08-12,2024-10-23,,Under Verification,753,Community Forest Right,False,None,None
FRA-02601,Odisha,Keonjhar,21.398557,83.315933,2.51,5.65,2024-12-22,,,Pending,621,Community Forest Right,True,Land Record Mismatch,Medium
FRA-02602,Madhya Pradesh,Dindori,22.961016,79.5523,9.6,10.23,2024-12-30,2022-05-02,2022-06-09,Pending,613,Community Forest Resource,True,Delayed Processing,High
FRA-02603,Chhattisgarh,Surguja,22.565304,81.828468,1.46,1.61,2024-06-08,2024-10-03,2024-11-08,Approved,0,Community Forest Resource,False,None,None
FRA-02604,Kerala,Wayanad,11.639051,76.835432,10.05,11.49,2022-10-14,,,Rejected,0,Community Forest Resource,False,None,None
FRA-02605,Jharkhand,West Singhbhum,24.278773,84.611817,13.38,12.34,2025-04-09,2025-08-05,2025-10-28,Approved,0,Individual Forest Right,False,None,None
FRA-02606,Chhattisgarh,Surguja,18.925045,81.844702,11.54,10.7,2024-12-18,,,Under Verification,625,Community Forest Resource,True,Delayed Processing,Medium
FRA-02607,Madhya Pradesh,Bhopal,22.185964,80.132615,3.73,3.22,2023-06-12,2023-09-20,2023-11-30,Approved,0,Community Forest Resource,False,None,None
FRA-02608,Jharkhand,West Singhbhum,22.212932,85.168803,10.69,10.99,2025-09-13,,,Rejected,0,Community Forest Resource,False,None,None
FRA-02609,Jharkhand,Gumla,23.949997,85.857263,13.97,12.09,2023-12-31,,,Pending,978,Individual Forest Right,False,None,None
FRA-02610,Kerala,Idukki,12.363589,77.38429,7.29,6.45,2023-01-01,2023-04-22,,Under Verification,1342,Individual Forest Right,False,None,None
FRA-02611,Chhattisgarh,Kanker,18.951309,81.52616,1.55,1.69,2022-12-25,,,Pending,1349,Community Forest Resource,False,None,None
FRA-02612,Maharashtra,Nashik,19.873628,74.819028,83.45,72.62,2025-03-15,2025-07-09,2025-08-28,Approved,0,Community Forest Resource,True,Unusual Claim Area,High
FRA-02613,Chhattisgarh,Surguja,21.599058,80.808297,1.74,1.51,2025-10-15,2025-12-14,2026-02-15,Approved,0,Community Forest Resource,False,None,None
FRA-02614,Maharashtra,Nashik,18.593671,75.841171,14.39,7.47,2024-06-01,2024-07-01,2024-08-21,Approved,0,Individual Forest Right,True,Land Record Mismatch,High
FRA-02615,Madhya Pradesh,Bhopal,22.903734,80.824963,0.97,1.1,2025-12-03,2026-01-03,2026-03-29,Approved,0,Community Forest Resource,False,None,None
FRA-02616,Maharashtra,Nandurbar,20.045105,74.785373,13.68,15.18,2022-08-15,2022-10-24,2023-01-03,Approved,0,Individual Forest Right,False,None,None
FRA-02617,Chhattisgarh,Dantewada,19.147639,81.280278,5.62,6.33,2025-01-20,2025-02-22,2025-02-27,Approved,0,Individual Forest Right,False,None,None
FRA-02618,Madhya Pradesh,Dindori,24.112385,79.201653,2.5,2.48,2025-10-11,2026-01-16,2026-02-10,Approved,0,Community Forest Resource,False,None,None
FRA-02619,Jharkhand,Gumla,23.573077,85.141865,2.78,2.97,2023-11-02,2023-11-23,2023-11-30,Approved,0,Community Forest Right,False,None,None
FRA-02620,Madhya Pradesh,Bhopal,23.283169,79.473774,10.49,11.34,2025-12-25,2026-02-27,2026-03-26,Approved,0,Individual Forest Right,False,None,None
FRA-02621,Madhya Pradesh,Balaghat,23.045854,80.98413,2.45,2.26,2022-03-20,2022-06-21,2022-09-01,Approved,0,Community Forest Resource,False,None,None
FRA-02622,Chhattisgarh,Surguja,21.414014,82.631466,9.78,8.89,2024-07-24,2024-08-29,2024-11-15,Approved,0,Community Forest Right,False,None,None
FRA-02623,Maharashtra,Nandurbar,21.397683,77.482035,13.03,11.51,2024-05-01,,,Rejected,0,Community Forest Right,False,None,None
FRA-02624,Jharkhand,West Singhbhum,24.090371,85.649359,10.3,8.78,2023-02-27,2023-05-13,,Under Verification,1285,Community Forest Right,False,None,None
FRA-02625,Madhya Pradesh,Bhopal,22.973837,78.743576,4.33,4.28,2022-03-04,,,Pending,1645,Community Forest Resource,False,None,None
FRA-02626,Odisha,Koraput,18.89941,86.279907,1.88,1.83,2022-10-20,,,Pending,1415,Community Forest Resource,False,None,None
FRA-02627,Chhattisgarh,Bastar,20.931743,80.887154,73.07,83.55,2022-02-07,,,Pending,1670,Community Forest Right,True,Unusual Claim Area,High
FRA-02628,Madhya Pradesh,Balaghat,22.305423,80.345829,10.77,10.36,2025-11-30,2025-12-30,2026-01-21,Approved,0,Community Forest Resource,False,None,None
FRA-02629,Madhya Pradesh,Mandla,23.258036,79.192993,14.77,15.43,2025-07-26,2025-09-18,2025-10-27,Approved,0,Community Forest Resource,False,None,None
FRA-02630,Kerala,Idukki,10.990832,76.01148,14.11,15.15,2025-04-05,2025-12-12,2025-12-22,Pending,517,Individual Forest Right,True,Delayed Processing,Medium
FRA-02631,Odisha,Keonjhar,20.526169,84.959309,3.13,3.08,2025-01-17,,,Pending,595,Individual Forest Right,False,None,None
FRA-02632,Chhattisgarh,Bastar,22.91587,80.829081,9.02,4.62,2022-02-10,2022-04-06,2022-06-18,Approved,0,Community Forest Resource,True,Land Record Mismatch,Medium
FRA-02633,Jharkhand,Ranchi,23.998182,86.97341,4.99,9.12,2022-12-31,,,Pending,1343,Community Forest Resource,True,Land Record Mismatch,High
FRA-02634,Kerala,Idukki,11.288772,75.452617,5.23,5.69,2025-02-28,2025-04-20,2025-06-20,Approved,0,Community Forest Resource,False,None,None
FRA-02635,Madhya Pradesh,Bhopal,23.701549,80.141018,14.85,16.18,2023-04-03,2023-05-22,2023-07-08,Approved,0,Individual Forest Right,False,None,None
FRA-02636,Jharkhand,Simdega,22.812846,87.037937,97.76,99.83,2022-01-02,,,Pending,1706,Individual Forest Right,True,Unusual Claim Area,High
FRA-02637,Madhya Pradesh,Mandla,23.648244,80.857042,3.13,3.39,2025-08-20,2023-05-04,2023-07-24,Pending,380,Community Forest Right,True,Delayed Processing,Medium
FRA-02638,Jharkhand,West Singhbhum,23.701897,84.246218,10.24,10.66,2024-11-23,,,Pending,650,Individual Forest Right,False,None,None
FRA-02639,Kerala,Kannur,10.34229,77.25626,11.24,12.08,2025-03-17,,,Pending,536,Community Forest Resource,False,None,None
FRA-02640,Maharashtra,Nandurbar,19.866169,78.06721,13.97,14.79,2022-04-10,2022-06-15,,Under Verification,1608,Community Forest Resource,False,None,None
FRA-02641,Jharkhand,Simdega,24.206287,84.509368,5.8,6.05,2025-02-22,2025-07-13,,Under Verification,559,Community Forest Resource,False,None,None
FRA-02642,Madhya Pradesh,Mandla,23.939856,80.876618,7.28,14.34,2022-04-15,,,Rejected,0,Community Forest Resource,True,Land Record Mismatch,Medium
FRA-02643,Odisha,Keonjhar,21.627335,84.406848,10.42,10.87,2023-06-02,2023-08-30,,Under Verification,1190,Individual Forest Right,False,None,None
FRA-02644,Jharkhand,West Singhbhum,23.453826,86.899186,11.29,10.06,2025-08-04,,,Rejected,0,Community Forest Resource,False,None,None
FRA-02645,Chhattisgarh,Surguja,21.842961,82.491034,14.91,13.16,2024-03-11,2024-07-01,2024-08-08,Approved,0,Community Forest Resource,False,None,None
FRA-02646,Kerala,Palakkad,12.262705,76.289312,14.34,14.93,2025-03-08,,,Rejected,0,Community Forest Resource,False,None,None
FRA-02647,Kerala,Kannur,10.591623,77.13768,7.03,7.57,2025-10-08,,,Pending,331,Community Forest Resource,False,None,None
FRA-02648,Madhya Pradesh,Dindori,23.192378,78.23772,12.45,14.28,2025-10-18,2026-02-12,2026-03-15,Approved,0,Community Forest Right,False,None,None
FRA-02649,Kerala,Wayanad,11.919111,77.100493,7.25,7.01,2025-11-06,,,Pending,302,Community Forest Resource,False,None,None
FRA-02650,Madhya Pradesh,Bhopal,23.229824,79.138406,6.12,5.49,2023-01-26,2023-05-07,2023-07-15,Approved,0,Individual Forest Right,False,None,None
FRA-02651,Chhattisgarh,Kanker,20.044001,81.763606,5.43,6.17,2023-11-14,,,Pending,1025,Individual Forest Right,False,None,None
FRA-02652,Chhattisgarh,Bastar,21.824897,82.886016,13.98,14.75,2024-03-15,2024-04-14,2024-06-16,Approved,0,Community Forest Resource,False,None,None
FRA-02653,Kerala,Idukki,11.926586,75.711859,7.03,6.53,2025-11-14,2025-12-11,2026-01-01,Approved,0,Community Forest Right,False,None,None
FRA-02654,Jharkhand,Ranchi,22.730048,86.772737,5.28,4.54,2023-05-13,,,Rejected,0,Community Forest Right,False,None,None
FRA-02655,Kerala,Kannur,12.460084,75.104754,14.74,12.69,2024-04-21,2024-06-02,2024-06-16,Approved,0,Community Forest Right,False,None,None
FRA-02656,Odisha,Keonjhar,20.754403,86.596943,12.09,7.1,2022-11-24,2023-02-14,2023-03-22,Approved,0,Community Forest Right,True,Land Record Mismatch,Medium
FRA-02657,Odisha,Koraput,20.250398,84.823495,13.64,12.28,2022-11-03,2023-03-31,,Under Verification,1401,Community Forest Resource,False,None,None
FRA-02658,Kerala,Wayanad,10.594033,75.740099,6.58,15.21,2023-05-24,,,Pending,1199,Community Forest Resource,True,Land Record Mismatch,High
FRA-02659,Odisha,Koraput,19.004277,84.835505,10.73,10.5,2025-07-14,,,Pending,417,Community Forest Resource,True,Delayed Processing,High
FRA-02660,Chhattisgarh,Dantewada,20.049713,82.958492,8.86,9.13,2023-06-23,,,Pending,1169,Individual Forest Right,False,None,None
FRA-02661,Maharashtra,Nandurbar,20.777124,79.598479,6.3,3.57,2025-09-15,2025-10-31,,Under Verification,354,Community Forest Resource,True,Land Record Mismatch,High
FRA-02662,Chhattisgarh,Kanker,18.310344,81.332368,14.26,15.02,2024-03-31,2024-07-17,2024-10-07,Approved,0,Community Forest Resource,False,None,None
FRA-02663,Jharkhand,Ranchi,24.294217,84.234973,5.44,4.8,2022-03-21,2022-06-13,2022-07-14,Approved,0,Community Forest Resource,False,None,None
FRA-02664,Madhya Pradesh,Dindori,23.091059,78.902493,2.87,2.54,2023-01-09,,,Rejected,0,Individual Forest Right,False,None,None
FRA-02665,Kerala,Palakkad,11.764728,77.044744,9.03,9.4,2022-05-29,,,Rejected,0,Community Forest Right,False,None,None
FRA-02666,Kerala,Palakkad,9.837425,77.125252,3.75,7.54,2022-11-23,2023-01-25,2023-02-04,Approved,0,Community Forest Right,True,Land Record Mismatch,Medium
FRA-02667,Kerala,Idukki,10.045493,76.94851,5.08,5.26,2023-10-26,,,Pending,1044,Community Forest Right,False,None,None
FRA-02668,Chhattisgarh,Kanker,18.310698,80.580547,2.8,2.93,2025-11-21,,,Rejected,0,Individual Forest Right,False,None,None
FRA-02669,Chhattisgarh,Dantewada,22.880201,81.660219,13.57,12.59,2025-12-12,2026-02-24,2026-05-14,Approved,0,Community Forest Resource,False,None,None
FRA-02670,Odisha,Sundargarh,20.133408,86.800891,6.55,14.38,2022-02-09,,,Pending,1668,Community Forest Right,True,Land Record Mismatch,High
FRA-02671,Chhattisgarh,Surguja,20.30516,81.359146,7.25,6.71,2024-10-10,,,Pending,694,Individual Forest Right,False,None,None
FRA-02672,Jharkhand,Ranchi,24.026159,86.446762,4.45,10.7,2024-08-16,,,Pending,749,Individual Forest Right,True,Land Record Mismatch,High
FRA-02673,Maharashtra,Chandrapur,18.620253,77.179621,12.04,10.73,2022-10-28,2022-11-25,,Under Verification,1407,Community Forest Right,False,None,None
FRA-02674,Odisha,Koraput,20.250187,83.005894,3.34,3.33,2025-08-14,,,Pending,386,Community Forest Right,False,None,None
FRA-02675,Jharkhand,West Singhbhum,23.356872,84.037011,74.52,66.57,2025-08-06,2025-09-24,2025-11-28,Approved,0,Community Forest Resource,True,Unusual Claim Area,High
FRA-02676,Maharashtra,Nandurbar,21.590268,80.040938,11.53,13.25,2022-10-01,,,Pending,1434,Community Forest Right,False,None,None
FRA-02677,Kerala,Idukki,9.749618,75.997274,0.76,0.78,2022-06-25,2022-11-24,,Under Verification,1532,Community Forest Resource,False,None,None
FRA-02678,Madhya Pradesh,Dindori,22.006908,79.809805,7.33,7.75,2025-11-04,2025-11-27,2026-01-17,Approved,0,Community Forest Right,False,None,None
FRA-02679,Jharkhand,Ranchi,23.811328,84.191849,12.49,10.83,2023-04-09,2023-06-28,2023-09-15,Approved,0,Community Forest Right,False,None,None
FRA-02680,Maharashtra,Nashik,19.812047,74.21333,13.72,13.36,2025-10-03,2025-10-21,2025-11-06,Approved,0,Community Forest Resource,False,None,None
FRA-02681,Madhya Pradesh,Bhopal,23.690714,77.203985,2.04,2.07,2024-01-12,2024-02-13,2024-02-19,Approved,0,Individual Forest Right,False,None,None
FRA-02682,Odisha,Keonjhar,20.761384,83.735625,11.56,12.0,2025-12-11,,,Pending,267,Individual Forest Right,False,None,None
FRA-02683,Madhya Pradesh,Balaghat,23.55026,80.542784,5.78,6.0,2025-05-20,,,Pending,472,Community Forest Resource,False,None,None
FRA-02684,Kerala,Idukki,11.420011,77.17039,6.62,6.81,2024-07-13,,,Rejected,0,Individual Forest Right,False,None,None
FRA-02685,Odisha,Mayurbhanj,20.034311,86.051906,9.43,10.11,2025-10-02,,,Pending,337,Individual Forest Right,False,None,None
FRA-02686,Jharkhand,Simdega,22.282514,86.724961,3.56,1.32,2025-10-24,2025-11-26,,Under Verification,315,Community Forest Right,True,Land Record Mismatch,Medium
FRA-02687,Jharkhand,West Singhbhum,23.853897,86.700062,10.46,10.29,2025-03-22,2025-04-03,2025-05-26,Under Verification,531,Community Forest Right,True,Delayed Processing,Medium
FRA-02688,Madhya Pradesh,Dindori,22.752947,79.629197,12.1,12.18,2025-06-14,,,Rejected,0,Individual Forest Right,False,None,None
FRA-02689,Odisha,Keonjhar,20.852923,83.15687,1.35,1.53,2023-11-23,,,Pending,1016,Community Forest Resource,False,None,None
FRA-02690,Madhya Pradesh,Mandla,23.110522,78.062133,0.89,0.92,2025-02-16,2025-03-21,2025-04-28,Approved,0,Individual Forest Right,False,None,None
FRA-02691,Odisha,Mayurbhanj,22.396057,86.314869,2.08,2.33,2022-07-05,,,Pending,1522,Community Forest Resource,False,None,None
FRA-02692,Maharashtra,Chandrapur,21.202723,79.892818,14.45,13.37,2025-10-19,2026-01-02,2026-03-26,Approved,0,Community Forest Resource,False,None,None
FRA-02693,Odisha,Mayurbhanj,21.774026,83.343684,5.68,5.81,2022-08-30,,,Pending,1466,Community Forest Resource,False,None,None
FRA-02694,Jharkhand,Gumla,23.627086,86.42613,12.85,10.95,2022-03-23,2022-05-09,,Under Verification,1626,Community Forest Right,False,None,None
FRA-02695,Odisha,Mayurbhanj,19.884662,87.355125,7.68,8.68,2022-01-18,2022-03-11,2022-04-22,Approved,0,Individual Forest Right,False,None,None
FRA-02696,Maharashtra,Nashik,21.685554,77.384487,1.98,2.05,2022-05-12,2022-08-02,,Under Verification,1576,Community Forest Resource,False,None,None
FRA-02697,Odisha,Keonjhar,20.287426,84.739684,4.77,4.89,2024-07-22,2024-12-02,,Under Verification,774,Community Forest Right,False,None,None
FRA-02698,Kerala,Kannur,12.46,77.198948,1.67,1.63,2024-07-27,2024-09-18,2024-11-30,Approved,0,Community Forest Right,False,None,None
FRA-02699,Odisha,Mayurbhanj,20.985979,87.036751,6.65,7.38,2024-05-26,,,Pending,831,Community Forest Resource,False,None,None
FRA-02700,Maharashtra,Nashik,20.358721,77.334065,7.18,4.24,2023-08-24,2023-11-07,2023-12-15,Approved,0,Individual Forest Right,True,Land Record Mismatch,High
FRA-02701,Maharashtra,Nandurbar,20.888175,77.649957,42.74,42.15,2022-01-07,,,Pending,1701,Community Forest Resource,True,Unusual Claim Area,High
FRA-02702,Madhya Pradesh,Balaghat,22.62792,80.583251,7.98,6.85,2024-11-03,,,Under Verification,670,Community Forest Resource,True,Delayed Processing,High
FRA-02703,Chhattisgarh,Dantewada,21.593835,82.007239,6.4,7.21,2022-05-24,2022-09-15,,Under Verification,1564,Community Forest Right,False,None,None
FRA-02704,Chhattisgarh,Kanker,21.506153,80.719977,13.5,15.39,2024-08-11,2024-10-13,2024-11-29,Approved,0,Community Forest Resource,False,None,None
FRA-02705,Madhya Pradesh,Mandla,24.419501,77.408552,1.01,1.07,2024-07-09,,,Pending,787,Individual Forest Right,False,None,None
FRA-02706,Madhya Pradesh,Balaghat,24.092492,80.840888,3.06,1.41,2025-08-25,,,Rejected,0,Community Forest Right,True,Land Record Mismatch,Medium
FRA-02707,Odisha,Sundargarh,21.988819,84.584648,3.23,2.81,2022-08-04,2022-08-23,2022-09-23,Approved,0,Individual Forest Right,False,None,None
FRA-02708,Jharkhand,Gumla,23.394002,85.708945,11.5,9.94,2024-03-20,2024-05-09,2024-06-21,Approved,0,Community Forest Resource,False,None,None
FRA-02709,Odisha,Sundargarh,20.006836,84.591377,5.23,5.75,2022-06-13,,,Pending,1544,Community Forest Resource,False,None,None
FRA-02710,Maharashtra,Nandurbar,19.354354,73.608212,2.98,3.13,2025-12-14,,,Pending,264,Individual Forest Right,False,None,None
FRA-02711,Odisha,Keonjhar,20.060453,87.150541,9.28,4.03,2022-12-26,,,Pending,1348,Individual Forest Right,True,Land Record Mismatch,High
FRA-02712,Chhattisgarh,Bastar,21.349244,82.519205,2.93,3.03,2025-02-11,2025-06-18,,Under Verification,570,Community Forest Resource,False,None,None
FRA-02713,Chhattisgarh,Kanker,21.728961,82.753893,85.14,96.11,2024-02-21,,,Pending,926,Community Forest Resource,True,Unusual Claim Area,Medium
FRA-02714,Jharkhand,West Singhbhum,22.34046,87.306594,10.69,11.58,2023-01-17,,,Pending,1326,Community Forest Resource,False,None,None
FRA-02715,Jharkhand,Ranchi,23.805938,84.523401,7.83,8.8,2026-03-01,,,Pending,187,Community Forest Right,True,Delayed Processing,High
FRA-02716,Chhattisgarh,Kanker,22.119395,80.797879,9.68,10.59,2025-07-27,,,Rejected,0,Community Forest Right,False,None,None
FRA-02717,Jharkhand,Gumla,22.482195,86.276309,12.95,14.32,2024-07-16,,,Pending,780,Individual Forest Right,False,None,None
FRA-02718,Madhya Pradesh,Mandla,22.826479,78.358628,5.67,5.81,2023-03-24,2023-04-19,2023-06-22,Approved,0,Community Forest Resource,False,None,None
FRA-02719,Kerala,Palakkad,10.010646,75.860977,13.9,13.68,2022-02-16,2022-03-18,2022-04-24,Approved,0,Community Forest Resource,False,None,None
FRA-02720,Chhattisgarh,Surguja,19.710915,80.871061,92.47,105.87,2025-12-05,,,Pending,273,Community Forest Resource,True,Unusual Claim Area,High
FRA-02721,Madhya Pradesh,Mandla,22.260653,78.662276,14.58,14.74,2022-05-22,2022-08-14,2022-10-11,Approved,0,Community Forest Right,False,None,None
FRA-02722,Jharkhand,West Singhbhum,22.582117,85.36841,11.91,13.25,2024-02-18,,,Pending,929,Community Forest Right,False,None,None
FRA-02723,Maharashtra,Chandrapur,20.984512,76.449875,49.84,51.37,2025-12-28,2026-04-25,2026-05-09,Approved,0,Community Forest Right,True,Unusual Claim Area,Medium
FRA-02724,Maharashtra,Nashik,21.672079,76.501626,0.65,0.38,2022-11-28,2023-02-24,2023-04-03,Approved,0,Community Forest Right,True,Land Record Mismatch,High
FRA-02725,Jharkhand,Ranchi,23.59045,86.081239,3.49,3.06,2022-04-07,2022-05-18,2022-08-04,Approved,0,Community Forest Resource,False,None,None
FRA-02726,Madhya Pradesh,Balaghat,23.803352,79.018218,1.82,1.96,2022-10-22,,,Pending,1413,Community Forest Right,False,None,None
FRA-02727,Maharashtra,Gadchiroli,19.281874,80.100923,11.74,20.04,2025-01-12,,,Pending,600,Individual Forest Right,True,Land Record Mismatch,High
FRA-02728,Odisha,Sundargarh,20.333537,83.581852,10.01,9.98,2024-11-13,,,Rejected,0,Community Forest Right,False,None,None
FRA-02729,Jharkhand,Simdega,23.520382,86.310176,5.84,6.18,2025-04-05,,,Pending,517,Community Forest Right,False,None,None
FRA-02730,Odisha,Keonjhar,20.946422,84.668841,5.83,6.51,2023-10-26,2024-01-05,,Under Verification,1044,Community Forest Right,False,None,None
FRA-02731,Chhattisgarh,Bastar,20.215552,80.901088,5.79,6.47,2023-08-10,2024-01-10,,Under Verification,1121,Community Forest Right,False,None,None
FRA-02732,Chhattisgarh,Surguja,18.654907,82.559721,13.5,12.06,2022-05-07,2022-09-29,,Under Verification,1581,Community Forest Resource,False,None,None
FRA-02733,Chhattisgarh,Bastar,19.971788,80.940005,13.17,13.61,2025-12-24,2026-02-10,2026-04-03,Approved,0,Community Forest Resource,False,None,None
FRA-02734,Odisha,Keonjhar,19.095751,86.61724,1.09,1.19,2022-10-05,,,Pending,1430,Community Forest Resource,False,None,None
FRA-02735,Odisha,Sundargarh,19.309925,85.308009,11.73,10.47,2022-04-27,2022-08-08,2022-09-28,Approved,0,Individual Forest Right,False,None,None
FRA-02736,Chhattisgarh,Bastar,21.92887,82.21348,4.63,5.31,2022-01-20,,,Rejected,0,Individual Forest Right,False,None,None
FRA-02737,Jharkhand,Gumla,22.723904,86.924238,11.9,12.17,2025-09-21,2022-10-13,2022-10-29,Under Verification,348,Community Forest Right,True,Delayed Processing,Medium
FRA-02738,Jharkhand,Simdega,23.457486,84.213957,0.89,1.0,2024-09-06,,,Pending,728,Individual Forest Right,False,None,None
FRA-02739,Kerala,Palakkad,12.212713,75.812294,6.4,5.61,2025-05-02,2025-08-20,2025-09-08,Approved,0,Community Forest Right,False,None,None
FRA-02740,Kerala,Palakkad,10.285958,76.255849,5.82,5.07,2023-03-15,,,Pending,1269,Community Forest Right,False,None,None
FRA-02741,Kerala,Palakkad,12.177481,76.068797,6.53,5.91,2025-09-20,2023-05-31,2023-06-19,Pending,349,Community Forest Resource,True,Delayed Processing,Medium
FRA-02742,Madhya Pradesh,Balaghat,23.256252,80.975728,1.07,1.0,2023-09-18,,,Pending,1082,Community Forest Resource,False,None,None
FRA-02743,Maharashtra,Gadchiroli,20.224232,78.157799,10.82,11.07,2025-10-19,2026-02-09,2026-04-01,Approved,0,Individual Forest Right,False,None,None
FRA-02744,Maharashtra,Gadchiroli,20.704402,79.950877,36.59,41.63,2025-10-05,2025-11-25,2026-01-19,Approved,0,Individual Forest Right,True,Unusual Claim Area,Medium
FRA-02745,Jharkhand,West Singhbhum,23.22264,87.470954,14.62,15.55,2025-11-25,2026-04-07,,Under Verification,283,Community Forest Resource,False,None,None
FRA-02746,Chhattisgarh,Bastar,21.091903,82.66357,12.0,11.92,2022-03-15,2022-07-13,2022-07-21,Approved,0,Community Forest Resource,False,None,None
FRA-02747,Chhattisgarh,Kanker,18.114631,82.662063,4.11,4.67,2023-06-24,,,Pending,1168,Community Forest Right,False,None,None
FRA-02748,Madhya Pradesh,Mandla,24.235915,78.898997,6.17,5.35,2024-11-23,,,Under Verification,650,Individual Forest Right,True,Delayed Processing,Medium
FRA-02749,Chhattisgarh,Bastar,22.127548,82.267708,36.5,41.67,2023-02-06,,,Pending,1306,Community Forest Resource,True,Unusual Claim Area,Medium
FRA-02750,Kerala,Wayanad,10.446372,77.222032,11.45,13.09,2022-03-05,2022-08-08,,Under Verification,1644,Individual Forest Right,False,None,None
FRA-02751,Madhya Pradesh,Dindori,22.997343,78.846626,0.7,0.72,2023-07-30,2023-10-24,2023-12-18,Approved,0,Community Forest Resource,False,None,None
FRA-02752,Chhattisgarh,Kanker,22.934075,80.743456,10.51,9.12,2024-10-06,2025-01-11,2025-02-25,Approved,0,Individual Forest Right,False,None,None
FRA-02753,Madhya Pradesh,Dindori,24.16662,77.262805,10.01,10.19,2023-02-10,2023-03-19,2023-05-01,Approved,0,Individual Forest Right,False,None,None
FRA-02754,Jharkhand,Simdega,24.223881,86.724107,4.75,5.29,2025-01-14,,,Pending,598,Community Forest Resource,False,None,None
FRA-02755,Kerala,Palakkad,10.230217,75.837634,11.12,22.8,2024-10-06,2024-12-22,2025-02-06,Approved,0,Community Forest Resource,True,Land Record Mismatch,Medium
FRA-02756,Odisha,Keonjhar,19.76546,86.9162,66.36,59.69,2025-03-25,2025-04-10,,Under Verification,528,Individual Forest Right,True,Unusual Claim Area,High
FRA-02757,Jharkhand,West Singhbhum,23.356652,87.181065,8.44,8.41,2024-03-22,2024-09-10,,Under Verification,896,Individual Forest Right,False,None,None
FRA-02758,Maharashtra,Gadchiroli,18.130166,78.558856,6.46,6.34,2024-11-28,2025-01-30,2025-03-11,Approved,0,Community Forest Resource,False,None,None
FRA-02759,Jharkhand,Simdega,22.245662,84.808109,11.62,10.33,2024-03-30,2024-06-06,2024-07-23,Approved,0,Individual Forest Right,False,None,None
FRA-02760,Maharashtra,Nashik,19.923144,73.298531,4.27,4.29,2022-01-10,,,Pending,1698,Community Forest Right,False,None,None
FRA-02761,Odisha,Koraput,19.979486,83.802182,2.13,0.9,2023-03-15,,,Rejected,0,Community Forest Right,True,Land Record Mismatch,Medium
FRA-02762,Jharkhand,Ranchi,24.149369,87.071077,1.6,1.61,2025-06-05,2023-03-22,2023-03-29,Under Verification,456,Community Forest Right,True,Delayed Processing,High
FRA-02763,Odisha,Keonjhar,19.2018,84.792064,14.56,14.03,2023-06-08,2023-08-16,,Under Verification,1184,Individual Forest Right,False,None,None
FRA-02764,Odisha,Koraput,19.293618,86.947783,10.31,10.72,2023-10-07,2023-11-29,2024-02-14,Approved,0,Community Forest Right,False,None,None
FRA-02765,Jharkhand,Ranchi,22.022167,87.473667,12.84,11.27,2024-04-27,,,Pending,860,Community Forest Right,False,None,None
FRA-02766,Chhattisgarh,Kanker,22.843371,81.129222,9.01,20.75,2025-11-07,2025-11-29,2026-02-25,Approved,0,Community Forest Resource,True,Land Record Mismatch,High
FRA-02767,Chhattisgarh,Surguja,21.290601,82.624262,14.16,13.42,2025-10-22,,,Pending,317,Community Forest Resource,False,None,None
FRA-02768,Chhattisgarh,Surguja,18.146883,82.148408,8.82,8.57,2024-01-09,2024-02-02,2024-02-15,Approved,0,Community Forest Resource,False,None,None
FRA-02769,Odisha,Koraput,19.462192,86.673109,9.61,9.79,2025-01-02,2023-06-02,,Pending,610,Individual Forest Right,True,Delayed Processing,Medium
FRA-02770,Jharkhand,Simdega,23.78132,86.017406,13.21,11.72,2023-01-07,,,Pending,1336,Community Forest Right,False,None,None
FRA-02771,Maharashtra,Nashik,19.710987,75.634425,2.5,2.19,2025-11-27,,,Pending,281,Community Forest Right,False,None,None
FRA-02772,Jharkhand,Gumla,23.186627,84.589946,0.61,0.52,2024-04-29,2024-05-26,,Under Verification,858,Community Forest Right,False,None,None
FRA-02773,Chhattisgarh,Surguja,19.530165,81.739875,11.86,12.56,2023-10-16,,,Pending,1054,Community Forest Resource,False,None,None
FRA-02774,Madhya Pradesh,Dindori,23.778997,79.203211,12.44,12.15,2024-11-19,,,Pending,654,Community Forest Resource,False,None,None
FRA-02775,Kerala,Wayanad,9.659062,76.11239,7.24,8.25,2022-07-31,2022-11-09,2023-02-01,Approved,0,Community Forest Resource,False,None,None
FRA-02776,Odisha,Sundargarh,20.120143,83.337015,11.21,9.67,2023-07-09,2023-12-10,,Under Verification,1153,Community Forest Right,False,None,None
FRA-02777,Madhya Pradesh,Mandla,22.434326,79.822456,9.74,10.88,2024-10-30,2023-07-11,2023-08-04,Pending,674,Individual Forest Right,True,Delayed Processing,Medium
FRA-02778,Kerala,Kannur,11.638825,77.148613,10.05,18.88,2025-02-10,2025-03-18,2025-03-29,Approved,0,Community Forest Resource,True,Land Record Mismatch,High
FRA-02779,Jharkhand,Ranchi,24.069847,85.19578,8.63,18.77,2022-05-13,,,Rejected,0,Individual Forest Right,True,Land Record Mismatch,High
FRA-02780,Kerala,Wayanad,10.962924,76.442144,2.18,2.13,2022-06-05,2022-08-05,2022-09-11,Approved,0,Community Forest Resource,False,None,None
FRA-02781,Kerala,Wayanad,12.40351,77.498396,12.92,11.92,2024-10-23,,,Under Verification,681,Individual Forest Right,True,Delayed Processing,Medium
FRA-02782,Kerala,Idukki,12.410205,75.461812,7.71,8.22,2024-09-15,2025-02-15,,Under Verification,719,Community Forest Resource,False,None,None
FRA-02783,Jharkhand,West Singhbhum,22.01183,85.640647,8.63,2.81,2022-10-29,2022-11-30,2023-01-16,Approved,0,Community Forest Resource,True,Land Record Mismatch,Medium
FRA-02784,Chhattisgarh,Kanker,20.030895,81.715254,8.99,9.3,2025-09-25,2026-01-06,2026-01-13,Approved,0,Community Forest Right,False,None,None
FRA-02785,Odisha,Mayurbhanj,20.697255,83.967535,8.78,10.09,2026-03-07,2024-09-16,2024-11-11,Pending,181,Individual Forest Right,True,Delayed Processing,Medium
FRA-02786,Chhattisgarh,Dantewada,18.048131,82.271039,9.11,10.43,2024-07-04,2024-08-14,2024-10-20,Approved,0,Individual Forest Right,False,None,None
FRA-02787,Maharashtra,Nashik,21.676196,78.64039,6.8,7.43,2025-06-02,2025-04-16,2025-06-23,Pending,459,Community Forest Resource,True,Delayed Processing,Medium
FRA-02788,Odisha,Mayurbhanj,21.189546,86.11204,7.63,7.18,2024-06-20,2024-08-14,,Under Verification,806,Community Forest Right,False,None,None
FRA-02789,Madhya Pradesh,Dindori,23.996108,79.692791,4.4,4.19,2023-10-11,2023-12-14,2024-02-17,Approved,0,Community Forest Resource,False,None,None
FRA-02790,Odisha,Koraput,21.593657,85.29424,7.78,7.66,2025-04-15,2025-06-25,2025-09-11,Approved,0,Individual Forest Right,False,None,None
FRA-02791,Chhattisgarh,Surguja,19.669222,80.397131,2.66,2.41,2023-01-03,2023-02-10,2023-02-22,Approved,0,Community Forest Resource,False,None,None
FRA-02792,Jharkhand,Simdega,22.863283,87.335606,82.74,90.68,2023-05-10,2023-08-19,2023-08-28,Approved,0,Individual Forest Right,True,Unusual Claim Area,High
FRA-02793,Kerala,Kannur,10.181301,75.216353,7.97,7.13,2022-11-01,2023-01-01,2023-03-08,Approved,0,Individual Forest Right,False,None,None
FRA-02794,Odisha,Mayurbhanj,20.428751,85.847946,9.11,4.71,2024-01-04,,,Rejected,0,Individual Forest Right,True,Land Record Mismatch,High
FRA-02795,Chhattisgarh,Dantewada,20.172378,80.651298,4.24,3.79,2023-12-28,,,Pending,981,Community Forest Resource,False,None,None
FRA-02796,Chhattisgarh,Dantewada,18.699064,82.359569,12.9,11.81,2025-10-12,2025-12-04,2026-02-21,Approved,0,Individual Forest Right,False,None,None
FRA-02797,Chhattisgarh,Kanker,21.587304,82.473656,11.13,11.85,2022-04-19,2022-07-26,2022-10-13,Approved,0,Community Forest Resource,False,None,None
FRA-02798,Chhattisgarh,Surguja,22.678028,80.102088,11.27,9.62,2023-02-09,2023-05-27,2023-06-26,Approved,0,Community Forest Resource,False,None,None
FRA-02799,Kerala,Palakkad,11.100125,75.917836,9.7,11.06,2022-09-19,2022-11-30,2023-02-13,Approved,0,Individual Forest Right,False,None,None
FRA-02800,Odisha,Sundargarh,19.376482,83.454624,8.09,8.6,2025-07-06,2025-10-11,2025-10-30,Approved,0,Community Forest Right,False,None,None
FRA-02801,Maharashtra,Nashik,20.161415,80.149163,9.96,9.62,2024-01-27,,,Rejected,0,Community Forest Right,False,None,None
FRA-02802,Kerala,Palakkad,9.787577,76.223669,10.6,11.53,2024-08-07,,,Pending,758,Community Forest Right,False,None,None
FRA-02803,Madhya Pradesh,Mandla,22.515647,77.581878,12.45,11.32,2025-05-18,2025-08-03,2025-09-23,Approved,0,Community Forest Right,False,None,None
FRA-02804,Kerala,Palakkad,11.078519,76.390232,9.72,9.93,2023-03-29,,,Pending,1255,Community Forest Resource,False,None,None
FRA-02805,Jharkhand,Gumla,23.694299,84.281059,5.9,5.44,2022-07-13,,,Pending,1514,Community Forest Resource,False,None,None
FRA-02806,Kerala,Kannur,12.391856,76.99467,11.8,12.44,2022-03-03,2022-03-14,2022-05-08,Approved,0,Community Forest Resource,False,None,None
FRA-02807,Kerala,Kannur,11.413689,76.918533,6.35,6.27,2023-09-02,,,Pending,1098,Community Forest Right,False,None,None
FRA-02808,Maharashtra,Nashik,18.986452,77.476111,5.7,5.9,2022-01-02,2022-02-23,2022-03-23,Approved,0,Community Forest Right,False,None,None
FRA-02809,Jharkhand,Gumla,22.38176,85.13839,8.71,8.45,2025-10-18,2025-11-23,2026-02-09,Approved,0,Community Forest Right,False,None,None
FRA-02810,Chhattisgarh,Surguja,21.075434,82.750862,4.69,4.27,2025-02-26,2025-06-16,2025-07-27,Approved,0,Community Forest Right,False,None,None
FRA-02811,Kerala,Idukki,10.095159,76.174825,7.95,7.28,2022-04-20,2022-08-17,2022-09-02,Approved,0,Individual Forest Right,False,None,None
FRA-02812,Kerala,Kannur,12.320044,75.950424,5.95,6.28,2025-09-15,2023-02-07,2023-05-07,Pending,354,Community Forest Resource,True,Delayed Processing,Medium
FRA-02813,Chhattisgarh,Surguja,22.590621,81.356053,8.68,8.94,2026-02-26,2022-07-13,2022-07-18,Pending,190,Community Forest Right,True,Delayed Processing,Medium
FRA-02814,Maharashtra,Nashik,19.585322,80.761491,0.83,0.82,2025-03-08,2022-12-30,2023-03-02,Under Verification,545,Community Forest Resource,True,Delayed Processing,Medium
FRA-02815,Odisha,Keonjhar,18.865463,87.462739,12.03,13.07,2025-06-16,,,Pending,445,Community Forest Right,False,None,None
FRA-02816,Madhya Pradesh,Dindori,22.731589,80.75084,10.76,11.28,2025-07-31,2025-09-06,,Under Verification,400,Community Forest Right,False,None,None
FRA-02817,Jharkhand,Gumla,23.789431,85.464634,14.44,15.89,2023-06-07,2023-08-10,,Under Verification,1185,Individual Forest Right,False,None,None
FRA-02818,Maharashtra,Nashik,21.072454,80.057465,11.29,12.26,2025-12-28,2026-03-12,2026-05-29,Approved,0,Community Forest Right,False,None,None
FRA-02819,Jharkhand,West Singhbhum,22.861926,87.455781,8.52,8.37,2023-09-13,,,Rejected,0,Community Forest Resource,False,None,None
FRA-02820,Maharashtra,Nandurbar,21.906658,75.187511,12.32,11.78,2025-05-26,,,Rejected,0,Community Forest Resource,False,None,None
FRA-02821,Chhattisgarh,Bastar,19.975357,82.240719,1.34,1.24,2024-11-13,2025-05-07,,Under Verification,660,Community Forest Resource,False,None,None
FRA-02822,Jharkhand,Simdega,22.983203,86.12891,9.78,9.09,2023-04-01,2023-05-10,2023-06-29,Approved,0,Community Forest Right,False,None,None
FRA-02823,Maharashtra,Chandrapur,18.707216,73.896784,12.39,13.08,2024-03-07,2024-04-16,2024-06-24,Approved,0,Individual Forest Right,False,None,None
FRA-02824,Maharashtra,Gadchiroli,18.838308,79.942251,6.58,6.17,2025-01-20,2024-07-11,2024-09-29,Under Verification,592,Community Forest Right,True,Delayed Processing,Medium
FRA-02825,Jharkhand,Simdega,23.14889,86.571294,8.95,9.37,2022-06-17,2022-07-20,2022-08-16,Approved,0,Community Forest Right,False,None,None
FRA-02826,Madhya Pradesh,Balaghat,23.817561,80.264592,6.37,6.01,2023-12-21,,,Pending,988,Community Forest Resource,False,None,None
FRA-02827,Kerala,Wayanad,11.415421,77.257352,1.14,1.24,2023-09-12,2023-11-27,2024-02-17,Approved,0,Individual Forest Right,False,None,None
FRA-02828,Odisha,Mayurbhanj,21.88037,84.871927,10.87,10.55,2022-07-25,,,Rejected,0,Community Forest Right,False,None,None
FRA-02829,Kerala,Wayanad,11.79926,75.06478,9.0,9.77,2024-09-13,2024-11-28,2024-12-04,Approved,0,Individual Forest Right,False,None,None
FRA-02830,Madhya Pradesh,Balaghat,24.138918,80.242587,12.91,11.34,2025-01-14,2025-03-12,2025-05-27,Approved,0,Community Forest Resource,False,None,None
FRA-02831,Kerala,Wayanad,11.293212,76.518964,11.68,10.33,2024-04-01,,,Pending,886,Individual Forest Right,False,None,None
FRA-02832,Odisha,Keonjhar,18.983257,83.427,12.29,13.44,2023-04-01,,,Rejected,0,Community Forest Resource,False,None,None
FRA-02833,Jharkhand,Ranchi,23.254166,86.782337,7.64,17.2,2025-01-03,2025-02-21,2025-05-15,Approved,0,Individual Forest Right,True,Land Record Mismatch,Medium
FRA-02834,Jharkhand,Ranchi,23.500406,84.293053,14.46,13.25,2022-10-15,2022-11-18,2022-12-28,Approved,0,Individual Forest Right,False,None,None
FRA-02835,Chhattisgarh,Bastar,20.812688,82.826037,11.69,10.87,2025-09-25,2026-01-18,2026-02-19,Approved,0,Community Forest Resource,False,None,None
FRA-02836,Madhya Pradesh,Dindori,23.240067,79.088601,5.56,4.98,2024-07-08,2024-07-18,2024-09-10,Approved,0,Individual Forest Right,False,None,None
FRA-02837,Kerala,Palakkad,12.215346,76.972483,11.24,11.98,2025-08-23,2025-09-09,2025-11-02,Approved,0,Community Forest Right,False,None,None
FRA-02838,Madhya Pradesh,Dindori,22.795002,79.695097,2.94,2.6,2024-06-02,2024-09-02,2024-09-15,Approved,0,Individual Forest Right,False,None,None
FRA-02839,Kerala,Palakkad,12.090439,76.776139,11.81,21.55,2025-06-12,,,Rejected,0,Community Forest Resource,True,Land Record Mismatch,Medium
FRA-02840,Kerala,Palakkad,9.678703,76.970076,3.71,4.03,2025-09-19,2025-11-23,2026-02-07,Approved,0,Community Forest Resource,False,None,None
FRA-02841,Kerala,Wayanad,12.037455,77.203683,10.71,19.91,2025-03-14,,,Rejected,0,Individual Forest Right,True,Land Record Mismatch,Medium
FRA-02842,Madhya Pradesh,Bhopal,22.352454,77.195813,3.65,3.56,2025-06-20,2025-03-18,2025-04-27,Under Verification,441,Community Forest Resource,True,Delayed Processing,Medium
FRA-02843,Jharkhand,Ranchi,24.191107,86.455142,10.53,10.53,2025-04-09,2022-11-18,2023-02-01,Under Verification,513,Community Forest Right,True,Delayed Processing,High
FRA-02844,Odisha,Keonjhar,18.619348,84.81773,9.06,14.78,2023-11-12,,,Rejected,0,Community Forest Right,True,Land Record Mismatch,Medium
FRA-02845,Odisha,Sundargarh,20.228794,85.508758,10.42,10.85,2023-12-15,,,Pending,994,Community Forest Right,False,None,None
FRA-02846,Chhattisgarh,Surguja,18.39087,80.429226,9.47,8.1,2025-06-24,2025-10-22,2026-01-18,Approved,0,Community Forest Right,False,None,None
FRA-02847,Chhattisgarh,Surguja,22.23986,82.023449,9.59,8.98,2024-04-11,,,Rejected,0,Community Forest Resource,False,None,None
FRA-02848,Odisha,Mayurbhanj,18.679585,84.758358,12.92,12.09,2022-10-12,,,Pending,1423,Individual Forest Right,False,None,None
FRA-02849,Jharkhand,Simdega,23.68074,85.313637,8.02,8.22,2022-01-30,2022-05-20,2022-07-13,Approved,0,Community Forest Right,False,None,None
FRA-02850,Jharkhand,Ranchi,22.302399,85.365804,2.49,2.65,2024-03-28,2024-07-14,2024-08-12,Approved,0,Community Forest Resource,False,None,None
FRA-02851,Chhattisgarh,Surguja,22.039568,81.200062,8.45,9.51,2025-10-14,2026-01-15,2026-01-25,Approved,0,Community Forest Right,False,None,None
FRA-02852,Jharkhand,Gumla,24.097968,86.61104,36.07,40.81,2022-11-20,2023-01-15,2023-03-24,Approved,0,Community Forest Right,True,Unusual Claim Area,Medium
FRA-02853,Chhattisgarh,Surguja,18.896557,80.609237,2.69,2.95,2024-03-10,,,Rejected,0,Community Forest Right,False,None,None
FRA-02854,Kerala,Idukki,11.30061,77.196425,7.06,6.23,2022-04-26,2022-05-25,2022-05-31,Approved,0,Community Forest Resource,False,None,None
FRA-02855,Chhattisgarh,Surguja,18.996091,80.26297,10.93,10.98,2024-01-31,2024-02-14,,Under Verification,947,Community Forest Resource,False,None,None
FRA-02856,Chhattisgarh,Surguja,21.319408,80.726601,2.34,1.35,2022-09-11,2022-10-01,2022-10-24,Approved,0,Community Forest Resource,True,Land Record Mismatch,High
FRA-02857,Madhya Pradesh,Mandla,24.271934,79.562701,1.59,1.76,2025-01-07,2025-05-21,,Under Verification,605,Community Forest Right,False,None,None
FRA-02858,Kerala,Palakkad,11.542742,76.587938,13.2,13.13,2024-12-26,2025-03-08,2025-03-18,Pending,617,Community Forest Resource,True,Delayed Processing,Medium
FRA-02859,Chhattisgarh,Kanker,18.463648,81.476259,14.13,15.68,2024-11-24,2024-12-17,2025-03-15,Approved,0,Individual Forest Right,False,None,None
FRA-02860,Kerala,Kannur,9.951811,75.776831,14.61,13.93,2024-08-06,,,Pending,759,Community Forest Right,False,None,None
FRA-02861,Chhattisgarh,Surguja,19.808109,81.420414,14.6,15.81,2023-12-12,2024-04-06,,Under Verification,997,Community Forest Resource,False,None,None
FRA-02862,Odisha,Mayurbhanj,19.281687,86.407379,7.66,7.95,2023-10-07,2024-01-20,2024-02-17,Approved,0,Community Forest Right,False,None,None
FRA-02863,Chhattisgarh,Surguja,18.583776,82.697109,14.56,15.34,2023-01-18,,,Pending,1325,Individual Forest Right,False,None,None
FRA-02864,Odisha,Keonjhar,19.962093,85.493085,8.15,8.18,2024-08-24,2024-10-06,2024-12-06,Approved,0,Community Forest Right,False,None,None
FRA-02865,Jharkhand,West Singhbhum,23.771478,85.862969,8.33,9.5,2023-09-05,2023-12-13,2024-02-20,Approved,0,Community Forest Resource,False,None,None
FRA-02866,Kerala,Palakkad,9.666847,76.181595,3.51,3.7,2023-03-17,,,Rejected,0,Community Forest Right,False,None,None
FRA-02867,Maharashtra,Nandurbar,18.410892,79.217085,10.79,10.45,2022-07-15,,,Pending,1512,Community Forest Right,False,None,None
FRA-02868,Kerala,Wayanad,10.270774,77.386738,3.69,3.84,2022-09-07,2022-11-05,2022-11-20,Approved,0,Community Forest Right,False,None,None
FRA-02869,Odisha,Mayurbhanj,20.863524,86.902692,6.04,5.69,2025-12-20,,,Pending,258,Individual Forest Right,False,None,None
FRA-02870,Chhattisgarh,Bastar,20.975796,81.836991,7.44,8.13,2025-10-31,2026-01-07,,Under Verification,308,Individual Forest Right,False,None,None
FRA-02871,Odisha,Sundargarh,19.158511,84.944612,9.42,8.09,2022-02-21,,,Rejected,0,Community Forest Resource,False,None,None
FRA-02872,Odisha,Mayurbhanj,19.677971,85.6989,7.7,8.25,2024-10-06,,,Pending,698,Individual Forest Right,True,Delayed Processing,High
FRA-02873,Jharkhand,West Singhbhum,22.134218,86.486941,13.99,15.6,2022-08-25,2022-11-18,2022-12-12,Approved,0,Community Forest Right,False,None,None
FRA-02874,Chhattisgarh,Dantewada,20.185525,82.754935,7.97,7.95,2023-08-14,,,Pending,1117,Individual Forest Right,False,None,None
FRA-02875,Chhattisgarh,Bastar,18.800891,80.55865,13.13,12.43,2025-02-14,2025-04-21,2025-04-27,Approved,0,Individual Forest Right,False,None,None
FRA-02876,Kerala,Wayanad,12.441681,76.82959,13.24,14.74,2024-12-11,2025-02-09,2025-04-26,Approved,0,Community Forest Right,False,None,None
FRA-02877,Jharkhand,West Singhbhum,22.639596,85.606649,3.71,3.58,2023-12-25,2024-01-04,2024-03-06,Approved,0,Community Forest Resource,False,None,None
FRA-02878,Chhattisgarh,Kanker,22.274037,81.648873,2.74,3.04,2023-01-06,,,Rejected,0,Individual Forest Right,False,None,None
FRA-02879,Madhya Pradesh,Balaghat,24.146793,79.013781,13.05,13.2,2024-09-11,,,Pending,723,Community Forest Right,False,None,None
FRA-02880,Chhattisgarh,Dantewada,19.30714,82.371332,9.18,8.35,2022-01-23,2022-05-05,,Under Verification,1685,Community Forest Right,False,None,None
FRA-02881,Maharashtra,Nandurbar,20.64903,73.293472,6.33,6.63,2024-03-24,2024-05-07,2024-07-20,Approved,0,Individual Forest Right,False,None,None
FRA-02882,Madhya Pradesh,Balaghat,22.505961,79.613727,4.34,4.99,2024-12-03,,,Rejected,0,Community Forest Resource,False,None,None
FRA-02883,Madhya Pradesh,Bhopal,24.416467,79.631295,14.73,16.05,2023-12-21,2024-02-02,2024-03-01,Approved,0,Community Forest Right,False,None,None
FRA-02884,Kerala,Palakkad,10.903048,76.705523,7.37,7.83,2023-09-21,,,Pending,1079,Individual Forest Right,False,None,None
FRA-02885,Jharkhand,Simdega,23.564798,85.851595,1.71,0.81,2023-11-24,,,Pending,1015,Community Forest Resource,True,Land Record Mismatch,High
FRA-02886,Chhattisgarh,Dantewada,20.869041,80.592001,2.01,2.17,2024-04-19,2024-07-26,2024-09-19,Approved,0,Community Forest Right,False,None,None
FRA-02887,Chhattisgarh,Dantewada,19.998745,81.283009,7.64,7.61,2025-03-09,2025-06-27,2025-09-11,Approved,0,Individual Forest Right,False,None,None
FRA-02888,Odisha,Koraput,20.442105,87.492889,1.56,1.49,2025-02-11,2025-05-02,2025-07-29,Approved,0,Community Forest Right,False,None,None
FRA-02889,Chhattisgarh,Dantewada,21.933114,82.564896,3.28,3.39,2022-01-27,,,Pending,1681,Community Forest Right,False,None,None
FRA-02890,Madhya Pradesh,Mandla,24.164716,77.132632,1.59,1.46,2022-08-06,2022-10-22,2022-10-27,Approved,0,Individual Forest Right,False,None,None
FRA-02891,Kerala,Palakkad,10.738094,75.627786,9.47,10.2,2023-06-20,2023-12-01,,Under Verification,1172,Individual Forest Right,False,None,None
FRA-02892,Kerala,Kannur,9.791746,77.334423,11.77,13.21,2023-05-28,,,Rejected,0,Individual Forest Right,False,None,None
FRA-02893,Odisha,Koraput,19.870508,87.075813,3.75,3.93,2022-02-24,2022-05-23,2022-08-09,Approved,0,Community Forest Resource,False,None,None
FRA-02894,Chhattisgarh,Dantewada,20.260453,82.933425,8.97,8.69,2024-12-21,,,Pending,622,Community Forest Right,True,Delayed Processing,High
FRA-02895,Chhattisgarh,Kanker,18.285674,81.526752,6.11,6.23,2022-11-21,2023-03-03,,Under Verification,1383,Community Forest Right,False,None,None
FRA-02896,Madhya Pradesh,Mandla,22.90478,79.728096,9.46,8.49,2024-09-28,,,Pending,706,Community Forest Resource,False,None,None
FRA-02897,Odisha,Keonjhar,21.211316,83.431437,14.49,15.25,2023-02-26,,,Pending,1286,Community Forest Right,False,None,None
FRA-02898,Madhya Pradesh,Dindori,23.269941,78.625204,8.5,8.59,2025-08-05,,,Pending,395,Individual Forest Right,False,None,None
FRA-02899,Madhya Pradesh,Mandla,23.683876,78.897131,14.16,14.16,2024-09-07,2025-02-15,,Under Verification,727,Individual Forest Right,False,None,None
FRA-02900,Kerala,Palakkad,12.478578,76.026805,4.44,4.43,2022-12-11,2023-01-09,2023-03-17,Approved,0,Community Forest Right,False,None,None
FRA-02901,Kerala,Kannur,12.155062,76.913038,5.58,5.4,2023-06-25,,,Rejected,0,Community Forest Resource,False,None,None
FRA-02902,Kerala,Kannur,10.655033,75.648207,8.96,8.33,2024-06-25,,,Rejected,0,Community Forest Resource,False,None,None
FRA-02903,Kerala,Palakkad,10.325229,76.108381,4.16,3.94,2022-03-15,,,Rejected,0,Individual Forest Right,False,None,None
FRA-02904,Odisha,Mayurbhanj,20.270734,83.763439,9.89,10.07,2023-07-13,,,Pending,1149,Community Forest Resource,False,None,None
FRA-02905,Jharkhand,Simdega,24.196237,86.24589,4.25,4.73,2023-05-01,2023-08-23,2023-10-11,Approved,0,Individual Forest Right,False,None,None
FRA-02906,Jharkhand,Ranchi,22.936494,85.862335,3.38,3.41,2024-04-05,,,Pending,882,Community Forest Resource,False,None,None
FRA-02907,Madhya Pradesh,Balaghat,23.017704,78.519099,14.65,14.76,2025-11-27,2025-12-14,,Under Verification,281,Community Forest Right,False,None,None
FRA-02908,Chhattisgarh,Bastar,22.837952,82.626421,1.77,1.51,2026-01-21,2024-06-23,2024-07-30,Pending,226,Community Forest Resource,True,Delayed Processing,High
FRA-02909,Chhattisgarh,Dantewada,19.804821,80.691383,8.23,8.56,2024-06-03,2024-07-20,2024-09-13,Approved,0,Community Forest Resource,False,None,None
FRA-02910,Jharkhand,Simdega,23.729142,87.492315,14.33,13.87,2024-06-03,,,Rejected,0,Individual Forest Right,False,None,None
FRA-02911,Jharkhand,Gumla,24.05559,85.996317,7.38,6.52,2025-05-02,2025-05-18,2025-08-04,Approved,0,Individual Forest Right,False,None,None
FRA-02912,Madhya Pradesh,Bhopal,22.052871,79.513141,6.83,6.8,2024-12-28,2025-03-24,2025-05-09,Approved,0,Community Forest Right,False,None,None
FRA-02913,Maharashtra,Chandrapur,20.367596,76.691871,8.7,8.62,2024-11-27,2025-01-06,2025-01-13,Approved,0,Community Forest Right,False,None,None
FRA-02914,Odisha,Mayurbhanj,22.057786,85.012342,10.0,9.31,2024-08-26,,,Pending,739,Community Forest Right,False,None,None
FRA-02915,Madhya Pradesh,Mandla,23.671704,80.074136,10.45,10.17,2023-01-16,,,Rejected,0,Community Forest Right,False,None,None
FRA-02916,Maharashtra,Nashik,19.336481,79.049738,1.38,2.4,2025-12-03,,,Pending,275,Individual Forest Right,True,Land Record Mismatch,Medium
FRA-02917,Chhattisgarh,Bastar,18.63688,81.475953,4.18,4.3,2025-04-19,,,Pending,503,Community Forest Resource,False,None,None
FRA-02918,Madhya Pradesh,Balaghat,24.273067,77.993842,6.46,6.46,2025-12-31,2022-04-27,2022-07-05,Under Verification,247,Individual Forest Right,True,Delayed Processing,Medium
FRA-02919,Kerala,Kannur,12.035067,75.908413,13.35,14.63,2023-07-02,2023-07-16,2023-09-17,Approved,0,Community Forest Resource,False,None,None
FRA-02920,Kerala,Idukki,10.824102,76.826878,7.93,7.21,2022-01-22,2022-04-08,2022-05-27,Approved,0,Community Forest Right,False,None,None
FRA-02921,Odisha,Keonjhar,21.2604,83.032575,4.72,4.38,2022-09-22,,,Pending,1443,Community Forest Resource,False,None,None
FRA-02922,Madhya Pradesh,Balaghat,22.29421,78.806745,13.1,13.12,2025-12-14,,,Pending,264,Community Forest Right,True,Delayed Processing,High
FRA-02923,Jharkhand,Simdega,23.865282,85.759015,4.37,4.06,2023-07-02,2023-11-30,,Under Verification,1160,Community Forest Resource,False,None,None
FRA-02924,Odisha,Mayurbhanj,18.59582,87.481317,14.59,12.55,2025-07-06,2025-11-04,,Under Verification,425,Community Forest Resource,False,None,None
FRA-02925,Odisha,Mayurbhanj,20.193302,85.812475,1.28,0.53,2022-11-22,2023-02-23,2023-03-04,Approved,0,Individual Forest Right,True,Land Record Mismatch,High
FRA-02926,Odisha,Sundargarh,19.910497,87.360739,14.69,12.62,2025-05-08,,,Pending,484,Community Forest Right,False,None,None
FRA-02927,Odisha,Koraput,21.717242,86.071778,3.52,3.16,2022-08-29,2022-11-27,2023-02-17,Approved,0,Individual Forest Right,False,None,None
FRA-02928,Maharashtra,Chandrapur,18.017517,75.33765,3.41,1.85,2024-12-24,2025-01-07,2025-03-02,Approved,0,Community Forest Resource,True,Land Record Mismatch,Medium
FRA-02929,Madhya Pradesh,Balaghat,24.275119,77.223663,14.43,13.55,2023-08-13,,,Rejected,0,Community Forest Resource,False,None,None
FRA-02930,Odisha,Sundargarh,21.525949,85.184361,6.98,6.36,2024-12-12,2025-01-29,,Under Verification,631,Community Forest Resource,False,None,None
FRA-02931,Odisha,Keonjhar,19.446809,86.734402,5.93,14.06,2022-11-18,,,Pending,1386,Community Forest Right,True,Land Record Mismatch,Medium
FRA-02932,Chhattisgarh,Surguja,22.340367,80.2954,5.48,6.09,2024-01-18,,,Pending,960,Community Forest Resource,False,None,None
FRA-02933,Maharashtra,Gadchiroli,19.346174,75.707582,1.09,0.94,2024-11-17,2025-01-20,2025-04-14,Approved,0,Community Forest Right,False,None,None
FRA-02934,Odisha,Sundargarh,20.050722,86.038432,5.41,5.94,2023-08-26,,,Pending,1105,Community Forest Resource,False,None,None
FRA-02935,Madhya Pradesh,Mandla,23.842736,79.041684,2.48,2.3,2024-04-13,,,Rejected,0,Community Forest Right,False,None,None
FRA-02936,Madhya Pradesh,Dindori,24.331941,78.651893,13.99,13.35,2025-04-02,,,Under Verification,520,Community Forest Resource,True,Delayed Processing,Medium
FRA-02937,Maharashtra,Gadchiroli,21.435212,77.062317,10.82,11.35,2024-07-03,2024-08-24,2024-10-06,Approved,0,Community Forest Right,False,None,None
FRA-02938,Kerala,Kannur,12.301315,75.678773,8.83,7.98,2023-08-05,2023-09-14,,Under Verification,1126,Community Forest Resource,False,None,None
FRA-02939,Jharkhand,Gumla,24.128815,86.578313,12.28,11.35,2025-05-05,,,Pending,487,Community Forest Right,False,None,None
FRA-02940,Madhya Pradesh,Mandla,24.185415,80.570829,9.2,8.6,2023-09-28,,,Pending,1072,Community Forest Right,False,None,None
FRA-02941,Odisha,Koraput,20.245508,83.596573,10.33,9.84,2024-05-13,,,Pending,844,Individual Forest Right,False,None,None
FRA-02942,Odisha,Keonjhar,20.844493,84.545777,0.93,0.84,2024-07-11,2024-08-23,2024-11-15,Approved,0,Individual Forest Right,False,None,None
FRA-02943,Jharkhand,Simdega,22.309812,84.542026,11.75,10.53,2022-10-30,,,Pending,1405,Individual Forest Right,False,None,None
FRA-02944,Madhya Pradesh,Mandla,24.04259,80.793742,10.55,18.81,2022-07-31,,,Pending,1496,Community Forest Right,True,Land Record Mismatch,Medium
FRA-02945,Maharashtra,Nandurbar,21.161223,75.825538,99.45,113.06,2024-01-15,2024-03-12,,Under Verification,963,Community Forest Resource,True,Unusual Claim Area,High
FRA-02946,Chhattisgarh,Kanker,19.865059,82.910265,10.04,10.64,2025-05-04,2024-05-15,2024-07-30,Pending,488,Community Forest Resource,True,Delayed Processing,High
FRA-02947,Maharashtra,Gadchiroli,18.119877,76.339001,10.9,10.23,2022-06-12,,,Pending,1545,Community Forest Right,False,None,None
FRA-02948,Kerala,Kannur,11.177466,76.914897,1.86,1.98,2024-07-24,,,Pending,772,Community Forest Resource,False,None,None
FRA-02949,Jharkhand,Ranchi,23.946091,86.156219,14.5,16.11,2025-09-30,,,Pending,339,Community Forest Resource,False,None,None
FRA-02950,Maharashtra,Chandrapur,20.584919,73.19555,1.78,1.71,2025-02-04,2025-02-24,2025-03-12,Approved,0,Individual Forest Right,False,None,None
FRA-02951,Chhattisgarh,Bastar,18.808817,80.855106,0.98,1.04,2025-11-05,,,Pending,303,Individual Forest Right,False,None,None
FRA-02952,Maharashtra,Nashik,18.971975,77.699484,3.18,2.71,2025-10-02,2026-02-28,,Under Verification,337,Community Forest Right,False,None,None
FRA-02953,Maharashtra,Nandurbar,21.774548,80.954264,1.41,1.42,2023-03-09,,,Pending,1275,Community Forest Right,False,None,None
FRA-02954,Maharashtra,Gadchiroli,21.010762,76.297713,7.07,6.87,2023-07-14,2023-08-27,,Under Verification,1148,Community Forest Resource,False,None,None
FRA-02955,Chhattisgarh,Surguja,20.562518,80.278115,4.76,5.11,2024-04-08,2024-06-18,2024-07-28,Approved,0,Community Forest Right,False,None,None
FRA-02956,Odisha,Keonjhar,21.89291,84.159457,9.9,8.99,2025-07-06,,,Under Verification,425,Community Forest Right,True,Delayed Processing,High
FRA-02957,Maharashtra,Chandrapur,20.073133,78.464795,8.47,8.33,2023-09-12,2023-12-03,2023-12-29,Approved,0,Community Forest Resource,False,None,None
FRA-02958,Jharkhand,Ranchi,22.764888,87.324554,6.07,6.27,2025-03-11,,,Pending,542,Individual Forest Right,False,None,None
FRA-02959,Odisha,Keonjhar,21.732345,84.815189,9.98,9.07,2023-07-26,2023-08-24,2023-11-17,Approved,0,Community Forest Resource,False,None,None
FRA-02960,Madhya Pradesh,Dindori,22.670672,80.820602,88.78,90.82,2024-11-29,2024-12-24,2025-03-23,Approved,0,Individual Forest Right,True,Unusual Claim Area,Medium
FRA-02961,Chhattisgarh,Kanker,19.331448,81.680555,2.49,2.79,2023-04-09,,,Pending,1244,Community Forest Resource,False,None,None
FRA-02962,Maharashtra,Chandrapur,18.212935,76.094449,10.83,9.87,2024-04-27,,,Pending,860,Community Forest Resource,False,None,None
FRA-02963,Odisha,Sundargarh,20.505772,83.23156,4.35,4.13,2025-04-11,2025-08-01,2025-09-16,Approved,0,Community Forest Right,False,None,None
FRA-02964,Kerala,Kannur,11.455178,76.665212,11.97,11.51,2024-07-31,,,Pending,765,Individual Forest Right,False,None,None
FRA-02965,Madhya Pradesh,Mandla,22.84331,80.398918,2.41,2.33,2024-09-07,,,Pending,727,Community Forest Right,False,None,None
FRA-02966,Maharashtra,Chandrapur,18.859342,76.313849,3.75,3.71,2024-01-23,2024-03-05,2024-05-04,Approved,0,Community Forest Right,False,None,None
FRA-02967,Odisha,Mayurbhanj,18.669244,84.313277,1.77,0.56,2024-06-02,2024-08-09,2024-08-26,Approved,0,Community Forest Resource,True,Land Record Mismatch,Medium
FRA-02968,Maharashtra,Chandrapur,20.682679,78.259177,12.16,19.31,2025-07-08,2025-08-15,2025-09-29,Approved,0,Individual Forest Right,True,Land Record Mismatch,High
FRA-02969,Chhattisgarh,Kanker,21.547862,81.502113,13.97,15.64,2024-04-21,,,Rejected,0,Community Forest Right,False,None,None
FRA-02970,Kerala,Wayanad,11.838246,75.322142,3.46,3.04,2024-04-03,2024-07-17,2024-09-24,Approved,0,Individual Forest Right,False,None,None
FRA-02971,Kerala,Kannur,9.629653,75.909076,2.34,2.05,2025-03-03,2023-10-27,2024-01-23,Under Verification,550,Community Forest Resource,True,Delayed Processing,High
FRA-02972,Maharashtra,Gadchiroli,19.335009,74.061644,0.77,0.7,2025-06-16,,,Pending,445,Individual Forest Right,False,None,None
FRA-02973,Odisha,Mayurbhanj,19.76612,87.410504,12.41,10.72,2022-01-13,,,Pending,1695,Community Forest Resource,False,None,None
FRA-02974,Kerala,Idukki,9.870508,75.100371,1.61,1.66,2022-11-10,2022-12-25,,Under Verification,1394,Community Forest Resource,False,None,None
FRA-02975,Maharashtra,Nashik,19.150003,79.42861,33.06,30.54,2023-08-02,2023-10-12,,Under Verification,1129,Community Forest Resource,True,Unusual Claim Area,Medium
FRA-02976,Chhattisgarh,Dantewada,19.410019,82.39955,3.1,3.03,2023-12-21,2024-01-05,2024-02-01,Approved,0,Community Forest Right,False,None,None
FRA-02977,Madhya Pradesh,Dindori,24.420054,78.35901,0.82,0.88,2023-05-29,,,Pending,1194,Individual Forest Right,False,None,None
FRA-02978,Jharkhand,West Singhbhum,24.350441,87.129866,10.28,9.99,2024-08-26,,,Rejected,0,Community Forest Resource,False,None,None
FRA-02979,Odisha,Koraput,18.530865,87.001667,5.67,6.09,2025-11-04,2026-04-03,,Under Verification,304,Community Forest Right,False,None,None
FRA-02980,Maharashtra,Gadchiroli,19.276827,80.65546,11.7,13.35,2022-06-20,,,Pending,1537,Community Forest Right,False,None,None
FRA-02981,Jharkhand,Gumla,24.025482,87.401436,5.79,6.3,2025-02-22,,,Pending,559,Community Forest Right,True,Delayed Processing,Medium
FRA-02982,Maharashtra,Chandrapur,20.936304,78.606903,14.54,5.18,2024-05-07,2024-08-29,2024-09-10,Approved,0,Individual Forest Right,True,Land Record Mismatch,High
FRA-02983,Chhattisgarh,Surguja,18.883188,82.050212,6.48,6.54,2023-11-16,,,Pending,1023,Community Forest Resource,False,None,None
FRA-02984,Madhya Pradesh,Bhopal,22.356711,77.138085,1.5,1.62,2022-05-13,2022-07-01,2022-09-13,Approved,0,Community Forest Right,False,None,None
FRA-02985,Madhya Pradesh,Bhopal,23.516979,77.761445,6.17,5.92,2024-10-31,2023-07-25,2023-08-24,Under Verification,673,Community Forest Resource,True,Delayed Processing,Medium
FRA-02986,Odisha,Keonjhar,19.274031,86.152508,1.27,1.3,2025-01-11,2025-02-20,,Under Verification,601,Community Forest Right,False,None,None
FRA-02987,Chhattisgarh,Dantewada,22.645381,80.099015,9.88,8.68,2024-08-05,2024-11-18,2024-12-27,Approved,0,Individual Forest Right,False,None,None
FRA-02988,Chhattisgarh,Surguja,21.518818,82.621472,2.96,3.31,2024-12-04,2023-09-21,,Pending,639,Community Forest Resource,True,Delayed Processing,High
FRA-02989,Maharashtra,Chandrapur,19.522729,73.867526,97.75,105.79,2022-03-17,2022-04-08,2022-06-15,Approved,0,Individual Forest Right,True,Unusual Claim Area,Medium
FRA-02990,Madhya Pradesh,Bhopal,24.452579,79.742525,10.96,12.25,2025-12-23,2025-06-19,2025-09-09,Pending,255,Community Forest Right,True,Delayed Processing,Medium
FRA-02991,Maharashtra,Nandurbar,21.980102,76.006343,9.83,8.44,2025-05-18,,,Rejected,0,Community Forest Right,False,None,None
FRA-02992,Madhya Pradesh,Dindori,22.875964,79.869502,69.97,79.03,2023-12-28,,,Rejected,0,Community Forest Right,True,Unusual Claim Area,High
FRA-02993,Jharkhand,Ranchi,23.659867,86.983722,14.86,16.49,2022-01-14,,,Pending,1694,Individual Forest Right,False,None,None
FRA-02994,Jharkhand,Simdega,23.063447,86.283935,10.96,10.8,2025-04-04,,,Pending,518,Individual Forest Right,False,None,None
FRA-02995,Chhattisgarh,Dantewada,21.938179,82.457247,1.44,1.47,2024-11-15,2024-11-30,,Under Verification,658,Individual Forest Right,False,None,None
FRA-02996,Maharashtra,Nandurbar,19.744021,73.025822,9.92,10.19,2025-03-16,2025-06-05,2025-06-18,Approved,0,Individual Forest Right,False,None,None
FRA-02997,Madhya Pradesh,Balaghat,24.486659,78.998377,6.39,5.75,2022-02-19,2022-06-17,2022-09-15,Approved,0,Community Forest Resource,False,None,None
FRA-02998,Jharkhand,West Singhbhum,24.058202,86.97898,11.88,10.4,2025-10-06,,,Pending,333,Community Forest Right,False,None,None
FRA-02999,Maharashtra,Nandurbar,21.523765,73.804454,8.67,8.48,2025-09-05,,,Rejected,0,Community Forest Right,False,None,None
FRA-03000,Odisha,Sundargarh,18.612686,85.208857,3.43,3.24,2025-05-02,2025-08-09,2025-10-25,Approved,0,Community Forest Resource,False,None,None
FRA-03001,Chhattisgarh,Kanker,18.184594,82.595962,13.57,7.32,2023-02-24,2023-04-05,2023-06-21,Approved,0,Community Forest Right,True,Land Record Mismatch,High
FRA-03002,Madhya Pradesh,Bhopal,23.239973,77.423363,7.27,6.76,2024-12-11,2025-02-19,2025-03-20,Approved,0,Individual Forest Right,False,None,None
FRA-03003,Maharashtra,Nandurbar,20.923291,76.920515,7.7,7.72,2023-08-01,,,Pending,1130,Community Forest Right,False,None,None
FRA-03004,Maharashtra,Chandrapur,20.618421,75.455159,8.29,7.97,2025-05-22,,,Pending,470,Individual Forest Right,False,None,None
FRA-03005,Chhattisgarh,Surguja,18.722977,80.10829,1.66,1.51,2025-11-28,2026-01-09,2026-03-09,Approved,0,Individual Forest Right,False,None,None
FRA-03006,Chhattisgarh,Dantewada,22.04928,80.335808,1.79,1.75,2025-04-13,,,Pending,509,Individual Forest Right,False,None,None
FRA-03007,Kerala,Wayanad,10.138663,75.190754,11.59,11.51,2023-03-20,2023-06-20,2023-08-14,Approved,0,Community Forest Resource,False,None,None
FRA-03008,Kerala,Kannur,10.621733,75.588554,12.72,11.49,2025-11-13,2025-12-10,2026-03-01,Approved,0,Community Forest Resource,False,None,None
FRA-03009,Jharkhand,Simdega,23.200136,84.433615,3.2,2.87,2025-04-25,2025-10-02,,Under Verification,497,Community Forest Resource,False,None,None
FRA-03010,Odisha,Koraput,20.308231,85.567634,2.9,2.58,2025-03-31,2025-06-05,2025-08-31,Approved,0,Community Forest Right,False,None,None
FRA-03011,Odisha,Koraput,21.672863,85.554461,4.52,4.82,2024-06-18,2024-10-03,2024-12-29,Approved,0,Community Forest Right,False,None,None
FRA-03012,Odisha,Sundargarh,21.270893,85.227269,7.5,8.28,2022-06-11,,,Pending,1546,Individual Forest Right,False,None,None
FRA-03013,Kerala,Idukki,10.135049,76.601848,3.49,3.23,2025-11-25,2026-03-03,2026-04-19,Approved,0,Individual Forest Right,False,None,None
FRA-03014,Maharashtra,Nandurbar,21.599726,76.675418,1.23,1.15,2022-03-12,,,Rejected,0,Community Forest Resource,False,None,None
FRA-03015,Kerala,Idukki,10.852122,75.880847,6.56,7.31,2023-06-10,2023-09-01,2023-09-18,Approved,0,Community Forest Right,False,None,None
FRA-03016,Jharkhand,Ranchi,24.016466,85.879875,5.21,2.82,2023-07-12,2023-10-04,2023-12-30,Approved,0,Individual Forest Right,True,Land Record Mismatch,High
FRA-03017,Odisha,Mayurbhanj,21.93243,86.507848,9.1,8.45,2023-01-31,2023-05-28,2023-08-15,Approved,0,Individual Forest Right,False,None,None
FRA-03018,Madhya Pradesh,Bhopal,23.262325,80.509165,9.42,9.73,2025-06-28,,,Pending,433,Individual Forest Right,False,None,None
FRA-03019,Kerala,Palakkad,10.609133,77.427827,5.15,5.19,2024-10-26,2024-11-24,,Under Verification,678,Community Forest Right,False,None,None
FRA-03020,Kerala,Kannur,9.612751,75.47163,7.14,6.92,2025-08-09,2025-12-04,2026-01-30,Approved,0,Community Forest Resource,False,None,None
FRA-03021,Chhattisgarh,Dantewada,18.936882,82.496509,5.35,9.85,2024-05-02,2024-05-12,,Under Verification,855,Community Forest Right,True,Land Record Mismatch,Medium
FRA-03022,Maharashtra,Nandurbar,18.576344,74.999669,4.63,4.62,2022-06-20,,,Rejected,0,Community Forest Right,False,None,None
FRA-03023,Chhattisgarh,Surguja,19.924606,82.739209,13.82,15.07,2023-11-29,,,Rejected,0,Community Forest Resource,False,None,None
FRA-03024,Madhya Pradesh,Bhopal,23.042801,80.184425,4.12,4.21,2022-06-07,2022-08-29,2022-10-18,Approved,0,Individual Forest Right,False,None,None
FRA-03025,Odisha,Mayurbhanj,18.798235,85.845831,11.2,12.01,2022-01-01,2022-02-22,,Under Verification,1707,Individual Forest Right,False,None,None
FRA-03026,Jharkhand,Simdega,22.9984,85.340394,1.1,1.14,2024-06-12,2024-10-06,2024-10-21,Approved,0,Community Forest Right,False,None,None
FRA-03027,Odisha,Koraput,19.26698,86.033501,6.8,6.51,2024-12-22,2022-03-20,2022-06-09,Under Verification,621,Community Forest Resource,True,Delayed Processing,Medium
FRA-03028,Odisha,Koraput,20.256979,85.756809,10.17,10.86,2025-01-28,2025-02-14,2025-04-02,Approved,0,Community Forest Right,False,None,None
FRA-03029,Maharashtra,Nandurbar,18.680736,79.515519,13.01,13.57,2022-07-30,,,Pending,1497,Community Forest Resource,False,None,None
FRA-03030,Maharashtra,Chandrapur,20.015109,75.321545,93.09,95.35,2023-03-20,,,Rejected,0,Community Forest Resource,True,Unusual Claim Area,High
FRA-03031,Madhya Pradesh,Mandla,24.136802,78.648752,2.73,3.06,2022-11-29,,,Rejected,0,Community Forest Right,False,None,None
FRA-03032,Odisha,Koraput,19.108587,85.786759,58.23,60.4,2023-09-22,2023-12-05,2024-02-13,Approved,0,Community Forest Resource,True,Unusual Claim Area,High
FRA-03033,Madhya Pradesh,Balaghat,23.158378,80.757982,9.2,8.5,2024-02-29,,,Pending,918,Community Forest Resource,False,None,None
FRA-03034,Madhya Pradesh,Dindori,22.780428,78.092443,9.77,8.67,2023-10-04,2023-11-02,2023-11-21,Approved,0,Individual Forest Right,False,None,None
FRA-03035,Madhya Pradesh,Bhopal,22.47672,79.06953,13.3,5.15,2024-01-06,2024-03-24,2024-04-19,Approved,0,Community Forest Resource,True,Land Record Mismatch,Medium
FRA-03036,Chhattisgarh,Kanker,22.40704,82.630218,13.86,13.42,2024-03-15,,,Pending,903,Individual Forest Right,False,None,None
FRA-03037,Chhattisgarh,Bastar,22.974955,80.939404,14.09,16.07,2023-06-03,2023-08-20,2023-10-18,Approved,0,Individual Forest Right,False,None,None
FRA-03038,Jharkhand,West Singhbhum,22.962163,85.088279,2.45,2.76,2023-02-10,,,Pending,1302,Community Forest Resource,False,None,None
FRA-03039,Kerala,Kannur,11.419375,77.274822,6.69,6.48,2024-08-20,2024-11-07,2025-01-14,Approved,0,Individual Forest Right,False,None,None
FRA-03040,Madhya Pradesh,Bhopal,23.122053,78.352165,12.01,13.25,2022-04-17,2022-08-11,2022-09-12,Approved,0,Community Forest Right,False,None,None
FRA-03041,Madhya Pradesh,Bhopal,23.719806,80.257502,11.44,12.18,2024-10-06,2024-11-22,,Under Verification,698,Community Forest Right,False,None,None
FRA-03042,Chhattisgarh,Surguja,19.382547,81.296782,4.7,4.09,2025-09-26,2026-03-06,,Under Verification,343,Community Forest Resource,False,None,None
FRA-03043,Chhattisgarh,Dantewada,22.990446,81.303206,11.0,11.84,2025-12-31,2026-03-21,2026-05-05,Approved,0,Individual Forest Right,False,None,None
FRA-03044,Maharashtra,Gadchiroli,21.219751,74.354076,84.39,83.36,2024-02-20,,,Pending,927,Community Forest Resource,True,Unusual Claim Area,Medium
FRA-03045,Jharkhand,Ranchi,23.19526,87.443296,13.82,23.92,2025-08-25,2025-12-03,,Under Verification,375,Community Forest Resource,True,Land Record Mismatch,High
FRA-03046,Chhattisgarh,Bastar,22.103093,82.176402,10.38,10.67,2025-10-13,2025-11-16,2025-12-31,Approved,0,Community Forest Resource,False,None,None
FRA-03047,Jharkhand,Ranchi,22.865452,86.852835,14.76,16.96,2022-01-07,,,Pending,1701,Community Forest Resource,False,None,None
FRA-03048,Maharashtra,Chandrapur,20.26537,78.26898,9.34,10.16,2024-03-29,2024-05-22,2024-07-24,Approved,0,Community Forest Right,False,None,None
FRA-03049,Kerala,Kannur,9.875737,75.176732,8.43,7.19,2023-10-29,2024-02-07,,Under Verification,1041,Community Forest Right,False,None,None
FRA-03050,Maharashtra,Chandrapur,20.959392,75.223232,2.98,3.34,2025-04-07,2025-04-30,2025-05-30,Pending,515,Community Forest Resource,True,Delayed Processing,Medium
FRA-03051,Madhya Pradesh,Mandla,22.735363,79.32734,3.52,3.72,2022-08-13,2022-09-17,,Under Verification,1483,Community Forest Right,False,None,None
FRA-03052,Jharkhand,Simdega,22.856562,86.353835,14.67,16.02,2024-05-28,2024-09-11,2024-10-31,Approved,0,Individual Forest Right,False,None,None
FRA-03053,Odisha,Koraput,19.507235,85.210563,7.7,8.67,2022-10-19,2022-12-01,2022-12-23,Approved,0,Community Forest Resource,False,None,None
FRA-03054,Jharkhand,West Singhbhum,24.170938,87.352259,14.9,13.55,2025-10-21,2026-01-20,2026-04-04,Approved,0,Community Forest Resource,False,None,None
FRA-03055,Madhya Pradesh,Dindori,22.157821,80.169808,8.13,8.43,2025-03-13,,,Rejected,0,Community Forest Right,False,None,None
FRA-03056,Kerala,Kannur,11.725171,77.129023,5.14,4.58,2022-09-03,2022-10-03,2022-12-03,Approved,0,Community Forest Resource,False,None,None
FRA-03057,Jharkhand,Gumla,23.89355,85.743153,99.34,87.57,2023-09-19,,,Pending,1081,Individual Forest Right,True,Unusual Claim Area,Medium
FRA-03058,Maharashtra,Nashik,18.647896,74.925902,12.34,13.2,2023-11-16,,,Rejected,0,Community Forest Right,False,None,None
FRA-03059,Kerala,Wayanad,9.580253,77.035098,8.22,8.24,2022-02-08,2022-04-12,2022-05-25,Approved,0,Community Forest Right,False,None,None
FRA-03060,Kerala,Wayanad,11.532531,77.294238,2.37,2.37,2023-09-16,2023-10-28,2023-11-05,Approved,0,Community Forest Right,False,None,None
FRA-03061,Madhya Pradesh,Balaghat,23.29449,80.89006,1.41,1.47,2024-08-21,,,Pending,744,Community Forest Resource,False,None,None
FRA-03062,Chhattisgarh,Kanker,21.797441,80.844647,9.3,9.24,2022-01-23,2022-02-18,2022-02-25,Approved,0,Community Forest Resource,False,None,None
FRA-03063,Odisha,Sundargarh,19.523251,86.259066,4.95,4.4,2026-03-07,2022-04-17,2022-04-27,Under Verification,181,Individual Forest Right,True,Delayed Processing,High
FRA-03064,Madhya Pradesh,Mandla,22.276313,77.487835,5.38,5.11,2024-07-21,,,Pending,775,Community Forest Resource,False,None,None
FRA-03065,Jharkhand,Gumla,23.711581,84.447661,39.13,34.26,2024-05-16,,,Rejected,0,Community Forest Right,True,Unusual Claim Area,High
FRA-03066,Madhya Pradesh,Dindori,23.788286,80.624892,12.44,4.54,2024-09-02,,,Rejected,0,Individual Forest Right,True,Land Record Mismatch,Medium
FRA-03067,Chhattisgarh,Bastar,20.665155,81.721282,9.41,9.81,2022-11-26,2023-02-08,2023-04-14,Approved,0,Community Forest Right,False,None,None
FRA-03068,Odisha,Koraput,20.847715,84.435883,11.22,10.92,2024-11-10,,,Rejected,0,Community Forest Resource,False,None,None
FRA-03069,Jharkhand,Gumla,22.701373,85.884928,13.53,11.62,2025-11-19,,,Pending,289,Community Forest Right,True,Delayed Processing,Medium
FRA-03070,Jharkhand,Simdega,23.274997,86.169357,13.65,12.04,2025-01-09,,,Pending,603,Community Forest Right,False,None,None
FRA-03071,Kerala,Palakkad,9.598905,77.251319,12.49,12.87,2023-04-28,,,Pending,1225,Community Forest Resource,False,None,None
FRA-03072,Maharashtra,Chandrapur,19.00665,80.545243,3.8,3.59,2024-05-11,2024-05-23,,Under Verification,846,Individual Forest Right,False,None,None
FRA-03073,Kerala,Kannur,12.390602,75.186759,5.65,5.58,2025-09-06,2025-09-23,2025-11-11,Approved,0,Community Forest Resource,False,None,None
FRA-03074,Odisha,Keonjhar,21.523047,86.031964,4.37,1.91,2022-03-15,,,Pending,1634,Community Forest Resource,True,Land Record Mismatch,High
FRA-03075,Kerala,Palakkad,12.424864,76.997643,11.55,9.93,2022-03-21,,,Pending,1628,Community Forest Resource,False,None,None
FRA-03076,Madhya Pradesh,Mandla,22.05416,80.024387,5.0,5.39,2022-05-20,2022-07-13,,Under Verification,1568,Individual Forest Right,False,None,None
FRA-03077,Kerala,Kannur,10.601183,76.229453,10.55,11.79,2023-07-27,2023-08-08,2023-09-21,Approved,0,Community Forest Right,False,None,None
FRA-03078,Jharkhand,Ranchi,23.304542,84.899893,4.46,5.08,2022-09-16,,,Rejected,0,Community Forest Right,False,None,None
FRA-03079,Madhya Pradesh,Mandla,23.407377,78.657712,1.69,1.84,2022-08-29,,,Pending,1467,Individual Forest Right,False,None,None
FRA-03080,Chhattisgarh,Kanker,18.785151,81.389732,1.18,1.1,2023-08-25,2023-12-09,2023-12-17,Approved,0,Individual Forest Right,False,None,None
FRA-03081,Odisha,Sundargarh,21.137628,86.47705,8.71,9.01,2024-09-15,,,Pending,719,Community Forest Resource,False,None,None
FRA-03082,Madhya Pradesh,Balaghat,23.597718,77.228188,12.07,11.08,2022-07-27,,,Rejected,0,Community Forest Resource,False,None,None
FRA-03083,Kerala,Palakkad,10.283365,77.103702,2.83,2.8,2023-08-02,2023-09-12,,Under Verification,1129,Community Forest Resource,False,None,None
FRA-03084,Chhattisgarh,Bastar,18.466223,81.278015,14.68,13.56,2023-05-22,2023-07-04,2023-08-23,Approved,0,Community Forest Right,False,None,None
FRA-03085,Madhya Pradesh,Bhopal,22.415128,78.468815,1.67,0.64,2022-04-27,2022-06-10,2022-07-15,Approved,0,Community Forest Right,True,Land Record Mismatch,High
FRA-03086,Jharkhand,West Singhbhum,22.740045,87.403767,12.01,13.03,2023-11-09,2023-12-06,2024-01-20,Approved,0,Community Forest Resource,False,None,None
FRA-03087,Kerala,Palakkad,10.116515,75.182599,5.38,4.75,2022-05-17,2022-09-11,2022-09-19,Approved,0,Individual Forest Right,False,None,None
FRA-03088,Jharkhand,Ranchi,23.222001,84.867463,6.33,6.49,2022-04-19,,,Rejected,0,Individual Forest Right,False,None,None
FRA-03089,Chhattisgarh,Bastar,22.888854,80.927876,2.88,1.57,2024-06-15,,,Pending,811,Community Forest Right,True,Land Record Mismatch,High
FRA-03090,Jharkhand,Ranchi,22.309234,85.43275,14.47,13.66,2025-06-26,,,Pending,435,Community Forest Right,False,None,None
FRA-03091,Kerala,Palakkad,10.739261,76.754441,8.24,9.11,2023-11-06,2024-01-11,2024-02-25,Approved,0,Individual Forest Right,False,None,None
FRA-03092,Jharkhand,Gumla,23.799592,86.187031,1.37,0.81,2025-06-07,,,Pending,454,Individual Forest Right,True,Land Record Mismatch,High
FRA-03093,Chhattisgarh,Surguja,20.775802,81.779486,12.47,12.51,2025-11-21,2026-02-24,2026-05-20,Approved,0,Community Forest Resource,False,None,None
FRA-03094,Chhattisgarh,Bastar,19.680316,82.778172,7.69,6.64,2024-10-15,,,Rejected,0,Community Forest Resource,False,None,None
FRA-03095,Kerala,Kannur,11.924886,75.901781,11.93,13.08,2022-09-27,2022-11-11,2023-01-15,Approved,0,Community Forest Right,False,None,None
FRA-03096,Odisha,Keonjhar,21.61442,84.230627,6.16,6.7,2026-02-28,2023-07-21,2023-08-31,Under Verification,188,Community Forest Right,True,Delayed Processing,Medium
FRA-03097,Maharashtra,Nandurbar,19.560698,77.370694,2.33,2.5,2024-07-25,2024-09-19,2024-10-20,Approved,0,Community Forest Resource,False,None,None
FRA-03098,Chhattisgarh,Surguja,22.516061,82.596031,9.97,16.52,2025-04-08,2025-05-03,2025-05-10,Approved,0,Community Forest Right,True,Land Record Mismatch,High
FRA-03099,Odisha,Mayurbhanj,20.912209,83.195855,11.46,9.95,2025-06-12,2025-08-17,,Under Verification,449,Community Forest Resource,False,None,None
FRA-03100,Kerala,Idukki,10.906204,76.100901,2.58,1.32,2024-01-09,,,Pending,969,Community Forest Resource,True,Land Record Mismatch,Medium
FRA-03101,Jharkhand,Ranchi,22.544017,85.301065,9.91,9.11,2025-10-25,2026-04-02,,Under Verification,314,Community Forest Resource,False,None,None
FRA-03102,Kerala,Idukki,12.343206,77.344577,7.17,7.33,2022-11-15,,,Pending,1389,Individual Forest Right,False,None,None
FRA-03103,Jharkhand,Simdega,23.424772,86.54068,5.37,2.97,2025-05-23,,,Pending,469,Individual Forest Right,True,Land Record Mismatch,High
FRA-03104,Jharkhand,Gumla,23.81412,85.72554,13.17,13.89,2025-09-11,,,Rejected,0,Individual Forest Right,False,None,None
FRA-03105,Maharashtra,Nandurbar,18.530891,74.160526,10.4,16.66,2022-11-27,2023-01-02,2023-02-26,Approved,0,Community Forest Right,True,Land Record Mismatch,Medium
FRA-03106,Kerala,Wayanad,11.799337,75.691932,1.09,1.16,2024-03-08,2024-05-03,2024-05-20,Approved,0,Community Forest Resource,False,None,None
FRA-03107,Jharkhand,Gumla,23.261602,87.349506,14.49,13.84,2024-11-05,,,Pending,668,Community Forest Resource,True,Delayed Processing,Medium
FRA-03108,Odisha,Keonjhar,20.85065,83.763687,14.22,14.33,2022-10-04,2022-12-06,2023-02-11,Approved,0,Community Forest Right,False,None,None
FRA-03109,Chhattisgarh,Kanker,21.124751,80.955037,43.55,47.31,2023-04-15,,,Rejected,0,Community Forest Resource,True,Unusual Claim Area,High
FRA-03110,Jharkhand,Gumla,23.519778,86.694078,8.89,7.77,2023-12-07,2023-12-18,2024-01-09,Approved,0,Community Forest Right,False,None,None
FRA-03111,Jharkhand,Gumla,22.169281,84.677985,97.99,110.53,2025-11-28,,,Pending,280,Community Forest Right,True,Unusual Claim Area,High
FRA-03112,Chhattisgarh,Dantewada,18.341416,82.707812,7.41,6.55,2022-02-23,2022-03-05,2022-05-20,Approved,0,Individual Forest Right,False,None,None
FRA-03113,Madhya Pradesh,Dindori,22.554953,79.661063,8.74,8.38,2025-07-18,,,Under Verification,413,Individual Forest Right,True,Delayed Processing,High
FRA-03114,Chhattisgarh,Dantewada,22.94452,82.667265,4.49,3.93,2023-09-30,,,Pending,1070,Individual Forest Right,False,None,None
FRA-03115,Kerala,Kannur,11.509525,77.494209,9.29,10.21,2025-11-27,2025-12-26,2026-02-21,Approved,0,Individual Forest Right,False,None,None
FRA-03116,Madhya Pradesh,Bhopal,23.180172,77.691286,8.63,8.96,2022-06-24,2022-08-04,,Under Verification,1533,Community Forest Right,False,None,None
FRA-03117,Odisha,Mayurbhanj,19.481243,87.481847,10.65,10.87,2025-11-11,2022-04-24,2022-05-08,Under Verification,297,Community Forest Right,True,Delayed Processing,High
FRA-03118,Odisha,Sundargarh,21.658239,83.133002,2.93,2.5,2025-02-02,,,Pending,579,Community Forest Right,False,None,None
FRA-03119,Madhya Pradesh,Mandla,24.347397,78.859428,0.67,0.76,2023-07-27,2023-09-03,2023-09-11,Approved,0,Community Forest Resource,False,None,None
FRA-03120,Kerala,Kannur,10.980875,75.873871,10.66,10.61,2023-11-29,,,Pending,1010,Individual Forest Right,False,None,None
FRA-03121,Maharashtra,Chandrapur,20.300161,73.775728,5.36,5.03,2024-06-15,2024-07-26,2024-09-19,Approved,0,Community Forest Right,False,None,None
FRA-03122,Kerala,Kannur,9.883808,75.444953,6.72,6.4,2025-04-27,2025-04-04,,Pending,495,Individual Forest Right,True,Delayed Processing,Medium
FRA-03123,Kerala,Idukki,11.796299,75.809882,1.17,1.33,2023-06-15,2023-08-01,,Under Verification,1177,Community Forest Right,False,None,None
FRA-03124,Odisha,Mayurbhanj,22.216268,85.721484,3.42,3.5,2023-08-10,2023-11-28,2024-01-20,Approved,0,Individual Forest Right,False,None,None
FRA-03125,Jharkhand,West Singhbhum,23.4091,86.575215,13.04,13.81,2024-01-08,,,Pending,970,Community Forest Resource,False,None,None
FRA-03126,Madhya Pradesh,Bhopal,22.136503,79.582518,14.09,30.34,2022-11-06,2023-01-29,,Under Verification,1398,Community Forest Resource,True,Land Record Mismatch,High
FRA-03127,Maharashtra,Chandrapur,18.866505,76.781677,1.55,1.39,2025-03-23,2025-07-18,2025-08-06,Approved,0,Community Forest Right,False,None,None
FRA-03128,Odisha,Mayurbhanj,22.205209,84.164061,4.08,4.61,2025-01-24,2025-03-31,2025-04-05,Approved,0,Community Forest Right,False,None,None
FRA-03129,Kerala,Palakkad,10.666935,75.17068,7.88,7.75,2024-03-17,,,Rejected,0,Community Forest Right,False,None,None
FRA-03130,Kerala,Palakkad,11.770555,77.084198,11.72,20.02,2023-03-28,,,Pending,1256,Community Forest Right,True,Land Record Mismatch,Medium
FRA-03131,Madhya Pradesh,Balaghat,22.910515,80.564103,14.86,17.04,2022-11-13,2022-11-24,,Under Verification,1391,Community Forest Right,False,None,None
FRA-03132,Jharkhand,Simdega,23.969179,84.402986,3.89,4.13,2023-01-07,2023-03-07,2023-04-29,Approved,0,Community Forest Resource,False,None,None
FRA-03133,Maharashtra,Gadchiroli,21.501847,75.669155,7.62,7.71,2024-04-14,,,Pending,873,Individual Forest Right,False,None,None
FRA-03134,Madhya Pradesh,Balaghat,24.254685,78.074671,12.41,14.18,2025-07-28,2025-10-29,2025-11-27,Approved,0,Community Forest Resource,False,None,None
FRA-03135,Odisha,Sundargarh,21.429105,85.412475,9.44,9.95,2026-01-23,2024-10-27,,Under Verification,224,Community Forest Right,True,Delayed Processing,Medium
FRA-03136,Madhya Pradesh,Bhopal,23.246799,80.754565,81.33,71.07,2023-05-06,2023-07-11,2023-07-20,Approved,0,Community Forest Resource,True,Unusual Claim Area,High
FRA-03137,Jharkhand,Simdega,24.229343,84.992991,6.12,6.01,2024-10-09,,,Pending,695,Community Forest Resource,True,Delayed Processing,High
FRA-03138,Jharkhand,West Singhbhum,22.466146,84.277675,5.69,5.65,2025-02-18,,,Under Verification,563,Community Forest Resource,True,Delayed Processing,High
FRA-03139,Jharkhand,West Singhbhum,22.304848,84.522343,11.52,12.3,2023-09-22,2023-10-23,2023-12-29,Approved,0,Individual Forest Right,False,None,None
FRA-03140,Kerala,Wayanad,10.252078,76.814482,9.26,9.26,2022-12-21,2023-03-31,2023-05-08,Approved,0,Individual Forest Right,False,None,None
FRA-03141,Madhya Pradesh,Balaghat,22.340882,79.855028,8.86,9.09,2024-12-09,2025-01-28,,Under Verification,634,Community Forest Resource,False,None,None
FRA-03142,Madhya Pradesh,Bhopal,23.152565,80.288803,3.57,4.07,2025-09-17,,,Pending,352,Community Forest Right,False,None,None
FRA-03143,Maharashtra,Chandrapur,21.691982,75.808851,7.07,7.7,2022-05-26,2022-09-18,2022-12-17,Approved,0,Community Forest Resource,False,None,None
FRA-03144,Jharkhand,West Singhbhum,22.976469,85.038453,6.56,14.69,2023-04-18,,,Pending,1235,Community Forest Right,True,Land Record Mismatch,High
FRA-03145,Kerala,Kannur,10.974651,76.967276,10.18,10.03,2024-03-29,2024-08-07,,Under Verification,889,Community Forest Right,False,None,None
FRA-03146,Jharkhand,Simdega,23.201645,85.379171,8.65,15.66,2024-10-21,,,Pending,683,Individual Forest Right,True,Land Record Mismatch,Medium
FRA-03147,Madhya Pradesh,Dindori,22.909392,78.150073,9.54,9.6,2024-12-19,2025-03-10,2025-05-18,Approved,0,Individual Forest Right,False,None,None
FRA-03148,Jharkhand,Simdega,22.747716,84.965559,2.92,2.86,2025-11-07,,,Pending,301,Individual Forest Right,False,None,None
FRA-03149,Jharkhand,Gumla,23.487279,85.876734,11.86,10.91,2024-12-13,2025-03-20,2025-04-29,Approved,0,Community Forest Right,False,None,None
FRA-03150,Jharkhand,Gumla,22.763225,87.012941,6.76,6.93,2023-05-19,2023-09-16,2023-10-02,Approved,0,Individual Forest Right,False,None,None
FRA-03151,Chhattisgarh,Bastar,20.719929,80.569755,8.72,20.06,2023-05-11,,,Rejected,0,Community Forest Resource,True,Land Record Mismatch,Medium
FRA-03152,Madhya Pradesh,Dindori,22.884104,79.00707,5.19,5.23,2023-10-17,2024-01-24,2024-03-06,Approved,0,Community Forest Resource,False,None,None
FRA-03153,Jharkhand,Ranchi,22.859007,84.96768,6.47,6.39,2023-06-03,2023-09-11,2023-11-21,Approved,0,Individual Forest Right,False,None,None
FRA-03154,Jharkhand,Gumla,23.625417,85.596968,13.92,8.24,2023-11-04,2024-01-03,2024-03-02,Approved,0,Community Forest Resource,True,Land Record Mismatch,High
FRA-03155,Kerala,Idukki,11.631773,76.861374,6.84,3.99,2024-08-08,,,Pending,757,Community Forest Resource,True,Land Record Mismatch,High
FRA-03156,Madhya Pradesh,Bhopal,23.937284,80.664509,6.77,6.29,2024-05-19,2024-08-15,,Under Verification,838,Community Forest Right,False,None,None
FRA-03157,Kerala,Palakkad,11.275734,75.983336,13.34,15.08,2025-08-25,2023-10-21,2023-12-11,Under Verification,375,Community Forest Right,True,Delayed Processing,High
FRA-03158,Jharkhand,Ranchi,22.22614,87.07204,2.4,2.75,2024-10-09,,,Rejected,0,Individual Forest Right,False,None,None
FRA-03159,Kerala,Idukki,12.068185,76.853015,13.03,14.35,2023-01-20,,,Pending,1323,Individual Forest Right,False,None,None
FRA-03160,Madhya Pradesh,Balaghat,22.3105,80.441822,5.8,10.47,2022-03-26,,,Pending,1623,Community Forest Right,True,Land Record Mismatch,High
FRA-03161,Kerala,Palakkad,9.951513,75.234626,5.38,5.23,2025-07-18,,,Rejected,0,Community Forest Resource,False,None,None
FRA-03162,Odisha,Koraput,20.587695,84.29577,46.45,48.45,2023-10-24,2024-01-10,2024-01-26,Approved,0,Community Forest Right,True,Unusual Claim Area,Medium
FRA-03163,Odisha,Keonjhar,18.762183,84.231445,2.81,2.51,2023-08-03,,,Pending,1128,Community Forest Right,False,None,None
FRA-03164,Madhya Pradesh,Dindori,22.70005,77.057931,14.34,14.77,2023-05-21,2023-10-09,,Under Verification,1202,Community Forest Resource,False,None,None
FRA-03165,Kerala,Kannur,9.57333,75.662496,0.56,0.63,2023-02-19,2023-05-19,2023-05-25,Approved,0,Individual Forest Right,False,None,None
FRA-03166,Kerala,Palakkad,10.206829,75.821364,10.5,11.88,2022-09-22,,,Rejected,0,Community Forest Resource,False,None,None
FRA-03167,Kerala,Palakkad,10.968556,75.886497,4.23,1.68,2024-06-15,2024-08-09,2024-10-13,Approved,0,Community Forest Right,True,Land Record Mismatch,High
FRA-03168,Jharkhand,Ranchi,22.449311,85.363719,6.71,6.39,2025-10-31,2025-12-07,2026-02-23,Approved,0,Individual Forest Right,False,None,None
FRA-03169,Maharashtra,Chandrapur,18.716928,78.662422,12.57,14.31,2023-12-10,2024-03-11,2024-03-28,Approved,0,Community Forest Right,False,None,None
FRA-03170,Chhattisgarh,Kanker,20.84697,81.309992,7.35,17.0,2025-01-10,2025-07-03,,Under Verification,602,Individual Forest Right,True,Land Record Mismatch,Medium
FRA-03171,Chhattisgarh,Bastar,22.156732,81.809063,9.25,7.98,2024-07-10,2024-12-20,,Under Verification,786,Community Forest Right,False,None,None
FRA-03172,Odisha,Mayurbhanj,20.769437,86.543806,5.07,5.33,2022-06-29,2022-08-24,,Under Verification,1528,Community Forest Resource,False,None,None
FRA-03173,Madhya Pradesh,Dindori,24.351031,77.747892,3.07,3.38,2025-12-17,2026-03-20,2026-05-05,Approved,0,Individual Forest Right,False,None,None
FRA-03174,Madhya Pradesh,Mandla,24.085401,77.758359,4.14,3.79,2023-07-01,2023-08-06,2023-08-31,Approved,0,Community Forest Resource,False,None,None
FRA-03175,Jharkhand,Ranchi,22.632206,84.547085,11.52,12.98,2022-01-16,,,Pending,1692,Individual Forest Right,False,None,None
FRA-03176,Chhattisgarh,Dantewada,19.989867,81.500678,5.13,5.07,2022-04-07,,,Rejected,0,Community Forest Right,False,None,None
FRA-03177,Maharashtra,Chandrapur,20.674617,73.851389,9.22,8.44,2025-01-11,,,Rejected,0,Individual Forest Right,False,None,None
FRA-03178,Madhya Pradesh,Bhopal,24.248781,79.662406,3.57,8.51,2023-12-02,,,Pending,1007,Community Forest Right,True,Land Record Mismatch,High
FRA-03179,Odisha,Sundargarh,18.982382,83.745643,10.04,11.44,2025-09-01,2025-10-18,2025-11-27,Pending,368,Community Forest Resource,True,Delayed Processing,Medium
FRA-03180,Odisha,Sundargarh,19.914828,86.550286,11.53,11.23,2024-12-18,2025-04-12,2025-04-25,Approved,0,Community Forest Resource,False,None,None
FRA-03181,Jharkhand,Gumla,22.832242,85.629388,7.68,7.25,2022-05-20,,,Rejected,0,Individual Forest Right,False,None,None
FRA-03182,Kerala,Kannur,10.68765,76.686548,5.71,6.25,2024-01-10,2024-05-03,,Under Verification,968,Community Forest Right,False,None,None
FRA-03183,Madhya Pradesh,Bhopal,23.964103,79.562263,11.65,13.15,2025-12-15,2026-03-30,2026-05-14,Approved,0,Community Forest Resource,False,None,None
FRA-03184,Jharkhand,Simdega,23.289593,86.230997,1.78,1.81,2023-01-12,2023-02-23,,Under Verification,1331,Community Forest Resource,False,None,None
FRA-03185,Odisha,Keonjhar,19.912506,87.130141,9.69,10.68,2023-02-10,,,Pending,1302,Community Forest Right,False,None,None
FRA-03186,Jharkhand,West Singhbhum,22.112685,84.245303,2.59,2.54,2023-03-15,2023-06-12,2023-08-16,Approved,0,Individual Forest Right,False,None,None
FRA-03187,Chhattisgarh,Dantewada,18.776278,81.771012,2.57,2.2,2023-02-15,2023-06-01,2023-06-25,Approved,0,Community Forest Resource,False,None,None
FRA-03188,Chhattisgarh,Kanker,18.830978,81.913884,0.98,0.56,2025-10-11,,,Pending,328,Community Forest Right,True,Land Record Mismatch,High
FRA-03189,Jharkhand,Simdega,22.495341,84.190523,8.41,8.51,2023-03-12,,,Pending,1272,Community Forest Right,False,None,None
FRA-03190,Jharkhand,West Singhbhum,23.717595,84.084165,72.53,76.62,2022-11-16,2023-01-16,2023-03-17,Approved,0,Individual Forest Right,True,Unusual Claim Area,High
FRA-03191,Jharkhand,Ranchi,23.700018,85.977736,4.98,2.28,2024-11-01,2025-02-06,2025-03-28,Approved,0,Community Forest Right,True,Land Record Mismatch,Medium
FRA-03192,Kerala,Kannur,9.995502,76.19181,3.17,3.06,2022-10-27,2023-02-13,2023-03-08,Approved,0,Community Forest Resource,False,None,None
FRA-03193,Chhattisgarh,Dantewada,19.225238,82.836438,10.91,12.16,2025-01-11,,,Rejected,0,Individual Forest Right,False,None,None
FRA-03194,Jharkhand,Ranchi,23.819139,84.946687,3.06,4.91,2025-10-24,2026-01-23,2026-03-01,Approved,0,Individual Forest Right,True,Land Record Mismatch,High
FRA-03195,Odisha,Sundargarh,18.847737,83.216888,5.99,6.01,2022-12-12,,,Pending,1362,Community Forest Resource,False,None,None
FRA-03196,Kerala,Kannur,12.32794,76.540185,2.96,6.8,2025-05-22,2025-08-05,,Under Verification,470,Individual Forest Right,True,Land Record Mismatch,Medium
FRA-03197,Maharashtra,Nashik,20.486333,75.592075,78.68,72.43,2023-09-06,2024-01-02,2024-03-18,Approved,0,Individual Forest Right,True,Unusual Claim Area,Medium
FRA-03198,Maharashtra,Nandurbar,20.177822,73.970441,8.9,8.07,2024-08-18,2024-09-05,2024-09-27,Approved,0,Individual Forest Right,False,None,None
FRA-03199,Jharkhand,West Singhbhum,23.50617,86.747672,9.66,9.98,2022-01-05,2022-04-11,2022-05-06,Approved,0,Individual Forest Right,False,None,None
FRA-03200,Madhya Pradesh,Dindori,22.537653,79.004697,5.82,5.0,2025-07-08,2025-09-30,2025-10-17,Approved,0,Individual Forest Right,False,None,None
FRA-03201,Madhya Pradesh,Balaghat,22.605915,80.303881,9.74,10.28,2025-10-22,2026-02-07,2026-02-12,Approved,0,Individual Forest Right,False,None,None
FRA-03202,Madhya Pradesh,Balaghat,23.212585,77.734364,2.27,2.33,2024-05-23,,,Pending,834,Individual Forest Right,False,None,None
FRA-03203,Chhattisgarh,Surguja,21.021976,82.692697,14.25,12.53,2024-07-23,,,Pending,773,Community Forest Resource,False,None,None
FRA-03204,Kerala,Wayanad,9.523408,75.014258,2.03,3.4,2022-06-12,2022-09-26,,Under Verification,1545,Community Forest Right,True,Land Record Mismatch,Medium
FRA-03205,Maharashtra,Nandurbar,19.028715,74.749748,13.03,14.63,2024-09-12,2024-10-01,2024-11-15,Approved,0,Community Forest Right,False,None,None
FRA-03206,Odisha,Sundargarh,20.975226,83.51105,14.66,12.72,2025-11-14,,,Pending,294,Community Forest Right,False,None,None
FRA-03207,Chhattisgarh,Kanker,22.530568,82.531298,1.27,1.32,2025-09-07,2026-01-28,,Under Verification,362,Community Forest Resource,False,None,None
FRA-03208,Kerala,Palakkad,10.349097,76.783491,9.8,8.86,2023-02-24,2023-04-23,2023-07-22,Approved,0,Individual Forest Right,False,None,None
FRA-03209,Odisha,Mayurbhanj,19.211794,86.140523,8.42,7.51,2023-12-19,2024-02-24,2024-04-18,Approved,0,Individual Forest Right,False,None,None
FRA-03210,Kerala,Wayanad,12.152167,75.220645,2.12,2.08,2025-03-01,2025-04-17,2025-05-13,Approved,0,Community Forest Resource,False,None,None
FRA-03211,Chhattisgarh,Kanker,22.452687,81.482322,0.89,0.96,2022-06-20,2022-09-02,2022-09-21,Approved,0,Community Forest Right,False,None,None
FRA-03212,Jharkhand,West Singhbhum,23.842137,87.335797,0.6,0.57,2025-07-12,2024-01-13,2024-02-19,Under Verification,419,Individual Forest Right,True,Delayed Processing,High
FRA-03213,Chhattisgarh,Kanker,18.203979,81.720117,1.71,1.81,2023-11-24,2024-03-22,2024-03-29,Approved,0,Community Forest Resource,False,None,None
FRA-03214,Madhya Pradesh,Mandla,23.979852,77.310415,8.07,8.75,2022-05-05,,,Pending,1583,Community Forest Right,False,None,None
FRA-03215,Odisha,Koraput,20.610471,85.258103,2.88,2.7,2024-09-29,2024-11-07,2025-01-14,Approved,0,Community Forest Right,False,None,None
FRA-03216,Jharkhand,West Singhbhum,22.123778,84.024281,10.0,9.18,2022-02-18,,,Pending,1659,Community Forest Resource,False,None,None
FRA-03217,Odisha,Koraput,19.85897,85.294716,5.17,5.51,2022-01-16,2022-02-15,2022-04-17,Approved,0,Community Forest Resource,False,None,None
FRA-03218,Maharashtra,Nashik,18.969499,78.800674,8.45,8.61,2022-08-30,,,Rejected,0,Individual Forest Right,False,None,None
FRA-03219,Chhattisgarh,Bastar,19.805033,80.269973,2.79,3.06,2023-06-08,2023-07-13,2023-09-05,Approved,0,Individual Forest Right,False,None,None
FRA-03220,Maharashtra,Gadchiroli,19.455507,74.430161,1.1,1.04,2022-05-16,,,Pending,1572,Community Forest Right,False,None,None
FRA-03221,Jharkhand,Ranchi,23.797538,85.613109,10.19,9.49,2023-12-22,2024-04-22,,Under Verification,987,Community Forest Resource,False,None,None
FRA-03222,Maharashtra,Nashik,21.808514,78.046042,1.8,2.01,2023-06-06,,,Rejected,0,Community Forest Resource,False,None,None
FRA-03223,Maharashtra,Gadchiroli,19.231622,75.382101,10.43,11.81,2025-01-15,2025-06-07,,Under Verification,597,Individual Forest Right,False,None,None
FRA-03224,Madhya Pradesh,Bhopal,24.491986,80.795323,4.48,5.03,2025-12-01,2026-03-22,2026-05-17,Approved,0,Community Forest Right,False,None,None
FRA-03225,Madhya Pradesh,Mandla,22.323116,79.257977,11.2,9.84,2025-04-29,,,Under Verification,493,Community Forest Right,True,Delayed Processing,High
FRA-03226,Madhya Pradesh,Dindori,24.175004,78.866805,12.08,10.74,2022-11-09,,,Pending,1395,Community Forest Right,False,None,None
FRA-03227,Kerala,Idukki,12.371756,75.763334,7.82,7.03,2024-07-31,,,Pending,765,Individual Forest Right,False,None,None
FRA-03228,Kerala,Palakkad,9.677956,77.293515,9.72,10.14,2023-01-09,,,Pending,1334,Community Forest Resource,False,None,None
FRA-03229,Jharkhand,Gumla,22.901902,85.75711,3.03,6.74,2022-12-18,,,Pending,1356,Community Forest Resource,True,Land Record Mismatch,Medium
FRA-03230,Kerala,Wayanad,9.990227,77.252854,0.94,1.03,2023-05-13,,,Pending,1210,Community Forest Right,False,None,None
FRA-03231,Chhattisgarh,Surguja,21.828954,80.858545,4.65,4.14,2024-07-20,2024-10-09,2024-11-12,Approved,0,Community Forest Right,False,None,None
FRA-03232,Kerala,Idukki,9.892612,75.599366,1.62,1.73,2024-05-02,,,Pending,855,Individual Forest Right,False,None,None
FRA-03233,Jharkhand,Gumla,22.833726,87.432186,3.77,3.47,2023-10-01,2024-01-18,,Under Verification,1069,Individual Forest Right,False,None,None
FRA-03234,Madhya Pradesh,Dindori,23.060317,77.983373,11.8,10.44,2025-11-16,2025-12-19,,Under Verification,292,Community Forest Resource,False,None,None
FRA-03235,Chhattisgarh,Surguja,22.411194,82.954848,3.07,3.41,2023-03-10,2023-06-30,2023-09-10,Approved,0,Individual Forest Right,False,None,None
FRA-03236,Chhattisgarh,Kanker,19.822186,80.096464,4.5,1.62,2022-08-29,,,Rejected,0,Individual Forest Right,True,Land Record Mismatch,High
FRA-03237,Madhya Pradesh,Bhopal,23.167971,78.060551,8.85,8.3,2025-03-08,2025-06-08,2025-07-19,Approved,0,Individual Forest Right,False,None,None
FRA-03238,Kerala,Idukki,10.038895,76.56365,4.85,4.47,2022-08-13,2022-09-11,,Under Verification,1483,Individual Forest Right,False,None,None
FRA-03239,Madhya Pradesh,Dindori,22.682777,78.964477,9.35,10.48,2025-09-14,2025-10-16,2026-01-04,Approved,0,Community Forest Resource,False,None,None
FRA-03240,Jharkhand,Gumla,22.632965,86.54954,5.19,2.75,2025-06-27,,,Pending,434,Community Forest Right,True,Land Record Mismatch,High
FRA-03241,Chhattisgarh,Bastar,18.305776,80.948253,2.23,1.26,2025-08-26,2025-11-11,2025-12-14,Approved,0,Individual Forest Right,True,Land Record Mismatch,High
FRA-03242,Odisha,Sundargarh,21.751068,85.509673,4.27,4.58,2022-06-06,2022-08-19,2022-09-04,Approved,0,Community Forest Right,False,None,None
FRA-03243,Odisha,Mayurbhanj,21.471146,85.407827,94.46,98.2,2022-12-11,2023-03-26,2023-04-06,Approved,0,Individual Forest Right,True,Unusual Claim Area,Medium
FRA-03244,Jharkhand,West Singhbhum,23.840953,86.066183,2.16,1.85,2025-05-03,,,Pending,489,Community Forest Right,False,None,None
FRA-03245,Odisha,Koraput,22.023808,83.661658,12.95,11.26,2024-10-02,,,Pending,702,Individual Forest Right,False,None,None
FRA-03246,Jharkhand,Simdega,22.022386,84.271343,11.7,11.48,2023-12-18,,,Pending,991,Individual Forest Right,False,None,None
FRA-03247,Odisha,Koraput,19.055173,87.459219,1.68,1.45,2023-06-05,,,Rejected,0,Community Forest Right,False,None,None
FRA-03248,Chhattisgarh,Dantewada,21.946013,82.88672,7.92,7.27,2022-10-01,2022-11-02,2022-11-14,Approved,0,Individual Forest Right,False,None,None
FRA-03249,Odisha,Keonjhar,19.06404,83.165088,7.2,6.97,2025-09-22,,,Under Verification,347,Individual Forest Right,True,Delayed Processing,High
FRA-03250,Madhya Pradesh,Bhopal,22.714794,78.113058,4.41,4.09,2022-01-29,,,Pending,1679,Community Forest Right,False,None,None
FRA-03251,Chhattisgarh,Kanker,21.527783,81.59978,6.64,7.08,2023-12-26,,,Pending,983,Community Forest Resource,False,None,None
FRA-03252,Odisha,Keonjhar,20.327829,84.456508,7.32,7.18,2024-09-30,,,Rejected,0,Individual Forest Right,False,None,None
FRA-03253,Maharashtra,Nandurbar,18.114859,75.515133,7.43,7.36,2024-12-09,,,Under Verification,634,Community Forest Right,True,Delayed Processing,Medium
FRA-03254,Madhya Pradesh,Dindori,22.779707,79.502939,1.09,1.12,2025-05-24,2025-08-28,2025-11-09,Approved,0,Individual Forest Right,False,None,None
FRA-03255,Odisha,Mayurbhanj,20.779202,87.388583,5.44,5.94,2022-02-22,2022-07-17,,Under Verification,1655,Community Forest Resource,False,None,None
FRA-03256,Kerala,Kannur,11.356917,77.409576,6.67,5.7,2025-06-18,2025-08-12,2025-09-25,Approved,0,Community Forest Right,False,None,None
FRA-03257,Madhya Pradesh,Dindori,22.816633,77.32755,2.99,2.59,2024-10-21,2024-12-19,2025-01-14,Approved,0,Community Forest Right,False,None,None
FRA-03258,Odisha,Keonjhar,22.159505,85.368786,13.21,11.75,2023-07-23,2023-09-08,2023-09-20,Approved,0,Community Forest Resource,False,None,None
FRA-03259,Kerala,Palakkad,10.464951,75.933753,5.38,5.87,2024-12-06,2025-11-21,2026-01-23,Pending,637,Community Forest Resource,True,Delayed Processing,High
FRA-03260,Jharkhand,Simdega,23.933603,85.129603,13.49,13.43,2023-06-01,,,Pending,1191,Community Forest Resource,False,None,None
FRA-03261,Odisha,Mayurbhanj,19.821032,83.767085,14.18,16.04,2025-02-02,,,Rejected,0,Community Forest Resource,False,None,None
FRA-03262,Kerala,Wayanad,9.746873,76.229435,5.21,4.69,2024-12-25,2023-04-29,,Under Verification,618,Community Forest Right,True,Delayed Processing,Medium
FRA-03263,Chhattisgarh,Kanker,21.932691,81.192225,4.19,4.66,2025-02-28,,,Pending,553,Individual Forest Right,False,None,None
FRA-03264,Kerala,Idukki,10.307615,76.094142,1.35,2.79,2022-07-03,2022-10-12,2022-10-27,Approved,0,Community Forest Right,True,Land Record Mismatch,High
FRA-03265,Odisha,Mayurbhanj,21.848626,85.44511,1.5,1.72,2025-10-15,2026-02-25,,Under Verification,324,Individual Forest Right,False,None,None
FRA-03266,Odisha,Mayurbhanj,20.960108,84.877538,5.03,5.37,2022-12-10,2022-12-27,2023-03-07,Approved,0,Individual Forest Right,False,None,None
FRA-03267,Jharkhand,Gumla,22.511233,87.098004,1.61,1.62,2024-10-17,,,Pending,687,Individual Forest Right,False,None,None
FRA-03268,Maharashtra,Nandurbar,20.602828,80.215473,14.95,16.71,2023-01-22,,,Pending,1321,Individual Forest Right,False,None,None
FRA-03269,Odisha,Koraput,21.347594,85.75837,34.28,37.52,2024-02-27,2024-04-08,2024-05-08,Approved,0,Community Forest Right,True,Unusual Claim Area,Medium
FRA-03270,Odisha,Koraput,20.616564,84.356128,6.58,7.18,2024-05-30,2024-07-02,2024-07-09,Approved,0,Individual Forest Right,False,None,None
FRA-03271,Madhya Pradesh,Balaghat,23.178064,79.213301,1.2,1.08,2022-05-17,2022-06-26,2022-08-23,Approved,0,Community Forest Resource,False,None,None
FRA-03272,Jharkhand,West Singhbhum,24.348856,86.740928,7.1,7.85,2023-12-02,,,Rejected,0,Community Forest Right,False,None,None
FRA-03273,Odisha,Keonjhar,19.695181,85.77866,1.34,1.24,2024-10-29,2024-12-20,2025-01-26,Approved,0,Community Forest Resource,False,None,None
FRA-03274,Kerala,Wayanad,9.823636,75.126305,6.04,5.5,2023-10-08,2023-11-17,2023-11-28,Approved,0,Community Forest Resource,False,None,None
FRA-03275,Chhattisgarh,Kanker,21.455737,80.565777,98.17,98.76,2024-01-18,,,Pending,960,Community Forest Right,True,Unusual Claim Area,High
FRA-03276,Kerala,Wayanad,10.89353,75.35814,4.13,4.05,2024-05-15,2024-07-20,2024-08-30,Approved,0,Community Forest Right,False,None,None
FRA-03277,Kerala,Wayanad,11.73905,75.742384,12.32,12.24,2022-11-18,2023-01-20,2023-03-02,Approved,0,Individual Forest Right,False,None,None
FRA-03278,Kerala,Idukki,11.482708,76.132915,13.24,14.79,2024-07-17,2024-08-18,2024-11-05,Approved,0,Community Forest Right,False,None,None
FRA-03279,Maharashtra,Chandrapur,21.300212,80.345814,5.5,5.78,2022-11-19,2023-03-11,2023-05-01,Approved,0,Individual Forest Right,False,None,None
FRA-03280,Jharkhand,West Singhbhum,23.921026,84.562828,8.42,8.51,2024-12-22,2025-05-24,,Under Verification,621,Individual Forest Right,False,None,None
FRA-03281,Maharashtra,Chandrapur,21.320605,75.865892,1.7,1.79,2023-11-15,,,Pending,1024,Community Forest Resource,False,None,None
FRA-03282,Kerala,Idukki,10.440702,77.041249,10.02,9.4,2023-09-04,2023-12-21,2024-02-05,Approved,0,Community Forest Resource,False,None,None
FRA-03283,Madhya Pradesh,Bhopal,22.644569,80.874139,2.96,3.29,2024-12-13,2025-03-01,2025-04-21,Approved,0,Community Forest Right,False,None,None
FRA-03284,Madhya Pradesh,Bhopal,23.255266,78.879704,7.58,8.01,2022-04-03,2022-07-09,2022-08-21,Approved,0,Individual Forest Right,False,None,None
FRA-03285,Kerala,Palakkad,10.770557,75.358132,9.8,3.11,2022-04-02,,,Rejected,0,Community Forest Right,True,Land Record Mismatch,Medium
FRA-03286,Jharkhand,Ranchi,24.071639,85.733505,4.41,4.87,2022-03-29,,,Pending,1620,Individual Forest Right,False,None,None
FRA-03287,Chhattisgarh,Surguja,18.062884,81.461982,9.46,10.32,2022-06-29,2022-08-12,2022-09-30,Approved,0,Individual Forest Right,False,None,None
FRA-03288,Jharkhand,Simdega,22.721453,84.627138,7.79,8.78,2025-12-06,2023-07-20,,Under Verification,272,Community Forest Right,True,Delayed Processing,High
FRA-03289,Kerala,Wayanad,10.768715,77.21128,8.06,8.08,2023-12-13,2024-02-20,2024-03-10,Approved,0,Community Forest Right,False,None,None
FRA-03290,Jharkhand,West Singhbhum,22.202377,85.474788,8.62,8.83,2023-09-10,2024-02-11,,Under Verification,1090,Community Forest Resource,False,None,None
FRA-03291,Chhattisgarh,Dantewada,19.254421,81.91768,5.45,11.37,2023-10-05,2023-12-06,2023-12-25,Approved,0,Individual Forest Right,True,Land Record Mismatch,Medium
FRA-03292,Chhattisgarh,Kanker,19.303996,81.11435,1.58,1.41,2024-03-19,,,Pending,899,Individual Forest Right,False,None,None
FRA-03293,Madhya Pradesh,Balaghat,23.603098,78.718626,8.73,9.64,2025-05-01,,,Under Verification,491,Community Forest Resource,True,Delayed Processing,High
FRA-03294,Jharkhand,West Singhbhum,23.848814,84.298461,6.66,6.11,2023-12-13,2024-03-12,2024-03-23,Approved,0,Individual Forest Right,False,None,None
FRA-03295,Jharkhand,Gumla,22.451077,85.216406,8.67,7.57,2023-05-28,2023-06-07,2023-06-27,Approved,0,Community Forest Right,False,None,None
FRA-03296,Jharkhand,Ranchi,22.276491,85.366586,14.61,15.72,2022-07-05,,,Pending,1522,Community Forest Right,False,None,None
FRA-03297,Chhattisgarh,Dantewada,22.980976,81.954757,12.63,12.11,2023-12-10,2024-02-07,2024-02-12,Approved,0,Individual Forest Right,False,None,None
FRA-03298,Chhattisgarh,Kanker,18.060354,80.565689,6.55,5.97,2023-12-24,,,Pending,985,Community Forest Resource,False,None,None
FRA-03299,Kerala,Idukki,9.998604,76.519964,4.99,4.34,2023-09-03,2023-09-22,,Under Verification,1097,Community Forest Resource,False,None,None
FRA-03300,Chhattisgarh,Dantewada,19.016197,80.654005,2.35,2.54,2022-12-23,,,Rejected,0,Community Forest Resource,False,None,None
FRA-03301,Jharkhand,Gumla,23.870374,85.13707,10.41,9.56,2023-12-01,,,Rejected,0,Community Forest Resource,False,None,None
FRA-03302,Maharashtra,Nandurbar,18.051467,74.942679,14.65,12.47,2024-05-29,2024-11-04,,Under Verification,828,Community Forest Resource,False,None,None
FRA-03303,Jharkhand,Gumla,23.653291,85.967637,3.4,3.55,2025-09-23,2025-10-29,,Under Verification,346,Individual Forest Right,False,None,None
FRA-03304,Maharashtra,Gadchiroli,19.866531,79.36135,0.94,1.06,2025-07-29,2025-09-26,2025-11-20,Approved,0,Community Forest Resource,False,None,None
FRA-03305,Kerala,Idukki,10.940484,76.267796,9.93,8.91,2023-10-31,,,Pending,1039,Individual Forest Right,False,None,None
FRA-03306,Chhattisgarh,Kanker,22.885889,81.474007,88.28,88.03,2025-09-21,,,Pending,348,Individual Forest Right,True,Unusual Claim Area,Medium
FRA-03307,Odisha,Mayurbhanj,21.165179,83.484451,59.02,64.87,2023-12-04,2024-03-11,2024-05-12,Approved,0,Community Forest Resource,True,Unusual Claim Area,High
FRA-03308,Kerala,Idukki,9.642309,77.015595,11.86,10.97,2024-01-27,2024-04-04,2024-06-19,Approved,0,Individual Forest Right,False,None,None
FRA-03309,Chhattisgarh,Dantewada,19.648814,80.852116,12.89,12.09,2025-01-14,,,Pending,598,Individual Forest Right,False,None,None
FRA-03310,Kerala,Palakkad,11.023035,77.248652,13.69,15.36,2022-06-01,2022-07-16,2022-10-04,Approved,0,Community Forest Right,False,None,None
FRA-03311,Jharkhand,Simdega,23.435861,84.861322,11.03,10.73,2023-12-22,2024-04-17,2024-06-05,Approved,0,Individual Forest Right,False,None,None
FRA-03312,Chhattisgarh,Dantewada,18.542604,81.702491,5.25,4.89,2025-02-28,,,Pending,553,Individual Forest Right,False,None,None
FRA-03313,Maharashtra,Chandrapur,20.247596,75.108323,11.79,10.69,2023-06-09,,,Rejected,0,Community Forest Right,False,None,None
FRA-03314,Jharkhand,West Singhbhum,22.192061,87.084937,13.82,13.97,2025-02-25,2024-08-05,2024-08-12,Pending,556,Community Forest Resource,True,Delayed Processing,Medium
FRA-03315,Odisha,Sundargarh,21.479257,85.320057,2.55,2.33,2025-11-28,,,Pending,280,Community Forest Right,False,None,None
FRA-03316,Maharashtra,Nandurbar,19.534493,73.12212,2.2,2.38,2022-06-28,2022-09-04,2022-09-12,Approved,0,Individual Forest Right,False,None,None
FRA-03317,Maharashtra,Chandrapur,20.685419,76.278101,10.73,10.71,2022-03-27,2022-07-27,,Under Verification,1622,Community Forest Resource,False,None,None
FRA-03318,Chhattisgarh,Bastar,22.511906,82.709549,13.93,33.61,2025-02-01,2025-03-08,,Under Verification,580,Community Forest Right,True,Land Record Mismatch,Medium
FRA-03319,Jharkhand,West Singhbhum,24.446254,85.550064,14.19,12.91,2024-06-27,2024-10-14,2024-11-20,Approved,0,Community Forest Right,False,None,None
FRA-03320,Odisha,Sundargarh,20.432052,85.070003,1.96,2.04,2022-01-06,2022-04-10,2022-05-26,Approved,0,Community Forest Right,False,None,None
FRA-03321,Chhattisgarh,Dantewada,20.445593,80.101902,4.28,4.69,2023-02-17,,,Pending,1295,Community Forest Right,False,None,None
FRA-03322,Kerala,Wayanad,11.271031,76.856738,5.45,6.25,2025-01-30,,,Pending,582,Individual Forest Right,False,None,None
FRA-03323,Kerala,Wayanad,11.76516,76.29371,7.79,7.87,2022-04-30,,,Rejected,0,Individual Forest Right,False,None,None
FRA-03324,Chhattisgarh,Kanker,20.112108,82.646593,2.35,4.74,2024-10-11,,,Rejected,0,Individual Forest Right,True,Land Record Mismatch,Medium
FRA-03325,Madhya Pradesh,Mandla,22.965263,80.327931,9.32,9.23,2022-01-27,2022-02-15,2022-05-05,Approved,0,Individual Forest Right,False,None,None
FRA-03326,Jharkhand,Gumla,23.297631,87.283646,4.24,4.16,2025-12-23,2026-02-10,2026-04-19,Approved,0,Community Forest Right,False,None,None
FRA-03327,Maharashtra,Nandurbar,21.281125,78.089819,0.97,1.0,2022-08-03,2022-10-25,2023-01-05,Approved,0,Community Forest Resource,False,None,None
FRA-03328,Jharkhand,West Singhbhum,22.169209,84.766623,2.08,2.37,2023-12-19,2024-03-22,2024-06-04,Approved,0,Community Forest Resource,False,None,None
FRA-03329,Kerala,Palakkad,10.575386,75.16941,1.76,1.97,2025-09-05,2025-12-20,2026-02-08,Approved,0,Community Forest Resource,False,None,None
FRA-03330,Madhya Pradesh,Mandla,22.41513,79.309651,1.41,1.28,2025-03-02,2025-05-30,2025-08-18,Approved,0,Community Forest Resource,False,None,None
FRA-03331,Chhattisgarh,Kanker,19.234513,81.626724,88.2,97.24,2024-08-16,2024-10-20,2024-10-29,Approved,0,Community Forest Resource,True,Unusual Claim Area,High
FRA-03332,Maharashtra,Chandrapur,21.585091,79.700244,13.47,14.61,2023-09-27,2023-11-03,2024-01-19,Approved,0,Community Forest Right,False,None,None
FRA-03333,Maharashtra,Nandurbar,20.135012,75.294161,10.2,10.67,2022-02-13,,,Pending,1664,Community Forest Right,False,None,None
FRA-03334,Chhattisgarh,Kanker,21.452905,81.705423,3.47,3.6,2025-11-02,,,Rejected,0,Individual Forest Right,False,None,None
FRA-03335,Jharkhand,West Singhbhum,22.60589,84.583954,0.56,0.5,2023-09-25,,,Pending,1075,Individual Forest Right,False,None,None
FRA-03336,Chhattisgarh,Kanker,22.124516,80.316318,12.28,12.31,2022-04-26,2022-08-20,2022-10-21,Approved,0,Community Forest Right,False,None,None
FRA-03337,Jharkhand,Ranchi,23.482289,87.456384,11.84,12.95,2025-02-18,,,Pending,563,Individual Forest Right,False,None,None
FRA-03338,Chhattisgarh,Bastar,22.609337,81.591998,14.75,14.5,2024-06-15,2024-08-09,2024-10-17,Approved,0,Individual Forest Right,False,None,None
FRA-03339,Chhattisgarh,Bastar,19.046071,80.038879,6.85,6.91,2022-08-15,,,Pending,1481,Community Forest Right,False,None,None
FRA-03340,Maharashtra,Nashik,20.649561,74.399739,5.19,5.58,2024-08-11,2024-10-11,2024-11-21,Approved,0,Community Forest Right,False,None,None
FRA-03341,Jharkhand,Simdega,23.745034,84.331606,11.3,10.68,2024-07-15,2024-08-16,2024-10-05,Approved,0,Community Forest Right,False,None,None
FRA-03342,Odisha,Mayurbhanj,22.432393,84.454125,10.94,11.45,2025-05-21,,,Pending,471,Individual Forest Right,False,None,None
FRA-03343,Maharashtra,Chandrapur,21.793116,79.095181,1.99,1.76,2024-06-05,,,Pending,821,Individual Forest Right,False,None,None
FRA-03344,Maharashtra,Chandrapur,18.298271,76.679576,4.66,4.55,2022-03-17,,,Pending,1632,Community Forest Right,False,None,None
FRA-03345,Maharashtra,Gadchiroli,21.88222,77.356769,7.81,7.13,2022-05-19,2022-07-25,,Under Verification,1569,Community Forest Right,False,None,None
FRA-03346,Kerala,Wayanad,10.032432,76.21217,7.88,7.71,2023-05-25,2023-08-19,,Under Verification,1198,Community Forest Right,False,None,None
FRA-03347,Jharkhand,Gumla,23.720377,86.989386,11.77,12.05,2023-05-16,2023-07-11,2023-08-02,Approved,0,Community Forest Right,False,None,None
FRA-03348,Jharkhand,Ranchi,22.847504,85.108773,13.27,12.62,2024-08-21,2025-02-10,,Under Verification,744,Individual Forest Right,False,None,None
FRA-03349,Maharashtra,Gadchiroli,21.29555,74.620238,2.91,4.69,2025-10-18,,,Rejected,0,Individual Forest Right,True,Land Record Mismatch,High
FRA-03350,Kerala,Kannur,11.240017,76.156733,11.17,11.11,2023-01-04,2023-03-10,,Under Verification,1339,Individual Forest Right,False,None,None
FRA-03351,Chhattisgarh,Surguja,21.257263,80.837328,8.62,8.47,2025-11-24,2026-02-09,2026-02-26,Approved,0,Individual Forest Right,False,None,None
FRA-03352,Madhya Pradesh,Balaghat,22.447133,79.287645,4.57,4.94,2025-12-30,2026-03-07,,Under Verification,248,Community Forest Resource,False,None,None
FRA-03353,Madhya Pradesh,Dindori,22.463574,77.962612,8.91,9.89,2022-07-14,2022-10-24,,Under Verification,1513,Community Forest Right,False,None,None
FRA-03354,Odisha,Koraput,21.87325,85.758123,5.12,5.73,2023-05-05,2023-08-21,2023-08-26,Approved,0,Individual Forest Right,False,None,None
FRA-03355,Odisha,Sundargarh,19.398632,83.913614,13.77,13.79,2024-06-01,,,Pending,825,Community Forest Right,False,None,None
FRA-03356,Maharashtra,Gadchiroli,19.233407,76.574218,12.29,12.46,2025-12-04,2024-03-11,2024-05-09,Pending,274,Individual Forest Right,True,Delayed Processing,High
FRA-03357,Chhattisgarh,Surguja,18.298413,81.253479,12.83,12.48,2025-01-03,2025-02-19,2025-05-15,Approved,0,Community Forest Right,False,None,None
FRA-03358,Jharkhand,Ranchi,23.713056,85.83348,13.16,13.31,2023-03-08,2023-04-08,2023-05-29,Approved,0,Individual Forest Right,False,None,None
FRA-03359,Maharashtra,Chandrapur,19.580241,80.463269,10.13,4.22,2022-06-09,2022-07-20,2022-07-27,Approved,0,Community Forest Resource,True,Land Record Mismatch,High
FRA-03360,Jharkhand,Gumla,23.285374,84.049985,14.2,15.06,2025-05-24,2024-04-25,2024-07-04,Under Verification,468,Community Forest Resource,True,Delayed Processing,High
FRA-03361,Madhya Pradesh,Bhopal,23.082768,80.994959,4.18,4.37,2023-04-01,2023-04-19,,Under Verification,1252,Individual Forest Right,False,None,None
FRA-03362,Madhya Pradesh,Bhopal,22.970473,77.939474,5.94,5.37,2022-10-22,,,Pending,1413,Community Forest Right,False,None,None
FRA-03363,Odisha,Koraput,19.660417,83.011972,9.72,9.59,2024-02-14,2024-05-07,2024-06-26,Approved,0,Individual Forest Right,False,None,None
FRA-03364,Kerala,Wayanad,11.03435,76.317622,1.66,1.6,2024-04-29,,,Rejected,0,Individual Forest Right,False,None,None
FRA-03365,Chhattisgarh,Dantewada,22.455051,80.888583,9.07,9.44,2024-06-24,2024-09-26,2024-11-12,Approved,0,Community Forest Resource,False,None,None
FRA-03366,Maharashtra,Gadchiroli,21.636057,78.752445,13.42,11.95,2023-10-02,2023-10-15,2023-12-12,Approved,0,Community Forest Right,False,None,None
FRA-03367,Maharashtra,Chandrapur,19.277798,76.765106,13.98,15.44,2022-10-30,2023-02-27,,Under Verification,1405,Individual Forest Right,False,None,None
FRA-03368,Kerala,Idukki,9.958629,75.528648,8.11,7.37,2025-12-20,,,Under Verification,258,Individual Forest Right,True,Delayed Processing,Medium
FRA-03369,Kerala,Wayanad,11.56105,76.889874,88.84,87.07,2022-12-12,2023-03-16,2023-03-24,Approved,0,Individual Forest Right,True,Unusual Claim Area,Medium
FRA-03370,Odisha,Keonjhar,19.43594,84.000689,3.39,3.01,2022-06-15,2022-09-06,2022-10-21,Approved,0,Community Forest Resource,False,None,None
FRA-03371,Madhya Pradesh,Balaghat,23.407267,80.198563,8.51,7.66,2025-03-31,2025-04-10,2025-05-08,Approved,0,Community Forest Resource,False,None,None
FRA-03372,Maharashtra,Gadchiroli,19.426152,78.228604,1.19,2.76,2025-10-24,2025-11-17,2026-01-17,Approved,0,Community Forest Resource,True,Land Record Mismatch,Medium
FRA-03373,Jharkhand,Gumla,22.835411,84.159204,5.25,4.55,2023-04-12,2023-05-26,,Under Verification,1241,Community Forest Resource,False,None,None
FRA-03374,Madhya Pradesh,Balaghat,24.218503,78.181385,1.29,1.41,2025-11-10,,,Rejected,0,Community Forest Resource,False,None,None
FRA-03375,Chhattisgarh,Dantewada,19.253012,81.1923,2.7,3.08,2025-02-23,2025-04-10,2025-05-22,Approved,0,Community Forest Resource,False,None,None
FRA-03376,Chhattisgarh,Dantewada,21.211793,81.06434,3.55,3.64,2025-07-21,2023-10-10,2023-12-25,Pending,410,Individual Forest Right,True,Delayed Processing,Medium
FRA-03377,Maharashtra,Nashik,20.562263,79.569048,4.67,4.55,2023-05-19,,,Rejected,0,Individual Forest Right,False,None,None
FRA-03378,Maharashtra,Chandrapur,21.248553,75.661599,1.33,1.46,2025-10-06,,,Pending,333,Individual Forest Right,False,None,None
FRA-03379,Odisha,Koraput,21.845071,83.530633,2.32,2.12,2024-09-26,2024-10-13,2025-01-04,Approved,0,Community Forest Right,False,None,None
FRA-03380,Odisha,Keonjhar,20.382081,86.108926,8.74,9.24,2024-08-23,2024-10-04,2024-10-10,Approved,0,Community Forest Resource,False,None,None
FRA-03381,Odisha,Keonjhar,20.077938,86.058205,7.81,7.29,2025-05-28,2025-03-27,2025-06-02,Under Verification,464,Community Forest Resource,True,Delayed Processing,High
FRA-03382,Jharkhand,West Singhbhum,22.942593,84.017192,2.46,0.93,2022-04-29,,,Rejected,0,Community Forest Resource,True,Land Record Mismatch,High
FRA-03383,Madhya Pradesh,Balaghat,23.090891,79.376848,7.77,6.96,2022-09-29,,,Rejected,0,Community Forest Resource,False,None,None
FRA-03384,Kerala,Idukki,9.514241,75.539863,4.08,3.91,2024-12-12,2024-06-02,2024-08-23,Under Verification,631,Community Forest Right,True,Delayed Processing,High
FRA-03385,Chhattisgarh,Dantewada,20.093678,80.869007,8.6,7.44,2025-09-26,,,Rejected,0,Community Forest Right,False,None,None
FRA-03386,Jharkhand,Ranchi,23.149833,84.523144,12.6,6.09,2023-05-24,2023-08-04,2023-09-27,Approved,0,Community Forest Resource,True,Land Record Mismatch,Medium
FRA-03387,Chhattisgarh,Bastar,19.045964,81.872355,14.68,13.54,2024-01-21,2024-04-29,2024-06-23,Approved,0,Community Forest Resource,False,None,None
FRA-03388,Maharashtra,Chandrapur,18.752824,77.800705,8.6,8.52,2023-04-30,2023-08-28,2023-09-05,Approved,0,Community Forest Right,False,None,None
FRA-03389,Maharashtra,Nashik,21.34307,75.436643,14.68,5.62,2024-09-29,2024-12-31,2025-03-03,Approved,0,Community Forest Resource,True,Land Record Mismatch,Medium
FRA-03390,Jharkhand,West Singhbhum,23.335024,86.111041,5.79,2.8,2023-11-20,,,Pending,1019,Community Forest Resource,True,Land Record Mismatch,Medium
FRA-03391,Chhattisgarh,Surguja,18.106185,81.410426,13.67,22.0,2025-04-03,2025-04-19,2025-06-29,Approved,0,Community Forest Right,True,Land Record Mismatch,Medium
FRA-03392,Jharkhand,Simdega,24.226018,84.11094,12.9,14.49,2022-08-02,2022-12-18,,Under Verification,1494,Community Forest Resource,False,None,None
FRA-03393,Jharkhand,West Singhbhum,24.004691,86.371005,6.65,7.49,2025-04-19,2025-06-08,2025-08-16,Approved,0,Individual Forest Right,False,None,None
FRA-03394,Jharkhand,Gumla,22.770507,84.245505,0.96,0.97,2023-11-11,2024-01-31,2024-03-29,Approved,0,Individual Forest Right,False,None,None
FRA-03395,Chhattisgarh,Dantewada,19.638459,81.431183,2.82,3.1,2025-02-26,2025-07-17,,Under Verification,555,Community Forest Resource,True,Delayed Processing,Medium
FRA-03396,Chhattisgarh,Surguja,20.88726,82.021311,1.43,1.59,2022-02-22,,,Pending,1655,Community Forest Resource,False,None,None
FRA-03397,Kerala,Idukki,11.532162,76.400648,5.35,5.14,2024-08-10,,,Rejected,0,Community Forest Right,False,None,None
FRA-03398,Chhattisgarh,Dantewada,22.496006,80.609605,8.18,7.86,2024-04-06,2024-04-21,,Under Verification,881,Individual Forest Right,False,None,None
FRA-03399,Jharkhand,Simdega,22.638173,86.484952,12.79,11.91,2023-09-18,2023-10-05,2023-11-13,Approved,0,Community Forest Right,False,None,None
FRA-03400,Odisha,Sundargarh,18.680543,84.072988,12.99,11.52,2024-05-15,2024-09-01,2024-09-11,Approved,0,Community Forest Resource,False,None,None
FRA-03401,Jharkhand,Gumla,23.460781,85.834191,2.84,3.04,2024-10-27,,,Pending,677,Community Forest Right,False,None,None
FRA-03402,Chhattisgarh,Dantewada,22.619655,82.227922,4.25,4.36,2024-09-21,,,Pending,713,Individual Forest Right,False,None,None
FRA-03403,Odisha,Koraput,21.687849,85.889344,81.29,78.03,2024-04-21,2024-08-14,2024-09-29,Approved,0,Community Forest Right,True,Unusual Claim Area,High
FRA-03404,Maharashtra,Nandurbar,21.818999,76.87452,1.47,1.28,2025-12-06,2026-03-01,2026-03-24,Approved,0,Community Forest Resource,False,None,None
FRA-03405,Maharashtra,Gadchiroli,21.184379,78.545616,7.69,6.81,2025-05-16,2023-12-26,2023-12-31,Under Verification,476,Individual Forest Right,True,Delayed Processing,Medium
FRA-03406,Kerala,Wayanad,10.271555,77.407532,2.79,6.55,2022-05-01,2022-05-26,2022-06-25,Approved,0,Community Forest Right,True,Land Record Mismatch,High
FRA-03407,Chhattisgarh,Dantewada,21.882055,80.001793,2.1,1.88,2024-07-06,,,Pending,790,Community Forest Resource,False,None,None
FRA-03408,Jharkhand,Ranchi,23.097696,84.745468,14.38,12.26,2023-08-29,2023-12-06,2024-02-07,Approved,0,Community Forest Resource,False,None,None
FRA-03409,Maharashtra,Gadchiroli,20.750217,74.685274,8.44,7.43,2024-04-13,,,Pending,874,Individual Forest Right,False,None,None
FRA-03410,Jharkhand,Ranchi,22.359591,85.217093,4.08,3.56,2025-08-04,2025-10-12,,Under Verification,396,Community Forest Right,False,None,None
FRA-03411,Maharashtra,Chandrapur,21.982446,75.181673,7.5,7.13,2022-04-21,,,Rejected,0,Community Forest Right,False,None,None
FRA-03412,Maharashtra,Nandurbar,21.924331,73.358426,3.46,3.58,2024-03-11,,,Pending,907,Community Forest Resource,False,None,None
FRA-03413,Kerala,Idukki,9.598444,77.032853,6.2,5.39,2023-06-12,2023-09-09,2023-11-13,Approved,0,Individual Forest Right,False,None,None
FRA-03414,Chhattisgarh,Bastar,22.077686,82.136639,6.07,5.95,2023-10-24,2023-11-03,2023-12-19,Approved,0,Community Forest Resource,False,None,None
FRA-03415,Chhattisgarh,Surguja,18.783861,82.914904,2.15,2.38,2025-03-03,2025-04-24,2025-05-27,Approved,0,Community Forest Resource,False,None,None
FRA-03416,Kerala,Kannur,12.240463,76.165905,45.7,40.43,2022-05-19,2022-08-03,2022-08-12,Approved,0,Community Forest Right,True,Unusual Claim Area,High
FRA-03417,Jharkhand,West Singhbhum,22.741531,85.16287,76.59,87.66,2023-10-08,2023-12-13,2023-12-19,Approved,0,Individual Forest Right,True,Unusual Claim Area,High
FRA-03418,Odisha,Mayurbhanj,20.991578,84.680667,8.65,8.73,2023-07-01,2023-07-27,2023-08-25,Approved,0,Community Forest Resource,False,None,None
FRA-03419,Maharashtra,Nashik,20.623202,80.46222,5.11,4.95,2022-11-05,2023-01-17,,Under Verification,1399,Individual Forest Right,False,None,None
FRA-03420,Madhya Pradesh,Dindori,23.620393,78.338905,78.64,75.41,2024-09-15,,,Rejected,0,Community Forest Resource,True,Unusual Claim Area,High
FRA-03421,Chhattisgarh,Dantewada,22.387473,80.751392,5.35,4.65,2022-12-20,,,Pending,1354,Community Forest Right,False,None,None
FRA-03422,Odisha,Koraput,21.176152,85.809856,7.64,8.07,2025-02-16,2022-10-01,2022-11-28,Under Verification,565,Individual Forest Right,True,Delayed Processing,High
FRA-03423,Odisha,Mayurbhanj,22.254034,86.620395,6.76,6.43,2022-11-06,,,Rejected,0,Community Forest Resource,False,None,None
FRA-03424,Odisha,Sundargarh,18.656504,86.044286,1.87,2.14,2022-08-08,2022-11-14,2022-12-02,Approved,0,Community Forest Resource,False,None,None
FRA-03425,Jharkhand,Ranchi,23.538559,85.873354,1.13,1.25,2025-05-16,2025-11-10,,Under Verification,476,Community Forest Right,False,None,None
FRA-03426,Odisha,Koraput,21.737989,87.024087,7.97,7.94,2025-05-16,2025-08-27,2025-09-02,Approved,0,Individual Forest Right,False,None,None
FRA-03427,Odisha,Koraput,19.818802,85.94473,14.84,12.8,2022-09-05,2022-10-09,2022-11-10,Approved,0,Individual Forest Right,False,None,None
FRA-03428,Odisha,Koraput,20.711465,86.334838,10.58,11.83,2023-11-26,2024-03-05,2024-04-07,Approved,0,Community Forest Resource,False,None,None
FRA-03429,Maharashtra,Nashik,21.241435,77.730471,58.77,57.27,2022-08-05,,,Rejected,0,Community Forest Right,True,Unusual Claim Area,Medium
FRA-03430,Jharkhand,Ranchi,24.224271,87.362807,1.59,1.79,2024-10-07,2023-12-21,,Pending,697,Individual Forest Right,True,Delayed Processing,High
FRA-03431,Chhattisgarh,Surguja,20.82991,82.59185,6.25,5.61,2024-07-25,,,Rejected,0,Community Forest Resource,False,None,None
FRA-03432,Maharashtra,Chandrapur,20.339152,78.521939,5.15,4.49,2022-12-19,2023-04-18,2023-07-06,Approved,0,Individual Forest Right,False,None,None
FRA-03433,Chhattisgarh,Bastar,21.619969,80.77915,6.77,6.6,2024-10-22,2026-02-16,2026-03-08,Under Verification,682,Community Forest Resource,True,Delayed Processing,High
FRA-03434,Kerala,Wayanad,10.133245,75.713524,8.83,8.42,2022-04-28,2022-07-11,2022-09-26,Approved,0,Community Forest Right,False,None,None
FRA-03435,Odisha,Koraput,20.091742,84.582693,8.16,7.29,2025-12-17,2026-03-19,,Under Verification,261,Individual Forest Right,False,None,None
FRA-03436,Chhattisgarh,Kanker,18.114835,82.988526,14.9,16.66,2025-02-05,2025-05-24,,Under Verification,576,Individual Forest Right,False,None,None
FRA-03437,Jharkhand,Ranchi,24.231501,86.343254,8.74,9.57,2024-01-14,,,Pending,964,Community Forest Right,False,None,None
FRA-03438,Madhya Pradesh,Bhopal,23.719573,80.420962,3.4,3.14,2022-03-16,,,Pending,1633,Community Forest Resource,False,None,None
FRA-03439,Odisha,Mayurbhanj,21.201316,85.132217,8.19,8.35,2024-11-10,2024-12-12,2024-12-18,Approved,0,Community Forest Right,False,None,None
FRA-03440,Odisha,Sundargarh,20.952899,83.80001,10.13,10.43,2022-10-18,2023-02-16,,Under Verification,1417,Individual Forest Right,False,None,None
FRA-03441,Chhattisgarh,Dantewada,20.694362,80.248723,3.02,2.88,2023-06-05,2023-07-11,2023-10-02,Approved,0,Community Forest Resource,False,None,None
FRA-03442,Odisha,Keonjhar,21.039123,85.116348,8.63,2.82,2022-03-09,2022-06-27,2022-07-19,Approved,0,Community Forest Resource,True,Land Record Mismatch,Medium
FRA-03443,Madhya Pradesh,Dindori,22.32486,78.184802,13.08,11.19,2024-03-02,,,Pending,916,Community Forest Right,False,None,None
FRA-03444,Jharkhand,Gumla,23.942363,86.334311,4.52,5.19,2025-08-08,2025-09-18,2025-12-11,Approved,0,Community Forest Resource,False,None,None
FRA-03445,Chhattisgarh,Kanker,22.748903,82.207868,92.19,90.03,2025-09-19,,,Rejected,0,Community Forest Right,True,Unusual Claim Area,Medium
FRA-03446,Kerala,Idukki,10.912083,76.614749,2.47,2.14,2022-07-19,2022-08-05,2022-09-16,Approved,0,Individual Forest Right,False,None,None
FRA-03447,Maharashtra,Chandrapur,18.987598,76.746201,8.59,8.32,2022-06-23,,,Pending,1534,Community Forest Resource,False,None,None
FRA-03448,Jharkhand,Simdega,23.610875,84.659363,14.03,15.85,2022-10-19,2022-11-25,2023-02-13,Approved,0,Community Forest Resource,False,None,None
FRA-03449,Chhattisgarh,Kanker,19.318388,81.08025,11.58,11.5,2023-01-07,,,Pending,1336,Community Forest Right,False,None,None
FRA-03450,Kerala,Idukki,9.643704,77.487809,10.05,10.11,2023-12-07,2023-12-29,2024-02-08,Approved,0,Community Forest Right,False,None,None
FRA-03451,Madhya Pradesh,Balaghat,23.777439,77.758418,3.84,4.22,2025-12-28,,,Rejected,0,Community Forest Resource,False,None,None
FRA-03452,Odisha,Mayurbhanj,21.745341,83.071165,11.35,11.92,2024-08-04,2024-11-10,2025-02-03,Approved,0,Community Forest Resource,False,None,None
FRA-03453,Maharashtra,Nandurbar,19.474025,77.023749,9.11,8.97,2024-08-30,2024-10-28,2025-01-14,Approved,0,Community Forest Resource,False,None,None
FRA-03454,Chhattisgarh,Kanker,20.631123,80.724041,9.86,8.54,2023-10-12,2023-11-01,2023-12-29,Approved,0,Community Forest Resource,False,None,None
FRA-03455,Kerala,Kannur,11.276158,75.724528,11.32,11.13,2025-01-08,,,Pending,604,Community Forest Resource,True,Delayed Processing,High
FRA-03456,Madhya Pradesh,Balaghat,24.174321,78.302273,10.92,11.84,2023-11-03,2024-04-10,,Under Verification,1036,Individual Forest Right,False,None,None
FRA-03457,Madhya Pradesh,Mandla,23.870806,77.691666,14.32,13.6,2025-07-14,2025-10-11,2025-11-20,Approved,0,Community Forest Right,False,None,None
FRA-03458,Jharkhand,West Singhbhum,22.344098,86.361393,7.83,8.49,2024-02-16,2024-05-26,,Under Verification,931,Community Forest Resource,False,None,None
FRA-03459,Maharashtra,Nashik,20.715865,77.561539,10.77,10.94,2025-07-17,2025-11-14,2025-12-06,Approved,0,Community Forest Resource,False,None,None
FRA-03460,Kerala,Wayanad,9.569724,75.075396,11.26,10.17,2024-04-15,,,Pending,872,Community Forest Right,False,None,None
FRA-03461,Chhattisgarh,Surguja,18.429033,81.465328,9.0,7.94,2025-11-28,,,Under Verification,280,Community Forest Resource,True,Delayed Processing,High
FRA-03462,Kerala,Wayanad,11.4914,75.019807,10.84,11.27,2023-12-25,,,Pending,984,Individual Forest Right,False,None,None
FRA-03463,Odisha,Mayurbhanj,21.135832,85.176969,10.26,10.69,2025-11-18,,,Pending,290,Community Forest Right,False,None,None
FRA-03464,Kerala,Palakkad,11.35747,77.040281,3.38,2.92,2023-12-09,2024-01-03,2024-03-23,Approved,0,Community Forest Resource,False,None,None
FRA-03465,Odisha,Koraput,19.220166,83.977145,13.7,12.49,2023-04-27,2023-07-01,2023-09-03,Approved,0,Community Forest Right,False,None,None
FRA-03466,Kerala,Kannur,10.993119,75.53169,13.6,14.77,2022-09-24,2023-01-18,2023-03-06,Approved,0,Community Forest Right,False,None,None
FRA-03467,Odisha,Koraput,19.327268,83.313195,4.84,5.05,2024-06-15,,,Pending,811,Community Forest Right,False,None,None
FRA-03468,Jharkhand,Ranchi,23.57387,86.400032,3.14,3.15,2024-04-25,2024-07-28,2024-10-14,Approved,0,Community Forest Right,False,None,None
FRA-03469,Odisha,Sundargarh,20.072146,86.185919,6.48,6.99,2025-10-01,2025-10-30,2025-11-15,Approved,0,Individual Forest Right,False,None,None
FRA-03470,Odisha,Mayurbhanj,19.973009,84.904379,10.02,9.25,2022-04-14,2022-06-07,2022-07-07,Approved,0,Community Forest Resource,False,None,None
FRA-03471,Odisha,Mayurbhanj,22.034309,84.466661,6.96,7.45,2024-02-17,,,Pending,930,Individual Forest Right,False,None,None
FRA-03472,Jharkhand,Ranchi,23.865294,86.314152,3.05,3.22,2025-01-07,,,Under Verification,605,Community Forest Resource,True,Delayed Processing,High
FRA-03473,Kerala,Wayanad,10.050242,75.947194,4.27,8.09,2025-05-29,2025-07-29,2025-10-27,Approved,0,Community Forest Right,True,Land Record Mismatch,Medium
FRA-03474,Jharkhand,Simdega,22.639166,86.03033,11.55,11.84,2025-07-29,,,Under Verification,402,Individual Forest Right,True,Delayed Processing,High
FRA-03475,Madhya Pradesh,Dindori,22.502129,77.580372,13.92,15.14,2022-04-21,2022-05-10,2022-07-03,Approved,0,Community Forest Right,False,None,None
FRA-03476,Maharashtra,Nashik,21.480508,80.720434,12.24,13.51,2022-04-24,2022-09-09,,Under Verification,1594,Individual Forest Right,False,None,None
FRA-03477,Kerala,Idukki,11.795443,77.229988,72.3,69.37,2024-09-02,,,Rejected,0,Individual Forest Right,True,Unusual Claim Area,Medium
FRA-03478,Jharkhand,Gumla,23.913554,86.08494,8.92,9.04,2024-06-21,,,Pending,805,Community Forest Right,False,None,None
FRA-03479,Odisha,Keonjhar,20.567316,85.631467,11.67,5.63,2023-01-09,,,Pending,1334,Community Forest Right,True,Land Record Mismatch,High
FRA-03480,Odisha,Mayurbhanj,22.395816,87.23351,0.64,0.67,2025-03-21,2025-07-08,2025-07-26,Approved,0,Individual Forest Right,False,None,None
FRA-03481,Jharkhand,Gumla,23.177413,84.91637,0.79,0.69,2025-03-05,,,Pending,548,Community Forest Right,True,Delayed Processing,High
FRA-03482,Jharkhand,Ranchi,23.732971,86.596474,14.87,14.99,2022-12-20,,,Rejected,0,Individual Forest Right,False,None,None
FRA-03483,Kerala,Idukki,11.889491,76.882221,7.36,7.73,2024-01-17,2024-04-12,2024-05-07,Approved,0,Community Forest Resource,False,None,None
FRA-03484,Odisha,Keonjhar,22.03164,86.108615,5.19,5.17,2022-02-22,2022-06-23,,Under Verification,1655,Community Forest Resource,False,None,None
FRA-03485,Chhattisgarh,Kanker,20.73469,82.609307,3.07,1.02,2023-04-28,2023-05-26,2023-08-08,Approved,0,Community Forest Right,True,Land Record Mismatch,High
FRA-03486,Maharashtra,Nashik,19.201283,80.545767,6.45,6.77,2024-10-18,2024-12-02,2025-01-22,Approved,0,Community Forest Right,False,None,None
FRA-03487,Kerala,Palakkad,12.190599,75.613474,11.49,12.95,2022-09-09,2022-12-18,,Under Verification,1456,Individual Forest Right,False,None,None
FRA-03488,Maharashtra,Gadchiroli,21.73852,76.841465,6.35,5.99,2023-12-20,,,Rejected,0,Community Forest Right,False,None,None
FRA-03489,Maharashtra,Gadchiroli,20.602041,75.560484,0.65,0.55,2025-08-07,,,Pending,393,Community Forest Right,False,None,None
FRA-03490,Jharkhand,West Singhbhum,24.009289,84.909982,43.57,42.06,2023-03-11,2023-07-02,2023-09-15,Approved,0,Community Forest Resource,True,Unusual Claim Area,High
FRA-03491,Odisha,Sundargarh,21.551175,84.090066,3.68,3.46,2024-06-28,2024-10-11,2024-12-28,Approved,0,Individual Forest Right,False,None,None
FRA-03492,Chhattisgarh,Dantewada,20.885786,82.581858,2.77,3.07,2025-11-19,2025-12-20,2026-02-27,Approved,0,Individual Forest Right,False,None,None
FRA-03493,Odisha,Koraput,19.225273,85.182155,3.5,3.91,2024-10-18,2024-12-07,2024-12-18,Approved,0,Individual Forest Right,False,None,None
FRA-03494,Madhya Pradesh,Mandla,22.021683,80.633135,0.56,0.56,2024-05-03,2024-07-13,2024-10-08,Approved,0,Individual Forest Right,False,None,None
FRA-03495,Maharashtra,Gadchiroli,19.078725,80.595803,7.56,6.96,2025-12-03,2024-07-11,2024-09-22,Pending,275,Community Forest Right,True,Delayed Processing,High
FRA-03496,Odisha,Sundargarh,22.407934,84.043306,6.82,6.22,2024-06-22,,,Pending,804,Community Forest Resource,False,None,None
FRA-03497,Jharkhand,Simdega,23.264913,86.084589,10.36,11.61,2024-01-12,,,Pending,966,Community Forest Resource,False,None,None
FRA-03498,Maharashtra,Chandrapur,21.836759,75.111568,11.99,12.35,2025-03-26,2024-05-14,2024-06-19,Pending,527,Community Forest Right,True,Delayed Processing,High
FRA-03499,Odisha,Sundargarh,20.406923,84.249506,6.86,6.16,2022-10-18,2022-12-02,2023-02-10,Approved,0,Community Forest Right,False,None,None
FRA-03500,Jharkhand,Ranchi,23.963625,87.211091,1.68,1.7,2025-02-26,,,Rejected,0,Community Forest Right,False,None,None
FRA-03501,Jharkhand,Gumla,22.317082,84.655897,9.12,9.5,2022-02-28,2022-05-31,,Under Verification,1649,Community Forest Right,False,None,None
FRA-03502,Odisha,Keonjhar,21.457755,84.971676,6.01,6.1,2023-08-06,2023-11-17,2024-02-02,Approved,0,Individual Forest Right,False,None,None
FRA-03503,Odisha,Keonjhar,22.202233,84.307024,2.32,2.43,2024-08-19,2024-09-15,2024-10-14,Approved,0,Individual Forest Right,False,None,None
FRA-03504,Madhya Pradesh,Dindori,22.840587,77.808713,13.22,6.23,2026-01-01,2026-03-12,2026-04-26,Approved,0,Community Forest Resource,True,Land Record Mismatch,Medium
FRA-03505,Chhattisgarh,Bastar,20.972056,82.748681,8.12,8.27,2025-07-12,2025-09-20,2025-11-28,Approved,0,Community Forest Resource,False,None,None
FRA-03506,Chhattisgarh,Dantewada,22.921159,81.395208,14.12,13.05,2025-04-19,2025-08-23,,Under Verification,503,Community Forest Resource,False,None,None
FRA-03507,Maharashtra,Nandurbar,21.470557,79.764349,6.47,6.6,2025-09-08,,,Pending,361,Community Forest Right,False,None,None
FRA-03508,Odisha,Koraput,21.663853,86.393361,10.45,9.8,2024-01-16,,,Pending,962,Individual Forest Right,False,None,None
FRA-03509,Maharashtra,Nashik,18.628312,77.878379,14.61,16.76,2022-02-25,,,Pending,1652,Community Forest Right,False,None,None
FRA-03510,Maharashtra,Nandurbar,20.842681,78.517889,2.64,2.53,2024-07-07,,,Pending,789,Community Forest Right,False,None,None
FRA-03511,Chhattisgarh,Bastar,19.662832,80.912868,1.64,1.57,2024-10-20,2024-12-27,2025-02-26,Approved,0,Community Forest Resource,False,None,None
FRA-03512,Maharashtra,Nashik,18.658362,79.412374,5.08,4.46,2024-10-06,,,Pending,698,Community Forest Resource,True,Delayed Processing,High
FRA-03513,Maharashtra,Chandrapur,18.028584,75.634647,5.07,4.61,2025-02-01,,,Rejected,0,Community Forest Resource,False,None,None
FRA-03514,Jharkhand,Simdega,23.546469,85.670266,6.84,6.26,2025-12-14,2025-07-10,,Under Verification,264,Individual Forest Right,True,Delayed Processing,Medium
FRA-03515,Madhya Pradesh,Dindori,23.515025,78.793737,1.44,1.28,2022-08-07,2022-10-26,2022-12-01,Approved,0,Individual Forest Right,False,None,None
FRA-03516,Chhattisgarh,Dantewada,22.325263,81.56208,5.34,5.26,2025-02-14,,,Rejected,0,Community Forest Resource,False,None,None
FRA-03517,Maharashtra,Nandurbar,19.240719,74.781559,2.0,1.84,2024-05-22,,,Pending,835,Community Forest Resource,False,None,None
FRA-03518,Odisha,Mayurbhanj,18.633356,85.516703,10.41,10.42,2024-12-10,,,Under Verification,633,Individual Forest Right,True,Delayed Processing,Medium
FRA-03519,Chhattisgarh,Dantewada,20.127834,82.000125,1.17,1.13,2024-09-11,2024-11-04,2025-01-20,Approved,0,Individual Forest Right,False,None,None
FRA-03520,Kerala,Idukki,10.371832,77.02721,5.12,5.5,2025-08-01,,,Pending,399,Community Forest Resource,False,None,None
FRA-03521,Chhattisgarh,Surguja,22.886103,80.880992,3.09,3.26,2024-12-27,,,Pending,616,Community Forest Resource,False,None,None
FRA-03522,Madhya Pradesh,Bhopal,23.570457,80.64778,12.19,12.29,2022-11-06,2023-01-17,2023-03-27,Approved,0,Community Forest Right,False,None,None
FRA-03523,Jharkhand,Gumla,22.116163,84.074481,4.68,4.14,2023-08-10,2023-08-27,2023-10-30,Approved,0,Community Forest Right,False,None,None
FRA-03524,Maharashtra,Nandurbar,18.467771,76.031801,8.08,7.16,2025-10-25,,,Rejected,0,Community Forest Resource,False,None,None
FRA-03525,Odisha,Sundargarh,22.376827,83.401996,9.89,8.46,2023-07-19,2023-10-20,2023-12-09,Approved,0,Individual Forest Right,False,None,None
FRA-03526,Odisha,Keonjhar,20.707984,83.152626,9.79,10.05,2022-09-24,,,Pending,1441,Community Forest Resource,False,None,None
FRA-03527,Maharashtra,Gadchiroli,21.707411,76.075416,9.3,8.76,2023-05-11,2023-08-12,2023-09-30,Approved,0,Community Forest Resource,False,None,None
FRA-03528,Maharashtra,Gadchiroli,21.681257,74.802114,10.0,4.09,2023-03-22,2023-06-02,2023-06-24,Approved,0,Community Forest Right,True,Land Record Mismatch,High
FRA-03529,Madhya Pradesh,Balaghat,22.589281,77.258486,11.57,10.86,2025-08-09,,,Pending,391,Community Forest Resource,False,None,None
FRA-03530,Kerala,Kannur,10.704133,75.619462,9.31,23.02,2022-03-13,2022-04-19,2022-07-08,Approved,0,Community Forest Right,True,Land Record Mismatch,Medium
FRA-03531,Kerala,Palakkad,12.026507,75.261224,0.65,0.66,2022-08-13,,,Rejected,0,Community Forest Resource,False,None,None
FRA-03532,Maharashtra,Nashik,18.843027,76.982531,45.6,39.0,2022-08-25,2022-12-17,,Under Verification,1471,Community Forest Resource,True,Unusual Claim Area,Medium
FRA-03533,Maharashtra,Chandrapur,19.518911,73.868655,3.12,2.74,2022-04-22,2022-06-03,2022-07-19,Approved,0,Community Forest Right,False,None,None
FRA-03534,Jharkhand,Gumla,22.924231,84.81072,2.74,2.62,2024-05-13,2024-07-18,2024-09-12,Approved,0,Community Forest Right,False,None,None
FRA-03535,Jharkhand,Gumla,23.925692,84.566301,11.46,12.79,2023-12-28,2024-06-18,,Under Verification,981,Community Forest Right,False,None,None
FRA-03536,Jharkhand,Simdega,22.90965,85.943805,9.65,10.08,2025-06-17,,,Rejected,0,Individual Forest Right,False,None,None
FRA-03537,Kerala,Palakkad,9.768654,75.842129,7.69,8.69,2022-03-17,2022-05-10,,Under Verification,1632,Individual Forest Right,False,None,None
FRA-03538,Odisha,Keonjhar,20.291189,87.034945,5.33,5.89,2023-06-22,,,Rejected,0,Community Forest Right,False,None,None
FRA-03539,Odisha,Keonjhar,22.374183,86.069842,7.75,8.06,2025-05-12,2025-09-05,,Under Verification,480,Community Forest Right,False,None,None
FRA-03540,Kerala,Idukki,10.270854,76.649649,12.67,22.23,2022-08-23,,,Rejected,0,Community Forest Right,True,Land Record Mismatch,High
FRA-03541,Chhattisgarh,Bastar,21.014702,82.431754,12.22,12.02,2025-05-01,2025-06-21,2025-07-17,Approved,0,Individual Forest Right,False,None,None
FRA-03542,Jharkhand,West Singhbhum,22.006077,86.805767,4.58,4.82,2023-09-29,2024-01-25,2024-03-04,Approved,0,Individual Forest Right,False,None,None
FRA-03543,Jharkhand,Ranchi,22.475838,84.669486,2.75,2.63,2025-12-08,2024-04-04,2024-04-27,Pending,270,Individual Forest Right,True,Delayed Processing,High
FRA-03544,Maharashtra,Chandrapur,21.755416,79.90471,5.72,4.99,2022-01-19,,,Pending,1689,Individual Forest Right,False,None,None
FRA-03545,Kerala,Idukki,11.818195,77.165678,5.42,5.21,2025-01-13,,,Pending,599,Community Forest Right,False,None,None
FRA-03546,Kerala,Palakkad,11.591371,76.096504,7.33,6.56,2023-01-21,2023-02-04,2023-05-04,Approved,0,Community Forest Resource,False,None,None
FRA-03547,Chhattisgarh,Dantewada,20.64749,80.315961,11.85,10.61,2024-08-20,2024-09-30,2024-11-05,Approved,0,Community Forest Right,False,None,None
FRA-03548,Chhattisgarh,Dantewada,20.235784,82.163003,6.87,14.0,2025-06-12,2025-08-25,2025-11-03,Approved,0,Community Forest Resource,True,Land Record Mismatch,High
FRA-03549,Kerala,Kannur,11.757689,76.458925,2.69,2.75,2023-07-04,,,Pending,1158,Individual Forest Right,False,None,None
FRA-03550,Chhattisgarh,Dantewada,20.444919,81.911619,93.69,88.92,2024-04-05,2024-05-18,2024-08-08,Approved,0,Community Forest Right,True,Unusual Claim Area,Medium
FRA-03551,Kerala,Kannur,12.192693,76.615418,3.53,1.54,2023-01-27,2023-02-21,2023-03-24,Approved,0,Community Forest Right,True,Land Record Mismatch,High
FRA-03552,Madhya Pradesh,Balaghat,23.386445,79.136047,3.25,2.86,2023-10-16,,,Rejected,0,Community Forest Resource,False,None,None
FRA-03553,Madhya Pradesh,Bhopal,22.2635,78.611259,8.34,19.49,2023-05-27,2023-08-13,2023-08-25,Approved,0,Individual Forest Right,True,Land Record Mismatch,Medium
FRA-03554,Madhya Pradesh,Bhopal,22.884029,80.099574,10.19,9.4,2024-09-18,,,Pending,716,Community Forest Right,False,None,None
FRA-03555,Chhattisgarh,Surguja,22.045598,82.580765,8.91,7.8,2025-10-11,2025-12-14,2025-12-20,Approved,0,Individual Forest Right,False,None,None
FRA-03556,Chhattisgarh,Dantewada,19.766082,80.869111,1.05,0.49,2025-08-30,2025-09-27,2025-11-10,Approved,0,Community Forest Right,True,Land Record Mismatch,High
FRA-03557,Madhya Pradesh,Balaghat,24.172063,80.575028,14.44,12.7,2023-05-17,2023-07-19,2023-08-09,Approved,0,Community Forest Resource,False,None,None
FRA-03558,Odisha,Koraput,18.809546,86.899016,12.74,14.23,2024-10-13,2024-10-27,,Under Verification,691,Community Forest Resource,False,None,None
FRA-03559,Maharashtra,Gadchiroli,18.148681,80.990658,7.43,7.1,2024-05-15,,,Pending,842,Community Forest Right,False,None,None
FRA-03560,Madhya Pradesh,Balaghat,23.046869,77.371772,6.17,6.97,2025-10-11,2025-11-19,,Under Verification,328,Community Forest Right,False,None,None
FRA-03561,Chhattisgarh,Dantewada,22.928193,80.161751,10.45,10.3,2023-07-29,,,Rejected,0,Individual Forest Right,False,None,None
FRA-03562,Maharashtra,Gadchiroli,20.411088,80.6324,0.88,0.76,2025-09-23,2025-11-22,2025-12-02,Approved,0,Community Forest Resource,False,None,None
FRA-03563,Chhattisgarh,Surguja,20.462188,81.540998,5.23,5.47,2025-07-01,,,Pending,430,Community Forest Resource,False,None,None
FRA-03564,Maharashtra,Nandurbar,18.252444,74.345906,3.81,3.37,2023-11-08,2023-12-27,,Under Verification,1031,Individual Forest Right,False,None,None
FRA-03565,Chhattisgarh,Kanker,20.874484,82.011863,3.03,3.28,2023-06-09,2023-07-26,2023-10-14,Approved,0,Community Forest Resource,False,None,None
FRA-03566,Chhattisgarh,Surguja,20.446514,82.650005,4.73,4.93,2024-11-28,,,Under Verification,645,Community Forest Resource,True,Delayed Processing,High
FRA-03567,Madhya Pradesh,Bhopal,23.18888,79.516697,12.54,11.31,2023-07-07,,,Rejected,0,Community Forest Right,False,None,None
FRA-03568,Maharashtra,Nandurbar,19.912164,75.803091,14.68,15.34,2025-08-20,2025-12-14,2026-01-31,Approved,0,Community Forest Resource,False,None,None
FRA-03569,Jharkhand,Simdega,22.096731,87.060762,7.75,7.67,2022-03-06,,,Pending,1643,Individual Forest Right,False,None,None
FRA-03570,Madhya Pradesh,Dindori,23.97386,77.379959,13.24,14.41,2024-01-13,2024-05-30,,Under Verification,965,Individual Forest Right,False,None,None
FRA-03571,Chhattisgarh,Kanker,18.549956,82.272087,10.26,10.51,2023-06-26,2023-07-12,2023-07-27,Approved,0,Individual Forest Right,False,None,None
FRA-03572,Madhya Pradesh,Balaghat,24.472459,80.674392,5.24,4.47,2024-06-09,2024-07-11,2024-09-03,Approved,0,Community Forest Resource,False,None,None
FRA-03573,Chhattisgarh,Bastar,22.948462,82.229723,2.39,2.31,2023-04-10,2023-06-07,2023-06-24,Approved,0,Community Forest Resource,False,None,None
FRA-03574,Chhattisgarh,Kanker,18.527019,80.19142,1.74,1.71,2025-05-18,,,Rejected,0,Community Forest Right,False,None,None
FRA-03575,Kerala,Idukki,9.638604,76.906024,9.25,21.55,2024-01-12,2024-01-31,2024-04-21,Approved,0,Community Forest Right,True,Land Record Mismatch,Medium
FRA-03576,Jharkhand,Gumla,23.594219,84.550542,6.55,6.01,2025-05-09,2025-07-18,2025-09-16,Approved,0,Individual Forest Right,False,None,None
FRA-03577,Odisha,Koraput,19.459232,87.253547,2.68,2.43,2024-12-15,,,Rejected,0,Individual Forest Right,False,None,None
FRA-03578,Madhya Pradesh,Dindori,23.035533,79.969964,0.81,1.28,2022-12-10,2023-03-23,,Under Verification,1364,Community Forest Resource,True,Land Record Mismatch,High
FRA-03579,Madhya Pradesh,Mandla,23.177047,78.993503,3.28,7.14,2024-10-12,2025-03-30,,Under Verification,692,Individual Forest Right,True,Land Record Mismatch,High
FRA-03580,Jharkhand,Ranchi,22.789771,85.626065,13.73,14.24,2024-12-09,,,Pending,634,Community Forest Right,False,None,None
FRA-03581,Kerala,Palakkad,9.795901,77.427011,5.1,5.8,2022-07-11,2022-08-10,2022-09-17,Approved,0,Community Forest Right,False,None,None
FRA-03582,Kerala,Idukki,12.482002,77.217091,14.51,14.25,2022-06-02,2022-08-03,,Under Verification,1555,Community Forest Resource,False,None,None
FRA-03583,Jharkhand,Simdega,22.23102,87.119743,0.51,0.5,2025-05-07,2025-06-26,2025-09-22,Approved,0,Community Forest Right,False,None,None
FRA-03584,Jharkhand,Ranchi,22.480141,84.026039,2.27,1.0,2022-07-05,2022-10-26,,Under Verification,1522,Community Forest Resource,True,Land Record Mismatch,Medium
FRA-03585,Madhya Pradesh,Bhopal,22.258822,77.50289,3.59,3.29,2022-07-05,,,Pending,1522,Community Forest Resource,False,None,None
FRA-03586,Madhya Pradesh,Dindori,22.405832,80.750093,14.49,14.36,2024-02-19,2024-06-15,2024-08-13,Approved,0,Individual Forest Right,False,None,None
FRA-03587,Madhya Pradesh,Bhopal,23.66426,80.408344,13.98,15.7,2023-08-19,2023-12-09,,Under Verification,1112,Community Forest Resource,False,None,None
FRA-03588,Jharkhand,Gumla,24.129501,84.262922,6.61,6.17,2023-07-10,,,Rejected,0,Community Forest Resource,False,None,None
FRA-03589,Kerala,Wayanad,12.008648,75.633697,14.98,5.73,2023-08-21,,,Pending,1110,Individual Forest Right,True,Land Record Mismatch,Medium
FRA-03590,Chhattisgarh,Bastar,21.221104,82.683667,13.29,11.8,2022-05-31,,,Rejected,0,Community Forest Resource,False,None,None
FRA-03591,Odisha,Sundargarh,18.719257,85.333337,14.26,14.68,2023-12-14,2024-03-22,2024-05-09,Approved,0,Individual Forest Right,False,None,None
FRA-03592,Odisha,Sundargarh,20.063642,83.660881,12.76,12.74,2024-05-19,2024-06-22,2024-07-26,Approved,0,Community Forest Right,False,None,None
FRA-03593,Odisha,Keonjhar,18.538197,83.151797,95.19,99.24,2022-07-31,2022-09-06,2022-11-10,Approved,0,Community Forest Right,True,Unusual Claim Area,Medium
FRA-03594,Kerala,Kannur,11.72849,76.974388,9.67,10.42,2022-01-25,2022-06-23,,Under Verification,1683,Community Forest Resource,False,None,None
FRA-03595,Madhya Pradesh,Dindori,23.338822,79.306411,10.43,9.87,2024-02-09,2024-04-30,2024-07-11,Approved,0,Individual Forest Right,False,None,None
FRA-03596,Odisha,Koraput,21.281998,84.452198,12.95,12.09,2025-06-08,,,Pending,453,Community Forest Resource,True,Delayed Processing,Medium
FRA-03597,Chhattisgarh,Surguja,22.928648,82.489341,12.92,12.8,2024-06-03,,,Rejected,0,Individual Forest Right,False,None,None
FRA-03598,Kerala,Kannur,11.005889,75.900627,12.62,12.1,2025-06-21,2023-08-31,2023-11-05,Pending,440,Individual Forest Right,True,Delayed Processing,High
FRA-03599,Maharashtra,Nandurbar,19.895073,73.660851,11.34,11.4,2025-06-26,2025-09-17,2025-11-18,Approved,0,Individual Forest Right,False,None,None
FRA-03600,Kerala,Idukki,10.007456,75.053115,11.0,22.34,2023-12-27,2024-02-19,2024-04-25,Approved,0,Community Forest Resource,True,Land Record Mismatch,Medium
FRA-03601,Chhattisgarh,Dantewada,19.991102,80.148882,14.22,4.59,2025-05-26,,,Pending,466,Individual Forest Right,True,Land Record Mismatch,High
FRA-03602,Maharashtra,Chandrapur,21.447343,73.28187,10.5,11.2,2026-02-10,,,Under Verification,206,Community Forest Resource,True,Delayed Processing,Medium
FRA-03603,Maharashtra,Gadchiroli,19.575011,79.392475,1.79,1.59,2025-09-29,,,Rejected,0,Community Forest Resource,False,None,None
FRA-03604,Odisha,Mayurbhanj,22.012788,83.66834,12.48,11.21,2023-05-10,2023-07-06,,Under Verification,1213,Community Forest Right,False,None,None
FRA-03605,Jharkhand,Gumla,22.865541,86.885974,10.77,9.85,2023-12-06,2024-04-03,,Under Verification,1003,Individual Forest Right,False,None,None
FRA-03606,Kerala,Kannur,11.597912,77.394934,4.29,3.89,2022-12-24,,,Pending,1350,Individual Forest Right,False,None,None
FRA-03607,Chhattisgarh,Kanker,19.577742,81.475693,10.64,11.8,2023-01-04,2023-02-08,,Under Verification,1339,Community Forest Right,False,None,None
FRA-03608,Kerala,Palakkad,9.535596,75.631577,1.0,1.03,2024-09-12,2024-11-08,2025-02-04,Approved,0,Individual Forest Right,False,None,None
FRA-03609,Maharashtra,Chandrapur,18.573896,73.403314,12.96,12.3,2025-03-06,2025-07-02,2025-08-18,Approved,0,Community Forest Resource,False,None,None
FRA-03610,Madhya Pradesh,Mandla,22.897235,80.393545,10.42,10.39,2025-05-29,,,Rejected,0,Individual Forest Right,False,None,None
FRA-03611,Jharkhand,Simdega,23.678515,84.637472,3.56,3.65,2024-07-18,2024-10-02,2024-12-26,Approved,0,Community Forest Resource,False,None,None
FRA-03612,Madhya Pradesh,Balaghat,23.457488,77.340269,5.15,4.54,2025-07-27,2025-10-28,2025-11-28,Approved,0,Individual Forest Right,False,None,None
FRA-03613,Jharkhand,Simdega,22.46931,87.309387,79.8,88.82,2023-06-17,2023-09-08,2023-10-18,Approved,0,Individual Forest Right,True,Unusual Claim Area,High
FRA-03614,Chhattisgarh,Kanker,22.11388,80.378306,3.81,3.43,2026-01-07,,,Under Verification,240,Community Forest Resource,True,Delayed Processing,High
FRA-03615,Maharashtra,Chandrapur,18.828798,79.647731,2.02,0.9,2024-12-14,2025-05-16,,Under Verification,629,Individual Forest Right,True,Land Record Mismatch,Medium
FRA-03616,Jharkhand,Gumla,22.351397,86.273258,7.98,8.26,2025-05-05,2025-05-23,2025-07-14,Approved,0,Individual Forest Right,False,None,None
FRA-03617,Madhya Pradesh,Dindori,24.106125,78.206384,10.86,11.0,2023-05-20,,,Pending,1203,Community Forest Resource,False,None,None
FRA-03618,Odisha,Sundargarh,22.051588,86.617772,8.38,7.36,2023-03-04,2023-06-07,2023-07-14,Approved,0,Community Forest Right,False,None,None
FRA-03619,Chhattisgarh,Surguja,22.21157,80.939479,0.95,1.05,2022-02-01,2022-03-12,2022-05-01,Approved,0,Community Forest Resource,False,None,None
FRA-03620,Maharashtra,Nandurbar,21.416225,80.337755,8.5,7.48,2022-09-12,,,Rejected,0,Community Forest Resource,False,None,None
FRA-03621,Chhattisgarh,Kanker,20.587372,80.966034,97.31,97.76,2024-12-31,2025-03-12,2025-05-31,Approved,0,Community Forest Resource,True,Unusual Claim Area,Medium
FRA-03622,Odisha,Mayurbhanj,20.357986,87.464468,6.68,6.27,2023-10-20,2023-12-29,,Under Verification,1050,Individual Forest Right,False,None,None
FRA-03623,Jharkhand,Ranchi,22.953314,85.456325,13.43,11.66,2025-09-18,,,Pending,351,Individual Forest Right,False,None,None
FRA-03624,Madhya Pradesh,Bhopal,23.432677,80.947666,10.92,11.57,2022-08-02,2023-01-10,,Under Verification,1494,Community Forest Resource,False,None,None
FRA-03625,Chhattisgarh,Bastar,20.97485,81.470223,11.03,12.16,2023-06-08,,,Pending,1184,Community Forest Right,False,None,None
FRA-03626,Maharashtra,Gadchiroli,21.89012,73.06737,14.24,14.18,2025-07-16,,,Pending,415,Individual Forest Right,False,None,None
FRA-03627,Maharashtra,Nandurbar,21.516476,80.169249,4.66,5.25,2025-06-05,2025-02-04,2025-02-27,Pending,456,Community Forest Right,True,Delayed Processing,High
FRA-03628,Kerala,Idukki,9.880936,76.078998,4.42,4.39,2022-10-29,2023-02-17,2023-04-04,Approved,0,Community Forest Right,False,None,None
FRA-03629,Odisha,Mayurbhanj,20.802134,85.726571,5.36,1.82,2024-02-27,,,Rejected,0,Community Forest Resource,True,Land Record Mismatch,Medium
FRA-03630,Kerala,Wayanad,11.364195,76.191715,12.28,14.01,2022-02-16,,,Rejected,0,Community Forest Resource,False,None,None
FRA-03631,Odisha,Koraput,22.181573,85.416993,8.74,9.4,2025-04-13,,,Under Verification,509,Community Forest Right,True,Delayed Processing,High
FRA-03632,Odisha,Sundargarh,22.495591,86.348528,33.89,38.54,2024-07-04,2024-08-06,2024-08-15,Approved,0,Community Forest Right,True,Unusual Claim Area,High
FRA-03633,Madhya Pradesh,Mandla,24.308102,79.663925,6.59,7.18,2023-07-29,2023-11-16,2023-12-13,Approved,0,Community Forest Resource,False,None,None
FRA-03634,Jharkhand,West Singhbhum,23.997231,86.104964,9.15,8.44,2022-02-19,2022-04-02,2022-06-26,Approved,0,Individual Forest Right,False,None,None
FRA-03635,Odisha,Koraput,20.050394,85.154398,8.78,9.68,2023-07-11,2023-10-20,,Under Verification,1151,Community Forest Right,False,None,None
FRA-03636,Madhya Pradesh,Bhopal,22.033879,80.55784,1.04,0.98,2024-04-24,2024-06-18,2024-07-25,Approved,0,Community Forest Right,False,None,None
FRA-03637,Maharashtra,Nandurbar,19.182763,80.742156,12.24,11.69,2024-01-10,2024-02-25,2024-05-10,Approved,0,Individual Forest Right,False,None,None
FRA-03638,Odisha,Sundargarh,20.199996,84.423151,6.62,5.79,2023-01-30,,,Pending,1313,Community Forest Resource,False,None,None
FRA-03639,Odisha,Koraput,18.856708,85.282142,2.97,3.32,2024-02-26,2024-06-02,2024-08-30,Approved,0,Community Forest Resource,False,None,None
FRA-03640,Kerala,Wayanad,10.604407,75.824753,0.83,1.46,2023-11-24,2024-03-25,,Under Verification,1015,Community Forest Resource,True,Land Record Mismatch,Medium
FRA-03641,Odisha,Sundargarh,22.297622,85.178868,11.61,12.38,2024-03-04,2024-04-08,,Under Verification,914,Community Forest Resource,False,None,None
FRA-03642,Chhattisgarh,Kanker,21.502943,80.364919,7.15,7.09,2022-11-29,2023-01-26,2023-02-12,Approved,0,Community Forest Right,False,None,None
FRA-03643,Odisha,Keonjhar,20.018898,84.887392,5.8,6.58,2025-12-12,,,Under Verification,266,Community Forest Resource,True,Delayed Processing,High
FRA-03644,Maharashtra,Nandurbar,18.740881,80.157856,1.48,1.3,2023-05-11,2023-10-29,,Under Verification,1212,Community Forest Resource,False,None,None
FRA-03645,Kerala,Idukki,11.802271,77.333844,9.14,9.72,2025-03-30,,,Pending,523,Community Forest Resource,False,None,None
FRA-03646,Madhya Pradesh,Mandla,24.288621,78.197349,8.19,9.22,2023-09-19,2023-09-29,2023-12-16,Approved,0,Community Forest Right,False,None,None
FRA-03647,Odisha,Keonjhar,22.088162,84.055824,14.57,14.92,2025-08-12,,,Rejected,0,Community Forest Resource,False,None,None
FRA-03648,Jharkhand,Ranchi,23.61005,85.668068,4.04,3.92,2025-07-31,,,Pending,400,Community Forest Right,False,None,None
FRA-03649,Maharashtra,Nashik,21.700933,76.622115,1.16,1.89,2022-10-31,2023-01-21,2023-02-07,Approved,0,Community Forest Right,True,Land Record Mismatch,High
FRA-03650,Jharkhand,West Singhbhum,24.016828,85.513857,10.57,10.25,2022-04-28,,,Pending,1590,Individual Forest Right,False,None,None
FRA-03651,Maharashtra,Nandurbar,21.576512,74.309455,12.66,11.24,2025-03-27,,,Pending,526,Individual Forest Right,False,None,None
FRA-03652,Jharkhand,West Singhbhum,24.161678,85.736761,13.96,11.93,2023-12-29,2024-04-26,2024-06-27,Approved,0,Individual Forest Right,False,None,None
FRA-03653,Madhya Pradesh,Mandla,24.114288,78.744285,11.9,12.96,2026-01-20,,,Under Verification,227,Community Forest Resource,True,Delayed Processing,High
FRA-03654,Odisha,Keonjhar,21.640388,85.148608,7.48,8.21,2025-10-21,2022-10-10,2022-12-11,Pending,318,Community Forest Right,True,Delayed Processing,High
FRA-03655,Kerala,Wayanad,11.591636,75.899938,14.46,13.4,2023-08-01,2023-11-25,2024-02-17,Approved,0,Community Forest Resource,False,None,None
FRA-03656,Odisha,Sundargarh,21.74897,83.594835,6.15,6.39,2024-10-01,2024-11-14,2025-01-28,Approved,0,Community Forest Right,False,None,None
FRA-03657,Kerala,Idukki,11.628556,76.636239,6.16,6.78,2025-10-10,2025-11-19,2026-01-06,Approved,0,Individual Forest Right,False,None,None
FRA-03658,Madhya Pradesh,Mandla,22.065962,79.261171,5.45,4.99,2022-01-21,,,Pending,1687,Community Forest Resource,False,None,None
FRA-03659,Jharkhand,Gumla,23.319931,86.473712,11.73,11.64,2025-03-17,2025-05-30,2025-08-14,Approved,0,Community Forest Resource,False,None,None
FRA-03660,Maharashtra,Chandrapur,21.365983,79.906811,11.16,11.65,2024-05-23,,,Rejected,0,Community Forest Right,False,None,None
FRA-03661,Jharkhand,Ranchi,23.969898,84.655902,7.24,2.6,2023-09-20,2023-10-22,2024-01-17,Approved,0,Community Forest Right,True,Land Record Mismatch,High
FRA-03662,Maharashtra,Nashik,21.207872,76.458817,3.75,3.75,2024-08-14,,,Pending,751,Community Forest Right,False,None,None
FRA-03663,Jharkhand,Ranchi,23.050188,85.007743,14.93,15.32,2024-03-08,2024-06-13,2024-08-11,Approved,0,Individual Forest Right,False,None,None
FRA-03664,Kerala,Kannur,11.908452,75.857768,3.05,2.63,2024-03-06,,,Pending,912,Community Forest Resource,False,None,None
FRA-03665,Jharkhand,Ranchi,23.200896,85.783687,3.52,3.5,2022-04-05,2022-04-23,2022-05-23,Approved,0,Community Forest Resource,False,None,None
FRA-03666,Odisha,Koraput,19.065676,87.261238,7.46,6.86,2024-06-04,,,Pending,822,Community Forest Right,False,None,None
FRA-03667,Maharashtra,Chandrapur,18.390676,73.030247,10.6,11.15,2025-08-01,2025-10-28,2026-01-19,Approved,0,Community Forest Resource,False,None,None
FRA-03668,Kerala,Palakkad,11.217089,75.751318,13.57,11.7,2022-05-20,2022-10-15,,Under Verification,1568,Community Forest Right,False,None,None
FRA-03669,Maharashtra,Gadchiroli,19.052671,80.318743,9.06,7.96,2022-06-18,,,Pending,1539,Individual Forest Right,False,None,None
FRA-03670,Chhattisgarh,Bastar,22.963893,81.808213,6.08,5.96,2024-06-05,,,Pending,821,Individual Forest Right,False,None,None
FRA-03671,Maharashtra,Chandrapur,21.308368,77.460995,67.09,63.06,2025-10-16,,,Rejected,0,Individual Forest Right,True,Unusual Claim Area,Medium
FRA-03672,Jharkhand,West Singhbhum,22.603303,86.197329,9.63,5.17,2023-05-14,2023-08-25,2023-09-21,Approved,0,Community Forest Right,True,Land Record Mismatch,High
FRA-03673,Maharashtra,Nandurbar,21.256085,76.208249,5.69,6.46,2023-11-07,2023-12-07,2024-02-04,Approved,0,Community Forest Resource,False,None,None
FRA-03674,Chhattisgarh,Surguja,22.309575,81.963901,4.93,5.34,2024-11-12,2025-01-20,2025-02-12,Approved,0,Community Forest Resource,False,None,None
FRA-03675,Kerala,Kannur,11.786889,76.21854,13.33,14.26,2024-12-17,,,Pending,626,Community Forest Right,True,Delayed Processing,Medium
FRA-03676,Chhattisgarh,Dantewada,20.400635,81.49359,8.31,9.36,2022-06-20,2022-07-02,2022-09-01,Approved,0,Individual Forest Right,False,None,None
FRA-03677,Maharashtra,Nashik,21.4648,80.657582,6.02,5.45,2023-07-31,2023-09-19,2023-11-25,Approved,0,Community Forest Resource,False,None,None
FRA-03678,Maharashtra,Gadchiroli,18.562902,75.285288,4.33,4.6,2022-01-17,,,Pending,1691,Individual Forest Right,False,None,None
FRA-03679,Chhattisgarh,Surguja,19.246761,82.065429,7.12,12.26,2023-01-04,2023-03-11,2023-05-22,Approved,0,Community Forest Right,True,Land Record Mismatch,High
FRA-03680,Madhya Pradesh,Bhopal,23.4561,78.480126,13.59,14.25,2022-03-04,2022-06-04,,Under Verification,1645,Community Forest Right,False,None,None
FRA-03681,Jharkhand,West Singhbhum,24.108361,87.340372,1.83,1.68,2022-04-28,,,Pending,1590,Community Forest Resource,False,None,None
FRA-03682,Madhya Pradesh,Dindori,22.68808,77.762232,42.94,37.83,2024-04-29,2024-09-13,,Under Verification,858,Community Forest Resource,True,Unusual Claim Area,Medium
FRA-03683,Jharkhand,Gumla,23.132861,84.826169,9.14,9.99,2025-09-11,2026-01-06,2026-01-11,Approved,0,Community Forest Right,False,None,None
FRA-03684,Maharashtra,Nandurbar,19.654926,73.613993,12.08,3.68,2022-11-20,2023-01-09,,Under Verification,1384,Individual Forest Right,True,Land Record Mismatch,High
FRA-03685,Maharashtra,Nashik,19.338558,79.771807,9.11,3.42,2022-04-19,2022-07-21,2022-09-04,Approved,0,Community Forest Right,True,Land Record Mismatch,High
FRA-03686,Jharkhand,Ranchi,22.160361,85.949894,12.87,14.78,2022-03-08,2022-06-12,,Under Verification,1641,Community Forest Right,False,None,None
FRA-03687,Kerala,Palakkad,12.268172,76.769329,8.8,8.35,2025-07-08,2025-11-01,2025-11-25,Approved,0,Community Forest Resource,False,None,None
FRA-03688,Chhattisgarh,Surguja,21.983456,82.943505,7.67,7.63,2024-06-14,2024-10-10,2024-11-25,Approved,0,Community Forest Resource,False,None,None
FRA-03689,Odisha,Sundargarh,19.098676,85.124878,0.62,0.58,2024-10-12,2023-05-03,2023-06-10,Under Verification,692,Community Forest Right,True,Delayed Processing,High
FRA-03690,Madhya Pradesh,Dindori,22.843774,78.03141,2.04,2.05,2024-10-18,,,Rejected,0,Individual Forest Right,False,None,None
FRA-03691,Odisha,Koraput,20.03073,84.660923,8.57,9.72,2024-10-23,,,Under Verification,681,Individual Forest Right,True,Delayed Processing,High
FRA-03692,Maharashtra,Nandurbar,19.605974,78.904135,6.03,6.86,2022-04-06,2022-07-18,2022-08-29,Approved,0,Community Forest Right,False,None,None
FRA-03693,Odisha,Mayurbhanj,20.996525,87.159623,11.6,12.47,2024-10-08,,,Rejected,0,Community Forest Resource,False,None,None
FRA-03694,Madhya Pradesh,Mandla,24.120123,77.25919,12.38,11.37,2025-10-02,,,Pending,337,Individual Forest Right,False,None,None
FRA-03695,Jharkhand,Simdega,24.194415,87.315781,6.94,6.51,2023-06-06,2023-09-16,2023-12-02,Approved,0,Individual Forest Right,False,None,None
FRA-03696,Odisha,Mayurbhanj,21.99639,87.171088,6.96,6.71,2025-01-08,2025-04-11,2025-04-17,Approved,0,Community Forest Resource,False,None,None
FRA-03697,Madhya Pradesh,Mandla,22.549908,78.439789,7.35,7.73,2023-04-08,,,Pending,1245,Community Forest Right,False,None,None
FRA-03698,Jharkhand,West Singhbhum,23.842997,86.391097,5.04,4.47,2024-07-29,,,Rejected,0,Individual Forest Right,False,None,None
FRA-03699,Jharkhand,West Singhbhum,22.034756,86.407341,13.13,12.53,2022-08-16,,,Rejected,0,Individual Forest Right,False,None,None
FRA-03700,Madhya Pradesh,Dindori,24.281474,79.214388,3.1,2.9,2024-01-24,2024-03-29,2024-04-16,Approved,0,Community Forest Right,False,None,None
FRA-03701,Jharkhand,West Singhbhum,23.997867,85.51714,7.58,8.01,2025-05-06,,,Pending,486,Community Forest Resource,True,Delayed Processing,Medium
FRA-03702,Madhya Pradesh,Mandla,22.513254,80.802721,9.08,8.13,2024-01-13,2024-02-14,2024-04-05,Approved,0,Community Forest Resource,False,None,None
FRA-03703,Chhattisgarh,Kanker,20.114123,82.486258,13.72,12.82,2025-11-10,2026-01-26,2026-04-14,Approved,0,Community Forest Resource,False,None,None
FRA-03704,Madhya Pradesh,Mandla,23.482521,80.233635,12.22,12.91,2025-07-10,2025-10-28,,Under Verification,421,Community Forest Resource,False,None,None
FRA-03705,Maharashtra,Gadchiroli,18.362417,78.369384,2.89,3.11,2022-09-22,2022-10-29,2022-12-26,Approved,0,Individual Forest Right,False,None,None
FRA-03706,Maharashtra,Gadchiroli,18.594888,76.927113,10.04,10.92,2024-04-06,2024-05-29,,Under Verification,881,Community Forest Resource,False,None,None
FRA-03707,Kerala,Kannur,11.65481,76.144197,3.78,7.15,2023-11-22,,,Pending,1017,Individual Forest Right,True,Land Record Mismatch,Medium
FRA-03708,Jharkhand,West Singhbhum,22.379184,86.003892,13.2,15.05,2025-01-14,2025-03-14,,Under Verification,598,Individual Forest Right,False,None,None
FRA-03709,Chhattisgarh,Surguja,19.217347,82.585176,7.94,7.2,2022-10-23,,,Rejected,0,Individual Forest Right,False,None,None
FRA-03710,Odisha,Keonjhar,19.938347,86.622825,14.92,16.77,2024-03-04,,,Pending,914,Community Forest Right,False,None,None
FRA-03711,Maharashtra,Nashik,21.277522,79.578855,13.64,7.74,2024-10-16,2025-03-12,,Under Verification,688,Community Forest Resource,True,Land Record Mismatch,High
FRA-03712,Madhya Pradesh,Dindori,22.973775,79.159651,7.97,9.15,2023-05-09,2023-10-10,,Under Verification,1214,Individual Forest Right,False,None,None
FRA-03713,Madhya Pradesh,Mandla,23.076488,77.90058,12.27,13.51,2024-04-28,2024-07-15,2024-10-05,Approved,0,Community Forest Resource,False,None,None
FRA-03714,Jharkhand,Ranchi,22.959533,85.978314,12.81,11.83,2024-02-03,,,Pending,944,Community Forest Right,False,None,None
FRA-03715,Jharkhand,Ranchi,23.588631,87.315241,11.34,12.43,2022-04-29,2022-05-10,2022-05-31,Approved,0,Community Forest Resource,False,None,None
FRA-03716,Maharashtra,Gadchiroli,18.639223,76.643561,4.31,3.81,2023-01-21,2023-05-09,2023-05-20,Approved,0,Community Forest Resource,False,None,None
FRA-03717,Madhya Pradesh,Bhopal,24.237558,79.181676,14.29,16.07,2023-11-04,2023-12-10,2024-02-22,Approved,0,Individual Forest Right,False,None,None
FRA-03718,Maharashtra,Chandrapur,18.719799,75.459655,6.05,6.07,2024-10-23,2024-11-02,2025-01-02,Approved,0,Community Forest Right,False,None,None
FRA-03719,Chhattisgarh,Kanker,18.065738,82.080405,14.45,23.94,2023-10-17,,,Rejected,0,Individual Forest Right,True,Land Record Mismatch,Medium
FRA-03720,Madhya Pradesh,Dindori,23.382144,78.895933,11.53,12.48,2022-01-28,,,Rejected,0,Community Forest Resource,False,None,None
FRA-03721,Kerala,Wayanad,12.131722,76.587758,1.77,1.52,2022-07-09,,,Rejected,0,Individual Forest Right,False,None,None
FRA-03722,Kerala,Wayanad,10.97784,76.579876,1.1,1.03,2024-02-05,2024-04-09,2024-06-27,Approved,0,Individual Forest Right,False,None,None
FRA-03723,Chhattisgarh,Kanker,20.36411,82.100472,2.61,1.13,2025-02-24,,,Pending,557,Individual Forest Right,True,Land Record Mismatch,High
FRA-03724,Maharashtra,Nandurbar,20.697541,74.425339,3.45,2.98,2025-10-07,2022-05-20,2022-07-16,Pending,332,Community Forest Right,True,Delayed Processing,High
FRA-03725,Madhya Pradesh,Balaghat,23.192954,79.438976,4.81,4.21,2025-08-14,2025-12-06,2025-12-19,Approved,0,Community Forest Right,False,None,None
FRA-03726,Jharkhand,Simdega,24.174085,85.507377,3.51,3.43,2025-10-20,,,Pending,319,Community Forest Right,False,None,None
FRA-03727,Kerala,Idukki,11.578951,76.490451,11.99,11.53,2024-05-11,,,Pending,846,Individual Forest Right,False,None,None
FRA-03728,Maharashtra,Chandrapur,21.968932,80.329175,6.03,5.55,2025-08-30,2025-10-06,,Under Verification,370,Community Forest Resource,False,None,None
FRA-03729,Maharashtra,Nashik,21.50963,79.248446,3.98,4.19,2022-04-05,2022-04-16,2022-05-26,Approved,0,Individual Forest Right,False,None,None
FRA-03730,Chhattisgarh,Kanker,21.457509,81.575461,11.5,10.13,2025-03-13,2025-06-29,2025-07-22,Approved,0,Community Forest Resource,False,None,None
FRA-03731,Kerala,Palakkad,10.986978,75.646264,0.85,0.8,2025-01-23,2025-05-10,,Under Verification,589,Community Forest Right,False,None,None
FRA-03732,Jharkhand,Ranchi,24.029451,86.28311,6.14,6.58,2024-08-08,2024-11-19,2025-01-27,Approved,0,Community Forest Right,False,None,None
FRA-03733,Chhattisgarh,Dantewada,20.517328,81.07077,44.09,49.15,2024-12-21,2025-03-12,2025-05-23,Approved,0,Individual Forest Right,True,Unusual Claim Area,Medium
FRA-03734,Maharashtra,Nashik,18.11817,77.869647,14.9,15.09,2023-08-27,,,Pending,1104,Community Forest Resource,False,None,None
FRA-03735,Jharkhand,Simdega,22.248189,86.423387,6.24,5.5,2025-02-27,,,Pending,554,Community Forest Resource,False,None,None
FRA-03736,Jharkhand,Gumla,23.009413,85.845906,14.79,27.78,2025-08-21,,,Pending,379,Community Forest Resource,True,Land Record Mismatch,High
FRA-03737,Kerala,Wayanad,12.125731,75.399073,9.03,8.52,2022-12-01,2023-02-18,2023-03-29,Approved,0,Community Forest Resource,False,None,None
FRA-03738,Madhya Pradesh,Dindori,23.364829,77.300314,7.02,6.25,2025-07-16,2025-10-19,2026-01-10,Approved,0,Community Forest Right,False,None,None
FRA-03739,Maharashtra,Nashik,18.033552,73.98649,8.59,8.67,2023-06-26,,,Pending,1166,Community Forest Resource,False,None,None
FRA-03740,Odisha,Keonjhar,19.529647,85.388184,7.11,7.27,2023-07-11,2023-12-04,,Under Verification,1151,Community Forest Right,False,None,None
FRA-03741,Jharkhand,Simdega,23.347965,87.212782,7.14,7.65,2022-10-05,2022-11-07,2022-11-24,Approved,0,Community Forest Resource,False,None,None
FRA-03742,Maharashtra,Gadchiroli,19.689428,76.37998,11.04,5.42,2023-10-18,2024-03-31,,Under Verification,1052,Community Forest Resource,True,Land Record Mismatch,High
FRA-03743,Jharkhand,Ranchi,24.10466,84.740766,8.1,9.13,2025-08-08,,,Rejected,0,Individual Forest Right,False,None,None
FRA-03744,Jharkhand,Ranchi,22.316808,86.572335,13.18,13.29,2025-11-28,2022-03-09,2022-04-25,Under Verification,280,Individual Forest Right,True,Delayed Processing,High
FRA-03745,Kerala,Kannur,10.10086,75.194567,12.37,14.13,2022-09-02,,,Rejected,0,Community Forest Right,False,None,None
FRA-03746,Chhattisgarh,Surguja,20.402369,81.806866,14.5,13.42,2023-02-07,,,Rejected,0,Community Forest Resource,False,None,None
FRA-03747,Chhattisgarh,Dantewada,19.130159,82.4216,5.6,6.21,2024-09-05,2024-10-02,2024-10-11,Approved,0,Individual Forest Right,False,None,None
FRA-03748,Jharkhand,Simdega,23.787457,85.403407,38.18,39.49,2023-11-12,2023-12-29,2024-02-24,Approved,0,Community Forest Right,True,Unusual Claim Area,Medium
FRA-03749,Maharashtra,Chandrapur,21.369997,75.743557,2.32,2.6,2025-09-21,2025-11-08,,Under Verification,348,Community Forest Resource,False,None,None
FRA-03750,Jharkhand,West Singhbhum,23.136043,86.135463,8.8,7.62,2024-08-06,2024-11-15,2025-01-12,Approved,0,Community Forest Right,False,None,None
FRA-03751,Madhya Pradesh,Dindori,23.665518,77.395573,14.84,13.77,2023-04-12,,,Pending,1241,Individual Forest Right,False,None,None
FRA-03752,Maharashtra,Nashik,20.683679,77.204915,14.84,15.36,2023-02-20,,,Rejected,0,Community Forest Resource,False,None,None
FRA-03753,Maharashtra,Nashik,18.551307,75.865212,13.28,12.97,2024-10-23,,,Rejected,0,Community Forest Right,False,None,None
FRA-03754,Jharkhand,Ranchi,22.150989,85.261408,5.91,5.5,2025-02-09,2025-03-30,2025-04-29,Approved,0,Individual Forest Right,False,None,None
FRA-03755,Kerala,Idukki,11.997299,76.449056,6.45,6.41,2025-07-07,2025-10-07,2025-12-02,Approved,0,Community Forest Resource,False,None,None
FRA-03756,Madhya Pradesh,Balaghat,24.054806,78.650363,4.64,4.49,2022-03-16,,,Pending,1633,Community Forest Right,False,None,None
FRA-03757,Maharashtra,Gadchiroli,20.266266,79.857167,0.59,0.61,2024-05-30,2024-09-23,2024-12-22,Approved,0,Community Forest Right,False,None,None
FRA-03758,Odisha,Keonjhar,22.27107,87.209714,4.1,9.71,2024-08-29,2024-11-15,,Under Verification,736,Community Forest Resource,True,Land Record Mismatch,Medium
FRA-03759,Kerala,Palakkad,11.913183,75.010621,9.88,8.93,2022-09-25,2022-12-30,2023-03-15,Approved,0,Community Forest Right,False,None,None
FRA-03760,Kerala,Palakkad,9.669496,76.934323,3.38,2.98,2024-03-23,2024-07-10,2024-09-04,Approved,0,Individual Forest Right,False,None,None
FRA-03761,Madhya Pradesh,Dindori,22.147795,79.128857,10.18,10.95,2022-05-15,2022-09-28,,Under Verification,1573,Community Forest Resource,False,None,None
FRA-03762,Odisha,Koraput,21.057321,84.609198,14.28,33.3,2022-12-27,2023-03-05,2023-05-02,Approved,0,Community Forest Resource,True,Land Record Mismatch,High
FRA-03763,Jharkhand,Simdega,22.350371,85.508695,10.44,9.99,2023-10-18,2024-01-08,,Under Verification,1052,Community Forest Right,False,None,None
FRA-03764,Kerala,Idukki,9.738596,77.489921,0.72,0.72,2025-12-06,,,Pending,272,Community Forest Resource,False,None,None
FRA-03765,Maharashtra,Nashik,19.373447,77.796045,13.55,13.52,2023-10-11,,,Pending,1059,Individual Forest Right,False,None,None
FRA-03766,Odisha,Koraput,21.192423,86.967217,2.87,3.12,2026-01-17,,,Pending,230,Individual Forest Right,True,Delayed Processing,Medium
FRA-03767,Jharkhand,Simdega,23.821336,84.071647,10.05,10.43,2022-10-02,,,Pending,1433,Community Forest Resource,False,None,None
FRA-03768,Odisha,Keonjhar,21.073471,84.292698,3.8,4.05,2022-10-25,,,Pending,1410,Community Forest Resource,False,None,None
FRA-03769,Jharkhand,West Singhbhum,24.37175,87.203128,10.55,22.54,2025-12-19,2026-04-17,2026-06-21,Approved,0,Community Forest Resource,True,Land Record Mismatch,Medium
FRA-03770,Odisha,Sundargarh,19.101359,86.905335,11.21,11.24,2025-09-16,,,Rejected,0,Individual Forest Right,False,None,None
FRA-03771,Jharkhand,West Singhbhum,23.569548,86.772831,13.12,11.24,2025-05-06,,,Pending,486,Community Forest Right,False,None,None
FRA-03772,Chhattisgarh,Kanker,20.894701,80.742891,6.0,5.57,2022-09-06,2022-10-02,2022-11-30,Approved,0,Community Forest Right,False,None,None
FRA-03773,Maharashtra,Nashik,21.878442,73.402501,13.84,14.95,2023-08-06,,,Pending,1125,Community Forest Right,False,None,None
FRA-03774,Kerala,Idukki,10.908717,76.432441,1.78,1.92,2024-12-18,,,Rejected,0,Community Forest Resource,False,None,None
FRA-03775,Odisha,Sundargarh,19.901112,83.526394,2.64,2.85,2023-08-11,2023-09-23,2023-11-02,Approved,0,Community Forest Right,False,None,None
FRA-03776,Kerala,Wayanad,11.042337,75.050268,12.87,11.78,2023-05-06,,,Pending,1217,Community Forest Right,False,None,None
FRA-03777,Chhattisgarh,Surguja,22.664785,81.619629,11.86,13.34,2023-10-30,,,Pending,1040,Individual Forest Right,False,None,None
FRA-03778,Kerala,Wayanad,9.96814,75.408845,9.74,10.6,2023-01-09,2023-04-10,2023-05-04,Approved,0,Community Forest Resource,False,None,None
FRA-03779,Maharashtra,Gadchiroli,19.277344,75.100607,64.13,61.63,2025-04-10,2025-06-18,2025-09-12,Approved,0,Individual Forest Right,True,Unusual Claim Area,Medium
FRA-03780,Jharkhand,Ranchi,23.55429,87.314507,10.96,11.42,2022-09-24,2022-10-31,2022-11-28,Approved,0,Individual Forest Right,False,None,None
FRA-03781,Odisha,Mayurbhanj,19.020008,84.506196,2.72,3.09,2024-10-12,,,Pending,692,Community Forest Resource,False,None,None
FRA-03782,Jharkhand,Ranchi,23.203159,86.175292,11.97,13.22,2023-05-10,2023-07-25,2023-10-01,Approved,0,Community Forest Right,False,None,None
FRA-03783,Chhattisgarh,Kanker,21.101583,81.865147,12.62,11.47,2025-05-29,,,Under Verification,463,Community Forest Right,True,Delayed Processing,High
FRA-03784,Madhya Pradesh,Balaghat,24.454501,80.657922,7.06,7.52,2025-01-03,2025-04-10,2025-06-05,Pending,609,Community Forest Right,True,Delayed Processing,Medium
FRA-03785,Madhya Pradesh,Mandla,23.508193,79.309158,2.91,3.28,2025-03-04,2024-11-29,,Pending,549,Community Forest Resource,True,Delayed Processing,High
FRA-03786,Odisha,Mayurbhanj,19.272269,83.921504,14.65,14.41,2023-04-12,2023-07-16,2023-08-17,Approved,0,Community Forest Right,False,None,None
FRA-03787,Odisha,Sundargarh,22.019435,85.773173,6.63,5.82,2024-08-09,2024-11-07,2024-11-18,Approved,0,Individual Forest Right,False,None,None
FRA-03788,Madhya Pradesh,Bhopal,22.428825,79.113376,4.96,5.12,2025-02-27,2025-06-21,2025-08-31,Approved,0,Community Forest Right,False,None,None
FRA-03789,Madhya Pradesh,Bhopal,22.877587,79.545998,14.16,13.0,2025-08-27,2025-11-28,2026-01-25,Approved,0,Community Forest Resource,False,None,None
FRA-03790,Kerala,Wayanad,10.492717,75.539414,7.69,8.61,2025-05-09,2025-08-20,2025-11-04,Approved,0,Community Forest Resource,False,None,None
FRA-03791,Kerala,Palakkad,11.626752,77.313809,7.72,8.13,2024-02-28,,,Rejected,0,Community Forest Resource,False,None,None
FRA-03792,Kerala,Kannur,10.451778,75.22212,11.33,10.81,2025-09-30,2026-01-19,2026-02-19,Approved,0,Individual Forest Right,False,None,None
FRA-03793,Kerala,Wayanad,10.833419,76.115165,3.3,2.9,2025-08-26,2025-11-27,2026-02-17,Approved,0,Individual Forest Right,False,None,None
FRA-03794,Maharashtra,Nashik,20.639038,75.524591,10.34,11.8,2025-08-27,2025-11-26,2026-01-03,Approved,0,Community Forest Resource,False,None,None
FRA-03795,Odisha,Koraput,22.363419,87.265347,10.89,9.72,2025-01-09,2025-01-09,2025-01-23,Pending,603,Community Forest Resource,True,Delayed Processing,High
FRA-03796,Odisha,Koraput,21.088227,83.264564,10.27,11.49,2024-12-19,2023-02-16,2023-03-08,Pending,624,Community Forest Right,True,Delayed Processing,Medium
FRA-03797,Chhattisgarh,Bastar,20.38431,81.737156,4.47,4.91,2024-02-04,2024-02-23,2024-05-17,Approved,0,Community Forest Right,False,None,None
FRA-03798,Kerala,Kannur,11.558891,76.990502,14.55,15.51,2022-04-22,,,Rejected,0,Individual Forest Right,False,None,None
FRA-03799,Madhya Pradesh,Bhopal,24.468105,78.568845,5.89,5.81,2024-11-25,2026-01-19,2026-03-18,Under Verification,648,Individual Forest Right,True,Delayed Processing,High
FRA-03800,Kerala,Palakkad,11.263848,76.191518,14.63,12.8,2022-05-01,2022-07-05,2022-09-14,Approved,0,Individual Forest Right,False,None,None
FRA-03801,Kerala,Palakkad,10.223909,75.136289,11.86,13.25,2024-05-22,,,Rejected,0,Community Forest Right,False,None,None
FRA-03802,Kerala,Kannur,11.409404,77.159536,12.65,13.93,2023-11-16,2024-03-12,2024-05-15,Approved,0,Individual Forest Right,False,None,None
FRA-03803,Odisha,Mayurbhanj,21.604118,86.931856,2.89,2.97,2024-10-02,,,Rejected,0,Community Forest Right,False,None,None
FRA-03804,Chhattisgarh,Kanker,18.312052,81.726503,9.92,4.26,2022-04-26,,,Pending,1592,Individual Forest Right,True,Land Record Mismatch,Medium
FRA-03805,Jharkhand,West Singhbhum,22.144199,86.01663,4.4,3.9,2025-09-07,,,Rejected,0,Community Forest Resource,False,None,None
FRA-03806,Jharkhand,West Singhbhum,23.521954,86.361566,2.01,4.12,2023-08-07,2023-08-21,2023-11-06,Approved,0,Community Forest Resource,True,Land Record Mismatch,High
FRA-03807,Jharkhand,Ranchi,24.157494,84.523511,13.01,13.05,2024-11-30,,,Under Verification,643,Community Forest Resource,True,Delayed Processing,High
FRA-03808,Maharashtra,Nandurbar,19.023861,74.73437,5.55,5.39,2024-12-23,,,Rejected,0,Community Forest Right,False,None,None
FRA-03809,Chhattisgarh,Dantewada,22.932564,82.76179,3.22,3.41,2022-01-26,2022-02-14,,Under Verification,1682,Community Forest Right,False,None,None
FRA-03810,Madhya Pradesh,Mandla,22.643359,80.257494,9.06,8.67,2022-08-25,,,Rejected,0,Individual Forest Right,False,None,None
FRA-03811,Jharkhand,West Singhbhum,24.144738,86.543881,31.24,28.05,2024-02-22,2024-06-04,2024-08-14,Approved,0,Community Forest Resource,True,Unusual Claim Area,High
FRA-03812,Chhattisgarh,Surguja,21.761694,81.217144,14.1,14.7,2022-09-01,,,Pending,1464,Community Forest Right,False,None,None
FRA-03813,Odisha,Koraput,20.771595,86.015485,2.93,3.2,2023-03-20,,,Pending,1264,Community Forest Resource,False,None,None
FRA-03814,Jharkhand,Gumla,23.172959,85.885395,12.05,10.67,2025-08-31,,,Rejected,0,Individual Forest Right,False,None,None
FRA-03815,Maharashtra,Gadchiroli,20.836651,76.049658,8.91,7.64,2023-07-19,2023-12-28,,Under Verification,1143,Community Forest Right,False,None,None
FRA-03816,Kerala,Idukki,10.344266,75.654299,11.66,12.3,2024-10-18,2025-02-14,2025-05-07,Pending,686,Community Forest Resource,True,Delayed Processing,High
FRA-03817,Maharashtra,Gadchiroli,21.998632,78.626584,14.67,15.21,2025-11-05,2026-02-24,2026-05-08,Approved,0,Individual Forest Right,False,None,None
FRA-03818,Maharashtra,Nashik,21.828858,73.399843,6.63,7.47,2022-05-29,2022-08-21,,Under Verification,1559,Individual Forest Right,False,None,None
FRA-03819,Jharkhand,West Singhbhum,24.177717,85.360587,1.99,2.14,2025-11-03,2026-01-29,2026-03-10,Approved,0,Individual Forest Right,False,None,None
FRA-03820,Jharkhand,West Singhbhum,22.125382,87.391749,5.46,5.49,2023-12-07,,,Pending,1002,Community Forest Resource,False,None,None
FRA-03821,Madhya Pradesh,Mandla,23.55769,78.918479,10.82,11.11,2025-12-09,2026-02-18,2026-03-17,Approved,0,Individual Forest Right,False,None,None
FRA-03822,Madhya Pradesh,Balaghat,22.1468,77.334051,1.44,1.56,2024-04-27,2024-06-20,2024-09-08,Approved,0,Community Forest Right,False,None,None
FRA-03823,Chhattisgarh,Kanker,21.431298,81.832319,9.69,9.6,2023-06-25,,,Pending,1167,Community Forest Right,False,None,None
FRA-03824,Maharashtra,Chandrapur,21.45538,80.457629,3.13,3.0,2025-05-11,,,Pending,481,Individual Forest Right,False,None,None
FRA-03825,Jharkhand,Gumla,22.530629,87.262926,12.61,14.44,2024-06-26,2024-11-07,,Under Verification,800,Community Forest Right,False,None,None
FRA-03826,Madhya Pradesh,Mandla,23.443138,80.401336,2.9,2.91,2023-04-26,,,Pending,1227,Community Forest Resource,False,None,None
FRA-03827,Odisha,Keonjhar,19.294027,84.252159,8.3,7.51,2023-05-09,,,Pending,1214,Individual Forest Right,False,None,None
FRA-03828,Odisha,Keonjhar,20.409152,85.709092,11.79,12.4,2024-01-30,2024-03-06,,Under Verification,948,Community Forest Resource,False,None,None
FRA-03829,Odisha,Keonjhar,21.723939,84.117883,13.63,12.42,2024-01-11,2024-04-27,2024-05-29,Approved,0,Individual Forest Right,False,None,None
FRA-03830,Madhya Pradesh,Dindori,22.799041,77.667341,5.14,5.42,2023-03-28,2023-05-07,2023-06-13,Approved,0,Individual Forest Right,False,None,None
FRA-03831,Kerala,Palakkad,11.206815,76.994202,7.5,7.67,2024-06-04,2024-08-08,2024-09-03,Approved,0,Community Forest Right,False,None,None
FRA-03832,Chhattisgarh,Kanker,19.868929,80.036947,10.79,11.94,2023-10-30,,,Rejected,0,Individual Forest Right,False,None,None
FRA-03833,Odisha,Mayurbhanj,20.952401,84.316727,7.4,7.8,2022-11-23,,,Pending,1381,Community Forest Resource,False,None,None
FRA-03834,Odisha,Sundargarh,21.493991,85.594431,13.08,24.34,2022-02-17,,,Rejected,0,Community Forest Resource,True,Land Record Mismatch,Medium
FRA-03835,Chhattisgarh,Dantewada,18.097347,80.181462,5.6,13.96,2025-10-17,2025-11-14,2025-12-14,Approved,0,Individual Forest Right,True,Land Record Mismatch,Medium
FRA-03836,Madhya Pradesh,Bhopal,22.925231,80.400457,9.72,9.57,2024-12-09,2022-04-26,,Under Verification,634,Community Forest Right,True,Delayed Processing,Medium
FRA-03837,Odisha,Sundargarh,21.904736,85.45169,10.6,10.35,2024-09-25,2024-11-30,2025-02-18,Approved,0,Community Forest Right,False,None,None
FRA-03838,Madhya Pradesh,Bhopal,24.154313,79.761179,12.81,11.84,2023-01-13,,,Pending,1330,Community Forest Resource,False,None,None
FRA-03839,Madhya Pradesh,Balaghat,23.761137,79.618867,11.76,13.47,2025-06-06,2025-09-29,2025-11-15,Approved,0,Community Forest Resource,False,None,None
FRA-03840,Odisha,Mayurbhanj,21.537867,85.190243,11.52,10.72,2023-08-14,2023-09-13,2023-12-07,Approved,0,Community Forest Right,False,None,None
FRA-03841,Chhattisgarh,Kanker,18.765959,81.624957,13.21,12.04,2025-02-06,,,Pending,575,Individual Forest Right,True,Delayed Processing,High
FRA-03842,Chhattisgarh,Bastar,20.23784,81.677003,13.29,12.8,2025-03-25,,,Under Verification,528,Individual Forest Right,True,Delayed Processing,Medium
FRA-03843,Madhya Pradesh,Dindori,23.645058,79.117123,8.02,7.18,2022-10-16,2022-11-13,2023-01-31,Approved,0,Community Forest Resource,False,None,None
FRA-03844,Jharkhand,Ranchi,22.765322,84.649394,7.85,8.32,2022-08-05,,,Rejected,0,Community Forest Resource,False,None,None
FRA-03845,Chhattisgarh,Bastar,19.801471,81.795491,9.94,10.39,2024-04-30,2024-07-29,,Under Verification,857,Community Forest Resource,False,None,None
FRA-03846,Maharashtra,Nashik,20.454004,73.586545,3.61,3.25,2024-12-18,,,Pending,625,Individual Forest Right,False,None,None
FRA-03847,Kerala,Kannur,11.78758,76.313212,1.83,2.79,2024-07-31,2024-10-25,2024-11-21,Approved,0,Community Forest Resource,True,Land Record Mismatch,Medium
FRA-03848,Madhya Pradesh,Mandla,24.453899,79.64938,4.65,5.04,2023-07-12,2023-11-05,2024-01-11,Approved,0,Individual Forest Right,False,None,None
FRA-03849,Chhattisgarh,Kanker,20.157668,82.370849,10.81,12.41,2024-10-08,2024-07-23,2024-08-25,Pending,696,Individual Forest Right,True,Delayed Processing,Medium
FRA-03850,Odisha,Mayurbhanj,20.549907,84.336675,3.99,4.31,2024-08-18,,,Pending,747,Community Forest Right,False,None,None
FRA-03851,Maharashtra,Chandrapur,18.706306,77.442592,8.56,9.74,2024-11-20,,,Under Verification,653,Individual Forest Right,True,Delayed Processing,High
FRA-03852,Maharashtra,Gadchiroli,20.853603,78.540035,3.81,3.38,2024-03-02,2024-06-08,2024-08-08,Approved,0,Individual Forest Right,False,None,None
FRA-03853,Chhattisgarh,Bastar,18.655726,80.637534,2.43,2.42,2022-08-21,2022-12-05,2022-12-12,Approved,0,Community Forest Resource,False,None,None
FRA-03854,Chhattisgarh,Kanker,20.46965,80.944143,8.39,7.36,2022-06-12,,,Pending,1545,Individual Forest Right,False,None,None
FRA-03855,Madhya Pradesh,Dindori,22.546613,80.428142,2.19,2.09,2024-07-17,2024-09-15,2024-10-01,Approved,0,Community Forest Resource,False,None,None
FRA-03856,Madhya Pradesh,Bhopal,23.436987,77.900987,14.05,12.02,2022-05-23,,,Pending,1565,Individual Forest Right,False,None,None
FRA-03857,Odisha,Koraput,19.40201,86.903485,2.96,2.69,2025-08-28,2025-10-04,2026-01-01,Approved,0,Individual Forest Right,False,None,None
FRA-03858,Chhattisgarh,Bastar,22.252859,81.958021,8.62,9.52,2025-05-07,2025-05-26,2025-07-05,Approved,0,Community Forest Right,False,None,None
FRA-03859,Madhya Pradesh,Balaghat,24.039902,77.143419,7.25,6.47,2024-10-02,2024-12-31,2025-02-10,Approved,0,Community Forest Resource,False,None,None
FRA-03860,Kerala,Wayanad,10.801715,77.106216,3.47,3.66,2023-12-20,2024-01-25,2024-03-16,Approved,0,Community Forest Right,False,None,None
FRA-03861,Kerala,Palakkad,10.763639,75.813647,1.49,1.41,2025-03-26,2025-04-20,2025-06-26,Approved,0,Community Forest Right,False,None,None
FRA-03862,Kerala,Wayanad,11.930408,77.369024,1.96,1.8,2022-09-15,2022-11-14,2023-01-14,Approved,0,Community Forest Resource,False,None,None
FRA-03863,Chhattisgarh,Surguja,22.87732,81.433277,1.85,2.04,2023-11-24,,,Pending,1015,Community Forest Right,False,None,None
FRA-03864,Odisha,Mayurbhanj,19.446005,83.224495,12.03,11.04,2024-11-25,2025-03-07,,Under Verification,648,Individual Forest Right,False,None,None
FRA-03865,Chhattisgarh,Bastar,20.94022,82.620778,0.78,0.67,2025-02-05,2025-04-06,2025-04-29,Approved,0,Community Forest Right,False,None,None
FRA-03866,Odisha,Koraput,18.870091,84.39536,8.03,8.39,2023-07-03,2023-07-13,2023-07-20,Approved,0,Community Forest Right,False,None,None
FRA-03867,Kerala,Idukki,12.101743,75.901886,10.89,11.63,2023-08-18,2023-12-01,2024-01-11,Approved,0,Individual Forest Right,False,None,None
FRA-03868,Madhya Pradesh,Bhopal,23.906943,80.659429,0.81,0.74,2022-01-05,2022-02-28,2022-03-18,Approved,0,Community Forest Resource,False,None,None
FRA-03869,Maharashtra,Gadchiroli,19.623871,73.126585,9.11,21.9,2023-12-16,2024-02-07,2024-02-27,Approved,0,Community Forest Resource,True,Land Record Mismatch,Medium
FRA-03870,Odisha,Koraput,19.622255,83.423647,6.18,13.8,2022-10-25,,,Pending,1410,Community Forest Right,True,Land Record Mismatch,High
FRA-03871,Jharkhand,West Singhbhum,23.96146,84.576337,2.56,1.06,2025-02-12,2025-03-14,,Under Verification,569,Community Forest Right,True,Land Record Mismatch,Medium
FRA-03872,Jharkhand,West Singhbhum,23.880201,84.309356,4.73,4.22,2025-12-26,2026-05-05,,Under Verification,252,Community Forest Resource,False,None,None
FRA-03873,Jharkhand,Simdega,22.842789,84.225493,4.8,4.92,2023-12-29,2024-03-19,2024-03-30,Approved,0,Community Forest Resource,False,None,None
FRA-03874,Maharashtra,Gadchiroli,21.920251,78.751193,5.58,5.53,2025-08-12,2023-11-19,2023-12-11,Under Verification,388,Community Forest Right,True,Delayed Processing,Medium
FRA-03875,Kerala,Wayanad,9.614063,76.958312,0.86,0.87,2022-11-23,2022-12-10,2023-03-07,Approved,0,Community Forest Right,False,None,None
FRA-03876,Kerala,Kannur,11.495042,76.104882,2.69,2.45,2022-01-13,2022-02-06,2022-04-14,Approved,0,Community Forest Right,False,None,None
FRA-03877,Madhya Pradesh,Balaghat,22.433651,77.679199,5.18,5.83,2025-09-15,,,Pending,354,Community Forest Resource,False,None,None
FRA-03878,Madhya Pradesh,Dindori,23.053154,80.975821,8.42,9.45,2023-12-11,2023-12-29,2024-03-05,Approved,0,Community Forest Resource,False,None,None
FRA-03879,Madhya Pradesh,Bhopal,22.970919,80.909861,7.01,6.03,2025-01-30,2025-03-02,2025-05-16,Approved,0,Individual Forest Right,False,None,None
FRA-03880,Maharashtra,Nandurbar,18.845147,79.782591,11.27,11.67,2022-07-31,2022-11-15,2023-01-28,Approved,0,Community Forest Resource,False,None,None
FRA-03881,Jharkhand,Simdega,23.085167,84.38181,12.28,13.32,2025-06-16,2024-04-08,2024-06-04,Under Verification,445,Community Forest Right,True,Delayed Processing,High
FRA-03882,Maharashtra,Chandrapur,19.529658,75.647151,1.19,1.1,2023-12-24,2024-03-30,2024-04-13,Approved,0,Community Forest Right,False,None,None
FRA-03883,Chhattisgarh,Kanker,19.780911,82.648361,13.27,13.58,2022-12-16,,,Pending,1358,Individual Forest Right,False,None,None
FRA-03884,Maharashtra,Chandrapur,20.514572,79.11768,2.05,1.89,2025-10-16,2026-01-16,,Under Verification,323,Individual Forest Right,False,None,None
FRA-03885,Madhya Pradesh,Balaghat,22.464145,80.701997,13.1,13.26,2024-04-18,2024-07-09,2024-07-29,Approved,0,Individual Forest Right,False,None,None
FRA-03886,Maharashtra,Gadchiroli,21.115809,74.485411,12.92,14.12,2022-03-29,2022-07-03,,Under Verification,1620,Community Forest Right,False,None,None
FRA-03887,Jharkhand,Gumla,24.223899,86.568833,8.35,9.13,2023-04-10,,,Pending,1243,Individual Forest Right,False,None,None
FRA-03888,Madhya Pradesh,Dindori,23.593367,78.855673,6.33,11.57,2025-11-11,2026-04-18,,Under Verification,297,Individual Forest Right,True,Land Record Mismatch,Medium
FRA-03889,Maharashtra,Nashik,18.140015,75.831964,7.53,8.6,2023-09-20,2023-12-29,2024-02-07,Approved,0,Community Forest Right,False,None,None
FRA-03890,Maharashtra,Gadchiroli,21.55851,74.977869,7.09,6.95,2023-03-01,,,Pending,1283,Individual Forest Right,False,None,None
FRA-03891,Kerala,Idukki,11.735332,75.931646,7.68,7.93,2025-05-12,2025-10-28,,Under Verification,480,Community Forest Right,False,None,None
FRA-03892,Chhattisgarh,Dantewada,19.132903,82.14799,3.67,4.18,2023-04-13,,,Pending,1240,Community Forest Resource,False,None,None
FRA-03893,Kerala,Wayanad,11.212925,77.470732,34.4,31.65,2023-10-20,,,Pending,1050,Individual Forest Right,True,Unusual Claim Area,High
FRA-03894,Madhya Pradesh,Dindori,22.992939,79.607509,3.84,4.36,2024-11-04,2025-02-25,2025-05-11,Approved,0,Community Forest Resource,False,None,None
FRA-03895,Kerala,Kannur,9.60018,75.885556,10.95,9.59,2022-07-31,,,Pending,1496,Community Forest Resource,False,None,None
FRA-03896,Odisha,Mayurbhanj,21.962792,84.92492,3.98,3.68,2025-09-16,2025-10-27,2026-01-08,Approved,0,Individual Forest Right,False,None,None
FRA-03897,Madhya Pradesh,Mandla,22.481946,77.300284,5.49,5.78,2022-09-02,,,Rejected,0,Individual Forest Right,False,None,None
FRA-03898,Jharkhand,Ranchi,22.163449,86.591563,4.66,4.49,2022-12-16,2023-01-21,2023-02-27,Approved,0,Community Forest Right,False,None,None
FRA-03899,Chhattisgarh,Surguja,19.560179,80.841711,14.48,23.13,2024-05-05,2024-09-07,,Under Verification,852,Community Forest Resource,True,Land Record Mismatch,Medium
FRA-03900,Maharashtra,Chandrapur,20.369814,76.2362,3.86,1.42,2022-02-08,2022-05-11,2022-07-21,Approved,0,Community Forest Right,True,Land Record Mismatch,High
FRA-03901,Maharashtra,Chandrapur,19.89569,78.886401,13.41,7.63,2024-06-06,2024-08-22,2024-09-02,Approved,0,Community Forest Resource,True,Land Record Mismatch,High
FRA-03902,Chhattisgarh,Surguja,19.421664,81.20644,10.88,11.06,2022-12-16,2023-02-23,2023-03-26,Approved,0,Community Forest Right,False,None,None
FRA-03903,Madhya Pradesh,Dindori,22.543825,80.233438,12.6,11.01,2025-03-01,2025-03-22,2025-06-01,Approved,0,Community Forest Right,False,None,None
FRA-03904,Chhattisgarh,Kanker,20.947362,80.604268,11.29,9.62,2025-11-14,2024-01-05,2024-01-10,Under Verification,294,Community Forest Resource,True,Delayed Processing,Medium
FRA-03905,Madhya Pradesh,Dindori,22.715571,78.649677,44.24,40.71,2023-02-09,,,Pending,1303,Community Forest Resource,True,Unusual Claim Area,Medium
FRA-03906,Jharkhand,Gumla,24.220129,84.564778,7.57,8.01,2025-02-17,2025-03-08,2025-04-28,Approved,0,Individual Forest Right,False,None,None
FRA-03907,Kerala,Palakkad,10.595131,76.259633,4.11,4.64,2022-06-30,2022-09-10,2022-09-23,Approved,0,Community Forest Resource,False,None,None
FRA-03908,Chhattisgarh,Kanker,20.518289,80.218011,11.03,11.89,2024-07-20,2024-08-18,2024-10-27,Approved,0,Community Forest Resource,False,None,None
FRA-03909,Madhya Pradesh,Dindori,22.39966,80.653414,10.44,10.54,2022-05-26,2022-09-01,2022-09-09,Approved,0,Individual Forest Right,False,None,None
FRA-03910,Jharkhand,West Singhbhum,23.342567,84.607719,7.91,7.3,2025-06-02,,,Pending,459,Community Forest Resource,False,None,None
FRA-03911,Odisha,Mayurbhanj,22.267071,87.479931,11.77,13.16,2023-01-12,,,Rejected,0,Community Forest Resource,False,None,None
FRA-03912,Madhya Pradesh,Mandla,23.064247,78.393488,9.11,8.41,2024-05-13,,,Pending,844,Individual Forest Right,False,None,None
FRA-03913,Chhattisgarh,Bastar,20.193356,81.897018,12.31,11.99,2025-10-22,2025-12-26,2026-01-20,Approved,0,Individual Forest Right,False,None,None
FRA-03914,Kerala,Kannur,10.994893,75.073396,10.35,9.67,2024-10-03,2024-10-23,2024-12-02,Approved,0,Individual Forest Right,False,None,None
FRA-03915,Chhattisgarh,Bastar,19.276616,81.31257,14.88,16.61,2024-12-06,2023-02-10,2023-03-12,Under Verification,637,Community Forest Right,True,Delayed Processing,Medium
FRA-03916,Maharashtra,Chandrapur,19.610778,74.712535,7.01,13.73,2025-02-13,2025-03-03,2025-05-08,Approved,0,Individual Forest Right,True,Land Record Mismatch,Medium
FRA-03917,Kerala,Kannur,12.422684,75.470588,13.2,13.94,2025-08-04,2025-09-13,2025-11-09,Approved,0,Community Forest Resource,False,None,None
FRA-03918,Madhya Pradesh,Dindori,22.899334,78.898071,1.58,1.54,2025-01-28,2025-03-07,2025-05-04,Approved,0,Community Forest Resource,False,None,None
FRA-03919,Chhattisgarh,Kanker,20.378137,82.502906,5.89,6.39,2024-11-04,2024-12-12,2025-01-29,Approved,0,Community Forest Right,False,None,None
FRA-03920,Kerala,Kannur,12.167588,75.905479,2.5,2.58,2023-11-26,,,Pending,1013,Community Forest Resource,False,None,None
FRA-03921,Kerala,Palakkad,10.819435,75.780137,13.2,21.52,2023-01-25,,,Rejected,0,Community Forest Right,True,Land Record Mismatch,High
FRA-03922,Madhya Pradesh,Balaghat,22.878518,80.388943,7.7,6.69,2022-09-04,2023-01-24,,Under Verification,1461,Community Forest Right,False,None,None
FRA-03923,Maharashtra,Gadchiroli,21.652555,79.072192,10.99,12.51,2024-06-16,,,Rejected,0,Individual Forest Right,False,None,None
FRA-03924,Maharashtra,Chandrapur,18.010216,79.672281,7.86,8.61,2022-03-05,2022-05-16,2022-06-22,Approved,0,Individual Forest Right,False,None,None
FRA-03925,Jharkhand,Ranchi,23.281269,85.31363,5.13,4.55,2024-12-09,2025-04-07,2025-04-25,Approved,0,Community Forest Resource,False,None,None
FRA-03926,Jharkhand,Ranchi,24.166565,86.96787,11.32,10.32,2023-02-28,,,Pending,1284,Community Forest Resource,False,None,None
FRA-03927,Odisha,Koraput,19.165872,85.119268,5.82,10.85,2024-01-06,2024-02-01,,Under Verification,972,Community Forest Right,True,Land Record Mismatch,High
FRA-03928,Odisha,Sundargarh,19.348753,83.668076,1.53,1.31,2025-09-26,,,Pending,343,Individual Forest Right,False,None,None
FRA-03929,Odisha,Sundargarh,18.737275,87.001264,14.87,14.78,2026-01-15,,,Pending,232,Community Forest Resource,True,Delayed Processing,High
FRA-03930,Jharkhand,Ranchi,23.947028,86.612288,13.96,15.33,2024-04-15,2024-05-12,,Under Verification,872,Individual Forest Right,False,None,None
FRA-03931,Madhya Pradesh,Dindori,22.946166,77.083387,10.55,9.9,2025-11-21,2026-02-15,2026-04-20,Approved,0,Individual Forest Right,False,None,None
FRA-03932,Maharashtra,Gadchiroli,19.173407,74.841145,10.51,11.7,2024-03-03,2024-07-06,,Under Verification,915,Community Forest Right,False,None,None
FRA-03933,Odisha,Keonjhar,20.072795,83.075162,8.57,7.97,2023-01-05,2023-03-03,2023-04-01,Approved,0,Community Forest Resource,False,None,None
FRA-03934,Maharashtra,Nandurbar,21.251484,75.482365,10.71,12.16,2025-04-20,2025-07-31,2025-08-11,Approved,0,Community Forest Resource,False,None,None
FRA-03935,Kerala,Wayanad,11.04168,76.894496,8.0,6.89,2022-08-10,2022-08-22,2022-09-20,Approved,0,Individual Forest Right,False,None,None
FRA-03936,Odisha,Sundargarh,19.540404,83.473841,12.13,11.73,2025-02-28,2025-07-03,,Under Verification,553,Individual Forest Right,False,None,None
FRA-03937,Chhattisgarh,Kanker,22.395869,81.801982,10.47,9.82,2022-05-24,,,Pending,1564,Individual Forest Right,False,None,None
FRA-03938,Odisha,Keonjhar,19.821436,84.977868,9.36,8.04,2022-03-25,,,Pending,1624,Community Forest Right,False,None,None
FRA-03939,Maharashtra,Nashik,18.52448,74.996331,78.85,82.34,2024-05-08,2024-09-05,2024-11-16,Approved,0,Community Forest Right,True,Unusual Claim Area,High
FRA-03940,Madhya Pradesh,Bhopal,22.712046,77.944573,7.54,7.5,2024-02-17,2024-07-31,,Under Verification,930,Community Forest Resource,False,None,None
FRA-03941,Kerala,Palakkad,11.730147,76.798783,2.42,2.69,2024-02-24,,,Pending,923,Community Forest Resource,False,None,None
FRA-03942,Jharkhand,West Singhbhum,22.784019,86.728124,8.95,7.93,2022-09-28,2022-12-24,2023-02-06,Approved,0,Community Forest Resource,False,None,None
FRA-03943,Madhya Pradesh,Balaghat,23.345233,79.498318,10.47,11.73,2023-02-21,,,Pending,1291,Individual Forest Right,False,None,None
FRA-03944,Jharkhand,West Singhbhum,23.009206,84.975906,2.26,2.38,2026-02-28,,,Under Verification,188,Community Forest Resource,True,Delayed Processing,High
FRA-03945,Jharkhand,West Singhbhum,22.579863,87.195192,14.81,13.91,2025-01-09,,,Pending,603,Individual Forest Right,False,None,None
FRA-03946,Kerala,Idukki,11.329714,76.717497,11.95,11.09,2023-07-26,2023-08-11,2023-10-12,Approved,0,Community Forest Right,False,None,None
FRA-03947,Odisha,Keonjhar,21.405369,85.161903,6.47,5.62,2023-11-16,2024-03-10,2024-06-06,Approved,0,Community Forest Right,False,None,None
FRA-03948,Odisha,Koraput,20.325496,87.410642,13.15,12.15,2025-09-17,2022-12-27,,Under Verification,352,Community Forest Resource,True,Delayed Processing,Medium
FRA-03949,Madhya Pradesh,Balaghat,22.785365,79.092778,9.18,9.7,2025-10-16,2026-03-18,,Under Verification,323,Community Forest Right,False,None,None
FRA-03950,Maharashtra,Nashik,19.921235,73.003396,10.93,10.47,2022-08-06,2022-11-07,2023-01-30,Approved,0,Community Forest Resource,False,None,None
FRA-03951,Kerala,Palakkad,12.455385,75.984224,14.25,15.69,2024-09-06,,,Pending,728,Community Forest Resource,False,None,None
FRA-03952,Jharkhand,Gumla,22.229976,87.438482,11.78,10.25,2024-04-05,2024-06-06,2024-08-06,Approved,0,Community Forest Resource,False,None,None
FRA-03953,Jharkhand,Ranchi,23.009386,84.813513,3.78,3.85,2023-03-02,,,Rejected,0,Individual Forest Right,False,None,None
FRA-03954,Chhattisgarh,Kanker,21.721113,81.230224,4.89,5.36,2024-11-22,2024-12-05,2025-02-26,Approved,0,Community Forest Right,False,None,None
FRA-03955,Odisha,Keonjhar,20.768087,85.036288,11.78,10.81,2025-11-23,2023-12-22,2024-01-27,Under Verification,285,Individual Forest Right,True,Delayed Processing,High
FRA-03956,Madhya Pradesh,Dindori,22.950727,77.193587,8.34,4.75,2022-06-06,,,Rejected,0,Community Forest Resource,True,Land Record Mismatch,Medium
FRA-03957,Madhya Pradesh,Bhopal,23.974641,79.356885,12.43,11.89,2024-02-29,2024-04-15,2024-07-10,Approved,0,Community Forest Resource,False,None,None
FRA-03958,Jharkhand,West Singhbhum,23.496671,84.134217,1.65,1.49,2023-03-24,2023-07-12,2023-08-26,Approved,0,Community Forest Right,False,None,None
FRA-03959,Madhya Pradesh,Mandla,24.230855,77.491324,5.04,4.97,2024-11-18,,,Pending,655,Individual Forest Right,False,None,None
FRA-03960,Jharkhand,West Singhbhum,23.293174,87.41621,1.85,2.02,2024-09-10,2024-12-22,2025-03-10,Approved,0,Individual Forest Right,False,None,None
FRA-03961,Chhattisgarh,Kanker,19.195115,80.986177,14.11,14.6,2022-11-13,2023-02-01,2023-03-12,Approved,0,Community Forest Right,False,None,None
FRA-03962,Jharkhand,West Singhbhum,24.40789,84.29391,13.1,13.95,2022-12-25,2023-04-07,,Under Verification,1349,Community Forest Right,False,None,None
FRA-03963,Odisha,Koraput,18.555559,83.350159,4.95,5.15,2024-09-24,2024-11-19,,Under Verification,710,Community Forest Right,False,None,None
FRA-03964,Chhattisgarh,Kanker,19.278159,82.997492,5.86,6.55,2024-01-12,2024-04-26,2024-05-09,Approved,0,Community Forest Resource,False,None,None
FRA-03965,Madhya Pradesh,Balaghat,23.902109,79.166572,11.19,10.89,2025-10-15,2025-11-27,2026-01-09,Approved,0,Individual Forest Right,False,None,None
FRA-03966,Maharashtra,Nandurbar,20.821443,77.081082,9.22,10.31,2025-10-23,2025-12-14,2026-01-15,Approved,0,Community Forest Resource,False,None,None
FRA-03967,Odisha,Mayurbhanj,19.871406,86.217869,12.37,10.98,2024-12-27,,,Pending,616,Community Forest Resource,False,None,None
FRA-03968,Kerala,Wayanad,10.989518,77.474352,1.73,1.86,2025-06-18,2025-02-12,2025-04-16,Pending,443,Individual Forest Right,True,Delayed Processing,Medium
FRA-03969,Jharkhand,Simdega,23.546094,85.760467,11.16,9.55,2025-12-02,2026-01-16,,Under Verification,276,Individual Forest Right,False,None,None
FRA-03970,Odisha,Keonjhar,21.57537,84.879506,5.59,4.97,2024-04-02,,,Pending,885,Community Forest Resource,False,None,None
FRA-03971,Jharkhand,Ranchi,22.239278,87.313778,10.97,11.86,2024-07-19,2024-09-23,2024-10-17,Approved,0,Individual Forest Right,False,None,None
FRA-03972,Chhattisgarh,Bastar,19.57797,80.818615,4.99,5.69,2025-05-05,,,Rejected,0,Individual Forest Right,False,None,None
FRA-03973,Maharashtra,Gadchiroli,20.751822,75.033402,0.74,0.76,2022-12-04,,,Rejected,0,Individual Forest Right,False,None,None
FRA-03974,Madhya Pradesh,Mandla,24.33522,77.191325,7.35,7.34,2022-01-31,2022-05-08,,Under Verification,1677,Community Forest Resource,False,None,None
FRA-03975,Madhya Pradesh,Bhopal,22.599736,78.086267,11.1,11.54,2023-01-17,,,Rejected,0,Community Forest Right,False,None,None
FRA-03976,Chhattisgarh,Bastar,22.468032,82.04407,11.65,11.19,2025-02-21,2024-03-27,,Under Verification,560,Community Forest Right,True,Delayed Processing,High
FRA-03977,Odisha,Sundargarh,20.685461,83.988381,14.77,13.57,2026-02-06,,,Pending,210,Community Forest Resource,True,Delayed Processing,Medium
FRA-03978,Kerala,Idukki,9.738342,76.348741,7.87,16.26,2025-01-25,2025-02-27,2025-05-10,Approved,0,Individual Forest Right,True,Land Record Mismatch,Medium
FRA-03979,Kerala,Palakkad,11.311997,76.296081,0.68,0.75,2025-02-22,,,Pending,559,Community Forest Right,False,None,None
FRA-03980,Kerala,Idukki,10.712637,76.983674,10.53,9.01,2024-07-12,,,Rejected,0,Community Forest Right,False,None,None
FRA-03981,Chhattisgarh,Surguja,21.394574,81.131567,7.28,8.14,2022-11-17,2023-02-03,2023-04-30,Approved,0,Community Forest Right,False,None,None
FRA-03982,Maharashtra,Nashik,21.29014,73.427637,8.91,2.8,2025-09-22,2025-12-03,2026-01-20,Approved,0,Community Forest Right,True,Land Record Mismatch,Medium
FRA-03983,Odisha,Mayurbhanj,20.824056,85.847544,12.48,14.05,2023-05-30,,,Pending,1193,Community Forest Resource,False,None,None
FRA-03984,Chhattisgarh,Bastar,18.745227,81.887362,4.2,4.7,2023-07-05,2023-09-14,2023-10-19,Approved,0,Community Forest Resource,False,None,None
FRA-03985,Jharkhand,Ranchi,24.272314,86.284527,11.36,9.66,2025-12-25,2022-09-02,2022-10-02,Pending,253,Community Forest Resource,True,Delayed Processing,High
FRA-03986,Jharkhand,Simdega,24.319529,87.126224,1.7,1.77,2024-03-14,2024-05-16,2024-06-25,Approved,0,Individual Forest Right,False,None,None
FRA-03987,Jharkhand,Gumla,22.866419,85.550387,6.59,5.87,2025-12-06,,,Rejected,0,Individual Forest Right,False,None,None
FRA-03988,Kerala,Palakkad,9.534309,75.012914,11.18,9.77,2024-12-10,2024-12-31,2025-02-16,Approved,0,Community Forest Resource,False,None,None
FRA-03989,Madhya Pradesh,Bhopal,24.097806,78.969168,1.51,1.62,2024-02-13,,,Rejected,0,Individual Forest Right,False,None,None
FRA-03990,Maharashtra,Nashik,18.096804,75.374117,8.57,8.99,2022-07-17,2022-08-13,2022-09-14,Approved,0,Community Forest Right,False,None,None
FRA-03991,Jharkhand,Simdega,24.46373,85.659685,1.05,0.91,2024-03-16,2024-05-23,2024-08-18,Approved,0,Community Forest Right,False,None,None
FRA-03992,Maharashtra,Nandurbar,18.289599,73.97799,2.21,1.92,2022-11-26,,,Rejected,0,Community Forest Resource,False,None,None
FRA-03993,Odisha,Sundargarh,20.982613,87.248095,8.23,7.11,2022-08-03,,,Pending,1493,Community Forest Resource,False,None,None
FRA-03994,Odisha,Sundargarh,19.585695,85.86973,10.33,11.07,2025-01-09,,,Pending,603,Community Forest Right,False,None,None
FRA-03995,Jharkhand,Ranchi,24.215999,86.819446,3.76,3.9,2025-12-13,,,Under Verification,265,Individual Forest Right,True,Delayed Processing,High
FRA-03996,Maharashtra,Nandurbar,20.969138,80.532576,8.17,8.27,2024-04-03,2024-05-10,2024-05-20,Approved,0,Community Forest Right,False,None,None
FRA-03997,Odisha,Mayurbhanj,19.274386,86.946397,0.86,0.89,2025-10-02,2025-05-10,2025-07-13,Pending,337,Community Forest Right,True,Delayed Processing,Medium
FRA-03998,Jharkhand,Simdega,22.843878,85.563348,3.43,1.57,2025-06-15,2025-08-01,2025-08-17,Approved,0,Community Forest Right,True,Land Record Mismatch,Medium
FRA-03999,Chhattisgarh,Kanker,18.26349,82.528062,5.56,5.0,2024-08-30,,,Rejected,0,Community Forest Right,False,None,None
FRA-04000,Chhattisgarh,Kanker,22.327876,81.632248,67.47,71.34,2023-06-13,,,Pending,1179,Community Forest Resource,True,Unusual Claim Area,Medium
FRA-04001,Jharkhand,Ranchi,22.268286,86.701204,7.78,7.32,2025-12-08,2026-01-02,,Under Verification,270,Community Forest Right,False,None,None
FRA-04002,Kerala,Kannur,12.267777,75.317176,1.95,1.92,2025-12-09,2026-01-01,2026-01-06,Approved,0,Individual Forest Right,False,None,None
FRA-04003,Kerala,Kannur,12.497721,77.250752,14.63,16.44,2022-09-21,2022-10-20,2022-12-17,Approved,0,Community Forest Resource,False,None,None
FRA-04004,Jharkhand,Ranchi,22.181729,85.582,0.6,0.58,2024-04-20,,,Pending,867,Community Forest Right,False,None,None
FRA-04005,Kerala,Idukki,9.80255,76.181648,3.91,4.35,2023-09-29,2023-12-20,2024-02-05,Approved,0,Community Forest Right,False,None,None
FRA-04006,Odisha,Mayurbhanj,19.871169,84.428788,6.94,6.69,2025-04-08,,,Rejected,0,Community Forest Right,False,None,None
FRA-04007,Kerala,Kannur,11.933726,75.552751,12.53,12.06,2024-03-05,,,Pending,913,Individual Forest Right,False,None,None
FRA-04008,Kerala,Palakkad,12.422494,76.627034,10.02,24.71,2022-03-03,2022-06-07,2022-06-14,Approved,0,Community Forest Resource,True,Land Record Mismatch,High
FRA-04009,Madhya Pradesh,Mandla,23.610334,80.070535,9.5,10.77,2025-09-28,,,Pending,341,Individual Forest Right,False,None,None
FRA-04010,Madhya Pradesh,Mandla,23.21916,78.965235,5.38,5.53,2022-06-04,,,Rejected,0,Community Forest Resource,False,None,None
FRA-04011,Maharashtra,Chandrapur,20.746793,78.031543,3.83,4.18,2024-10-31,,,Rejected,0,Individual Forest Right,False,None,None
FRA-04012,Kerala,Wayanad,10.803226,76.368854,11.58,10.15,2025-11-25,,,Rejected,0,Community Forest Resource,False,None,None
FRA-04013,Chhattisgarh,Bastar,22.851902,81.727064,1.34,1.52,2025-08-01,,,Pending,399,Individual Forest Right,False,None,None
FRA-04014,Odisha,Mayurbhanj,20.129649,84.447792,8.15,8.62,2024-12-05,,,Pending,638,Individual Forest Right,False,None,None
FRA-04015,Odisha,Sundargarh,19.079893,87.059489,4.28,4.54,2024-08-07,2024-08-29,2024-11-10,Approved,0,Community Forest Right,False,None,None
FRA-04016,Chhattisgarh,Bastar,21.086171,80.858149,4.87,5.02,2023-02-16,2023-05-04,2023-06-08,Approved,0,Community Forest Resource,False,None,None
FRA-04017,Jharkhand,Ranchi,23.510088,87.324546,3.0,3.31,2022-08-02,2022-09-02,2022-11-17,Approved,0,Individual Forest Right,False,None,None
FRA-04018,Maharashtra,Chandrapur,19.393797,77.209708,2.74,2.44,2024-09-03,2024-11-09,,Under Verification,731,Individual Forest Right,False,None,None
FRA-04019,Odisha,Koraput,19.022538,86.458465,12.7,14.27,2024-03-16,2024-05-22,,Under Verification,902,Community Forest Right,False,None,None
FRA-04020,Madhya Pradesh,Dindori,24.436824,79.969141,4.29,4.92,2024-05-21,2024-06-23,2024-07-14,Approved,0,Community Forest Resource,False,None,None
FRA-04021,Jharkhand,Simdega,24.350201,84.401884,9.09,7.91,2024-01-30,2024-02-22,2024-03-29,Approved,0,Community Forest Resource,False,None,None
FRA-04022,Chhattisgarh,Surguja,19.63852,81.927191,0.92,0.95,2025-04-02,2023-11-13,2024-01-02,Under Verification,520,Community Forest Resource,True,Delayed Processing,High
FRA-04023,Maharashtra,Gadchiroli,19.938785,76.356055,8.25,8.29,2022-08-24,2022-11-27,2023-01-02,Approved,0,Community Forest Right,False,None,None
FRA-04024,Jharkhand,Ranchi,23.238504,86.705587,3.35,1.13,2025-01-12,2025-05-02,2025-05-23,Approved,0,Community Forest Right,True,Land Record Mismatch,High
FRA-04025,Madhya Pradesh,Balaghat,24.199895,80.227703,4.98,4.96,2025-12-04,,,Rejected,0,Individual Forest Right,False,None,None
FRA-04026,Odisha,Koraput,18.912806,86.44535,10.01,4.89,2022-07-24,2022-11-10,2023-01-13,Approved,0,Community Forest Right,True,Land Record Mismatch,Medium
FRA-04027,Maharashtra,Chandrapur,19.126923,80.865973,10.8,11.36,2022-10-03,,,Pending,1432,Community Forest Right,False,None,None
FRA-04028,Jharkhand,Ranchi,24.28632,85.348116,7.78,7.4,2025-05-17,2025-08-10,2025-08-27,Approved,0,Community Forest Right,False,None,None
FRA-04029,Odisha,Sundargarh,20.779688,87.247221,0.7,0.71,2025-09-07,2025-12-27,2026-03-10,Approved,0,Individual Forest Right,False,None,None
FRA-04030,Chhattisgarh,Bastar,22.311069,80.784274,1.9,1.97,2024-03-07,2024-06-20,2024-08-01,Approved,0,Community Forest Resource,False,None,None
FRA-04031,Maharashtra,Nandurbar,19.858334,75.014641,95.02,87.55,2023-10-16,,,Pending,1054,Community Forest Right,True,Unusual Claim Area,Medium
FRA-04032,Odisha,Sundargarh,19.213678,84.863245,14.82,15.06,2024-01-18,,,Pending,960,Individual Forest Right,False,None,None
FRA-04033,Maharashtra,Gadchiroli,18.027707,74.979431,0.51,0.58,2024-07-23,,,Pending,773,Community Forest Right,False,None,None
FRA-04034,Maharashtra,Nashik,20.518515,79.287813,10.01,10.39,2022-04-15,2022-06-12,,Under Verification,1603,Individual Forest Right,False,None,None
FRA-04035,Madhya Pradesh,Bhopal,24.249084,78.696407,11.2,12.68,2023-02-24,2023-08-04,,Under Verification,1288,Community Forest Resource,False,None,None
FRA-04036,Jharkhand,Gumla,22.282121,84.941899,5.55,6.35,2022-05-19,2022-10-19,,Under Verification,1569,Individual Forest Right,False,None,None
FRA-04037,Kerala,Palakkad,10.863029,75.335227,10.12,11.13,2025-07-30,,,Under Verification,401,Community Forest Right,True,Delayed Processing,Medium
FRA-04038,Maharashtra,Nandurbar,19.225406,74.339951,13.29,12.09,2025-04-08,,,Rejected,0,Community Forest Resource,False,None,None
FRA-04039,Jharkhand,Simdega,23.539414,85.229016,1.78,1.84,2023-04-16,2023-07-27,,Under Verification,1237,Community Forest Resource,False,None,None
FRA-04040,Maharashtra,Chandrapur,19.822157,80.730903,13.44,14.04,2023-06-22,2023-07-29,2023-10-24,Approved,0,Community Forest Resource,False,None,None
FRA-04041,Madhya Pradesh,Dindori,22.204112,79.39948,5.58,6.35,2025-02-10,,,Pending,571,Community Forest Resource,False,None,None
FRA-04042,Kerala,Palakkad,11.261057,75.215732,10.93,11.26,2022-04-27,2022-10-10,,Under Verification,1591,Community Forest Right,False,None,None
FRA-04043,Jharkhand,Simdega,23.568043,84.548892,1.11,1.1,2024-11-06,,,Pending,667,Individual Forest Right,False,None,None
FRA-04044,Odisha,Keonjhar,21.903238,87.14962,1.67,1.46,2025-06-15,2025-10-24,,Under Verification,446,Community Forest Resource,False,None,None
FRA-04045,Odisha,Keonjhar,21.632808,84.353832,11.21,27.03,2023-06-12,2023-06-27,2023-09-13,Approved,0,Community Forest Right,True,Land Record Mismatch,High
FRA-04046,Kerala,Wayanad,12.440153,76.233124,3.19,2.73,2022-04-25,,,Pending,1593,Community Forest Right,False,None,None
FRA-04047,Jharkhand,Ranchi,22.200834,87.162049,4.64,4.24,2025-09-08,,,Pending,361,Community Forest Right,False,None,None
FRA-04048,Kerala,Palakkad,11.472787,76.542269,5.29,11.65,2025-11-29,,,Rejected,0,Community Forest Right,True,Land Record Mismatch,High
FRA-04049,Maharashtra,Gadchiroli,18.005745,75.715684,9.97,8.81,2023-03-09,2023-04-07,2023-05-16,Approved,0,Community Forest Right,False,None,None
FRA-04050,Maharashtra,Chandrapur,21.138888,78.427072,0.57,0.65,2023-12-08,2024-03-15,2024-03-25,Approved,0,Community Forest Resource,False,None,None
FRA-04051,Jharkhand,Gumla,22.770663,84.942603,6.66,6.9,2024-01-07,,,Rejected,0,Community Forest Right,False,None,None
FRA-04052,Chhattisgarh,Surguja,20.663291,81.453193,7.14,6.59,2022-04-22,2022-09-15,,Under Verification,1596,Community Forest Right,False,None,None
FRA-04053,Chhattisgarh,Bastar,22.723611,80.283471,11.87,10.29,2025-11-15,,,Rejected,0,Community Forest Resource,False,None,None
FRA-04054,Jharkhand,Simdega,23.568885,86.361959,7.82,8.57,2022-10-03,2022-11-01,2022-11-26,Approved,0,Community Forest Right,False,None,None
FRA-04055,Maharashtra,Nashik,21.50253,76.6535,3.61,3.91,2025-03-21,2024-11-29,,Under Verification,532,Community Forest Right,True,Delayed Processing,High
FRA-04056,Odisha,Keonjhar,19.888182,84.493384,6.5,6.16,2024-02-26,2024-06-07,,Under Verification,921,Community Forest Right,False,None,None
FRA-04057,Jharkhand,Simdega,24.464403,85.753374,8.11,8.49,2023-09-27,2024-02-14,,Under Verification,1073,Individual Forest Right,False,None,None
FRA-04058,Madhya Pradesh,Bhopal,22.134377,78.373618,4.29,4.47,2023-11-29,,,Rejected,0,Community Forest Right,False,None,None
FRA-04059,Maharashtra,Chandrapur,18.544926,75.124042,9.59,9.62,2023-08-13,,,Pending,1118,Individual Forest Right,False,None,None
FRA-04060,Kerala,Idukki,10.615633,75.822352,11.31,10.33,2023-02-06,,,Pending,1306,Community Forest Right,False,None,None
FRA-04061,Kerala,Wayanad,12.05825,76.306438,9.06,9.46,2023-02-10,,,Pending,1302,Community Forest Right,False,None,None
FRA-04062,Kerala,Idukki,10.477077,75.698522,3.08,3.1,2022-07-31,,,Pending,1496,Community Forest Resource,False,None,None
FRA-04063,Chhattisgarh,Surguja,18.382785,82.0032,7.17,8.16,2024-08-04,,,Rejected,0,Individual Forest Right,False,None,None
FRA-04064,Madhya Pradesh,Dindori,23.103716,80.135097,4.77,5.22,2024-02-16,2024-03-30,2024-06-12,Approved,0,Individual Forest Right,False,None,None
FRA-04065,Maharashtra,Chandrapur,20.414459,76.507914,14.92,13.68,2024-05-01,,,Pending,856,Community Forest Right,False,None,None
FRA-04066,Maharashtra,Nandurbar,21.877148,75.446132,7.46,7.9,2024-11-24,,,Pending,649,Community Forest Resource,False,None,None
FRA-04067,Jharkhand,Ranchi,22.977406,86.580581,10.66,10.74,2024-09-11,,,Rejected,0,Community Forest Resource,False,None,None
FRA-04068,Odisha,Koraput,20.658668,83.850733,11.95,11.64,2025-04-14,2023-11-01,2024-01-02,Pending,508,Individual Forest Right,True,Delayed Processing,Medium
FRA-04069,Kerala,Wayanad,9.902494,76.049803,94.85,98.3,2024-09-30,2024-10-27,2025-01-20,Approved,0,Community Forest Resource,True,Unusual Claim Area,High
FRA-04070,Jharkhand,West Singhbhum,23.433064,85.310154,13.13,11.53,2022-12-16,2023-01-06,2023-02-09,Approved,0,Community Forest Resource,False,None,None
FRA-04071,Chhattisgarh,Dantewada,22.334102,80.327587,8.04,8.5,2023-12-15,,,Pending,994,Individual Forest Right,False,None,None
FRA-04072,Kerala,Palakkad,11.79477,77.472631,5.25,5.59,2023-02-18,2023-04-16,2023-06-26,Approved,0,Community Forest Resource,False,None,None
FRA-04073,Chhattisgarh,Surguja,19.737644,82.510085,1.62,1.43,2024-02-24,2024-07-02,,Under Verification,923,Individual Forest Right,False,None,None
FRA-04074,Odisha,Koraput,22.141603,84.273472,2.32,2.54,2023-02-16,2023-05-26,2023-06-07,Approved,0,Individual Forest Right,False,None,None
FRA-04075,Jharkhand,Simdega,23.584871,87.348881,2.38,2.55,2025-07-14,2022-04-12,,Under Verification,417,Community Forest Right,True,Delayed Processing,High
FRA-04076,Odisha,Mayurbhanj,19.330511,86.058756,0.53,0.55,2024-02-08,2024-04-11,,Under Verification,939,Community Forest Right,False,None,None
FRA-04077,Jharkhand,Simdega,22.184591,85.412115,3.1,3.38,2025-12-02,2025-10-10,,Pending,276,Community Forest Right,True,Delayed Processing,High
FRA-04078,Kerala,Wayanad,10.306952,76.599572,11.05,12.53,2022-07-15,,,Pending,1512,Community Forest Resource,False,None,None
FRA-04079,Jharkhand,Simdega,22.108892,86.555776,12.02,29.95,2024-01-15,2024-01-31,2024-04-26,Approved,0,Community Forest Right,True,Land Record Mismatch,Medium
FRA-04080,Kerala,Kannur,9.961295,75.421143,1.02,0.54,2024-01-08,,,Rejected,0,Individual Forest Right,True,Land Record Mismatch,Medium
FRA-04081,Maharashtra,Gadchiroli,18.017072,75.924567,8.2,8.46,2024-08-27,2024-11-26,2024-12-22,Approved,0,Individual Forest Right,False,None,None
FRA-04082,Maharashtra,Nashik,18.143043,75.99238,46.79,44.97,2025-09-23,2025-11-14,2026-01-04,Approved,0,Community Forest Resource,True,Unusual Claim Area,High
FRA-04083,Madhya Pradesh,Balaghat,23.39136,80.53184,9.38,10.16,2023-09-01,,,Pending,1099,Community Forest Resource,False,None,None
FRA-04084,Madhya Pradesh,Bhopal,24.185575,79.866283,7.58,8.62,2023-02-19,2023-03-01,,Under Verification,1293,Community Forest Resource,False,None,None
FRA-04085,Chhattisgarh,Dantewada,21.148317,80.002908,10.27,3.4,2023-05-31,,,Pending,1192,Community Forest Right,True,Land Record Mismatch,Medium
FRA-04086,Jharkhand,West Singhbhum,22.867525,85.131344,9.13,9.44,2022-03-21,,,Pending,1628,Community Forest Right,False,None,None
FRA-04087,Maharashtra,Nashik,21.461385,78.989811,10.83,9.74,2022-12-13,2022-12-28,2023-02-03,Approved,0,Individual Forest Right,False,None,None
FRA-04088,Jharkhand,Gumla,23.725501,86.009538,13.08,14.36,2025-07-04,,,Under Verification,427,Community Forest Right,True,Delayed Processing,Medium
FRA-04089,Maharashtra,Gadchiroli,21.047097,79.375759,68.33,60.31,2022-10-29,,,Rejected,0,Individual Forest Right,True,Unusual Claim Area,Medium
FRA-04090,Chhattisgarh,Kanker,20.768864,82.037978,13.78,14.86,2023-07-07,2023-10-23,2023-11-13,Approved,0,Community Forest Right,False,None,None
FRA-04091,Odisha,Mayurbhanj,19.082571,86.322096,2.76,2.58,2026-02-09,2022-05-24,2022-06-14,Pending,207,Individual Forest Right,True,Delayed Processing,Medium
FRA-04092,Chhattisgarh,Kanker,20.237951,82.814736,2.98,3.12,2022-11-26,2023-01-05,2023-02-21,Approved,0,Community Forest Resource,False,None,None
FRA-04093,Jharkhand,Ranchi,23.785366,84.816673,3.84,3.45,2023-10-23,2023-12-01,,Under Verification,1047,Community Forest Right,False,None,None
FRA-04094,Jharkhand,Gumla,23.470958,87.129949,10.6,9.88,2024-09-26,,,Rejected,0,Community Forest Resource,False,None,None
FRA-04095,Maharashtra,Nashik,19.833488,80.471523,3.63,3.16,2023-07-18,2023-08-21,2023-08-26,Approved,0,Individual Forest Right,False,None,None
FRA-04096,Maharashtra,Gadchiroli,19.568445,80.168984,3.94,3.41,2024-09-20,2024-10-31,,Under Verification,714,Community Forest Right,False,None,None
FRA-04097,Jharkhand,West Singhbhum,24.098786,84.573531,1.5,1.61,2023-02-10,2023-05-06,2023-05-29,Approved,0,Community Forest Resource,False,None,None
FRA-04098,Kerala,Kannur,11.62308,77.162395,3.33,3.56,2023-01-09,,,Pending,1334,Community Forest Resource,False,None,None
FRA-04099,Chhattisgarh,Bastar,19.396816,80.49853,2.82,2.55,2022-11-25,2023-01-31,,Under Verification,1379,Community Forest Resource,False,None,None
FRA-04100,Madhya Pradesh,Balaghat,23.250257,80.711206,3.06,2.75,2023-11-23,,,Pending,1016,Individual Forest Right,False,None,None
FRA-04101,Jharkhand,Ranchi,23.928527,87.016291,35.21,33.22,2022-03-28,2022-05-01,,Under Verification,1621,Individual Forest Right,True,Unusual Claim Area,High
FRA-04102,Chhattisgarh,Kanker,19.2582,81.109043,6.92,5.94,2025-09-24,,,Rejected,0,Community Forest Resource,False,None,None
FRA-04103,Kerala,Palakkad,12.215166,76.743348,5.55,5.18,2022-11-17,,,Pending,1387,Individual Forest Right,False,None,None
FRA-04104,Chhattisgarh,Dantewada,19.391673,81.057244,3.35,3.19,2023-04-25,2023-07-10,2023-09-10,Approved,0,Community Forest Resource,False,None,None
FRA-04105,Odisha,Koraput,21.42546,86.629832,9.34,8.89,2022-03-08,,,Pending,1641,Community Forest Right,False,None,None
FRA-04106,Maharashtra,Nashik,19.445634,75.764527,7.88,9.04,2023-12-09,,,Rejected,0,Individual Forest Right,False,None,None
FRA-04107,Chhattisgarh,Kanker,18.070044,81.446162,8.61,9.58,2022-05-24,,,Pending,1564,Community Forest Right,False,None,None
FRA-04108,Maharashtra,Chandrapur,19.575263,76.651046,7.26,7.54,2023-12-18,2024-03-16,2024-04-02,Approved,0,Individual Forest Right,False,None,None
FRA-04109,Kerala,Idukki,12.362419,75.952059,5.76,5.86,2024-02-20,,,Pending,927,Individual Forest Right,False,None,None
FRA-04110,Jharkhand,Ranchi,23.8657,85.165289,2.39,2.52,2025-07-24,,,Pending,407,Community Forest Resource,False,None,None
FRA-04111,Madhya Pradesh,Bhopal,23.864988,77.2484,11.38,10.93,2024-04-20,2024-06-07,2024-06-21,Approved,0,Community Forest Resource,False,None,None
FRA-04112,Jharkhand,West Singhbhum,23.052202,86.256986,0.88,0.41,2025-03-12,,,Rejected,0,Individual Forest Right,True,Land Record Mismatch,High
FRA-04113,Chhattisgarh,Dantewada,22.107473,80.511576,4.69,5.06,2023-02-11,2023-04-01,,Under Verification,1301,Community Forest Right,False,None,None
FRA-04114,Odisha,Mayurbhanj,19.060929,84.835891,1.47,2.71,2023-09-04,2024-03-02,,Under Verification,1096,Individual Forest Right,True,Land Record Mismatch,Medium
FRA-04115,Madhya Pradesh,Bhopal,23.521742,78.340597,12.73,12.39,2023-05-22,,,Pending,1201,Community Forest Resource,False,None,None
FRA-04116,Odisha,Mayurbhanj,21.406426,87.266875,11.34,10.27,2024-01-15,2024-05-14,2024-07-09,Approved,0,Community Forest Right,False,None,None
FRA-04117,Odisha,Sundargarh,20.696094,83.277823,6.86,7.12,2024-02-20,2024-03-21,2024-05-29,Approved,0,Individual Forest Right,False,None,None
FRA-04118,Madhya Pradesh,Dindori,24.456661,79.948207,7.17,6.27,2022-03-23,,,Rejected,0,Individual Forest Right,False,None,None
FRA-04119,Chhattisgarh,Surguja,22.997713,82.909791,8.09,6.9,2024-03-13,,,Pending,905,Individual Forest Right,False,None,None
FRA-04120,Madhya Pradesh,Bhopal,23.847227,78.929466,10.89,11.39,2025-09-16,2022-05-17,2022-05-30,Under Verification,353,Community Forest Resource,True,Delayed Processing,Medium
FRA-04121,Chhattisgarh,Bastar,21.659827,82.416807,13.8,12.45,2022-03-05,2022-05-30,2022-06-30,Approved,0,Community Forest Right,False,None,None
FRA-04122,Odisha,Koraput,22.052705,83.385193,1.56,1.54,2025-10-06,,,Rejected,0,Individual Forest Right,False,None,None
FRA-04123,Madhya Pradesh,Bhopal,24.001787,78.481874,0.64,0.56,2024-12-05,,,Pending,638,Individual Forest Right,False,None,None
FRA-04124,Jharkhand,West Singhbhum,22.038548,85.507285,14.52,13.9,2022-08-26,2022-10-08,2022-12-18,Approved,0,Individual Forest Right,False,None,None
FRA-04125,Odisha,Sundargarh,18.584078,84.580312,4.35,3.87,2024-07-26,,,Pending,770,Individual Forest Right,False,None,None
FRA-04126,Odisha,Mayurbhanj,20.659532,83.516862,14.49,12.85,2022-06-12,2022-10-11,,Under Verification,1545,Community Forest Resource,False,None,None
FRA-04127,Jharkhand,Ranchi,22.640136,86.629917,74.23,84.34,2022-03-15,2022-06-15,2022-08-12,Approved,0,Community Forest Right,True,Unusual Claim Area,Medium
FRA-04128,Chhattisgarh,Surguja,19.738815,80.364459,10.63,10.62,2024-10-19,2024-12-15,,Under Verification,685,Community Forest Right,False,None,None
FRA-04129,Chhattisgarh,Surguja,21.668312,81.637221,14.83,14.03,2022-12-29,2023-01-10,2023-03-26,Approved,0,Community Forest Resource,False,None,None
FRA-04130,Madhya Pradesh,Dindori,23.685633,77.513315,11.6,6.2,2023-04-26,2023-05-18,2023-05-24,Approved,0,Community Forest Resource,True,Land Record Mismatch,Medium
FRA-04131,Odisha,Koraput,18.602961,85.677867,10.4,9.2,2025-07-02,,,Pending,429,Community Forest Resource,False,None,None
FRA-04132,Chhattisgarh,Kanker,20.58174,81.342393,13.53,31.13,2023-11-18,,,Rejected,0,Community Forest Resource,True,Land Record Mismatch,High
FRA-04133,Chhattisgarh,Surguja,21.538466,82.462485,2.66,6.26,2025-08-13,2025-09-23,2025-12-05,Approved,0,Community Forest Right,True,Land Record Mismatch,High
FRA-04134,Maharashtra,Gadchiroli,21.514907,73.300205,1.52,1.64,2025-03-04,,,Pending,549,Community Forest Right,False,None,None
FRA-04135,Chhattisgarh,Surguja,18.945129,82.207783,7.64,7.63,2024-11-24,2025-01-22,2025-03-26,Approved,0,Individual Forest Right,False,None,None
FRA-04136,Madhya Pradesh,Dindori,22.007612,79.764663,2.45,2.79,2024-10-27,,,Pending,677,Community Forest Right,False,None,None
FRA-04137,Madhya Pradesh,Balaghat,22.477488,80.047893,14.9,14.7,2023-01-01,2023-02-03,2023-05-04,Approved,0,Community Forest Right,False,None,None
FRA-04138,Jharkhand,Ranchi,24.071572,85.355813,77.54,74.78,2022-11-06,,,Pending,1398,Community Forest Right,True,Unusual Claim Area,Medium
FRA-04139,Madhya Pradesh,Dindori,24.377763,78.69308,2.1,1.84,2022-02-10,,,Pending,1667,Individual Forest Right,False,None,None
FRA-04140,Maharashtra,Gadchiroli,20.969137,74.444235,10.0,11.34,2025-07-17,2024-11-14,2024-12-16,Under Verification,414,Individual Forest Right,True,Delayed Processing,Medium
FRA-04141,Chhattisgarh,Surguja,18.220219,81.173131,6.36,7.31,2024-05-26,2024-09-04,2024-10-22,Approved,0,Community Forest Resource,False,None,None
FRA-04142,Kerala,Wayanad,11.445816,75.849397,13.86,14.6,2022-04-20,,,Pending,1598,Community Forest Resource,False,None,None
FRA-04143,Maharashtra,Nandurbar,19.442828,78.534729,9.06,18.89,2022-03-15,2022-05-11,2022-07-10,Approved,0,Individual Forest Right,True,Land Record Mismatch,High
FRA-04144,Chhattisgarh,Surguja,19.055913,80.197497,1.2,1.02,2025-01-24,,,Under Verification,588,Individual Forest Right,True,Delayed Processing,Medium
FRA-04145,Maharashtra,Gadchiroli,21.049289,77.038027,11.26,12.61,2025-06-05,2025-08-07,,Under Verification,456,Community Forest Resource,False,None,None
FRA-04146,Odisha,Koraput,19.448041,86.769134,1.86,1.83,2025-02-28,,,Rejected,0,Individual Forest Right,False,None,None
FRA-04147,Jharkhand,West Singhbhum,23.097216,85.299724,14.55,16.72,2022-03-25,2022-07-18,2022-09-24,Approved,0,Individual Forest Right,False,None,None
FRA-04148,Kerala,Wayanad,10.497213,76.114438,9.85,10.34,2022-09-28,2023-03-15,,Under Verification,1437,Community Forest Resource,False,None,None
FRA-04149,Maharashtra,Nandurbar,21.29297,76.1493,13.65,15.48,2022-05-01,2022-07-13,2022-08-24,Approved,0,Community Forest Right,False,None,None
FRA-04150,Odisha,Sundargarh,20.387926,84.652506,3.45,3.76,2022-06-03,2022-08-15,,Under Verification,1554,Community Forest Resource,False,None,None
FRA-04151,Jharkhand,Simdega,22.504849,87.269291,7.7,7.74,2024-10-20,2023-03-05,2023-03-15,Pending,684,Community Forest Resource,True,Delayed Processing,Medium
FRA-04152,Madhya Pradesh,Bhopal,22.289191,77.996312,2.58,0.78,2024-10-26,2024-12-05,2025-01-11,Approved,0,Community Forest Resource,True,Land Record Mismatch,High
FRA-04153,Jharkhand,Simdega,23.222664,85.820894,12.2,11.66,2024-03-31,2024-06-21,2024-06-28,Approved,0,Community Forest Right,False,None,None
FRA-04154,Odisha,Keonjhar,19.563445,85.696506,4.57,4.96,2023-08-15,,,Rejected,0,Community Forest Right,False,None,None
FRA-04155,Kerala,Wayanad,10.802511,76.61714,2.31,3.51,2024-08-12,,,Pending,753,Community Forest Resource,True,Land Record Mismatch,Medium
FRA-04156,Madhya Pradesh,Balaghat,23.810425,77.07731,12.82,12.91,2023-09-12,2024-01-05,,Under Verification,1088,Community Forest Right,False,None,None
FRA-04157,Maharashtra,Nandurbar,21.611351,78.658325,9.02,19.56,2024-11-04,,,Rejected,0,Community Forest Right,True,Land Record Mismatch,Medium
FRA-04158,Odisha,Mayurbhanj,22.007296,87.335252,8.22,7.42,2025-01-13,2025-03-20,2025-05-16,Approved,0,Community Forest Resource,False,None,None
FRA-04159,Odisha,Keonjhar,19.520067,86.29363,12.78,13.43,2025-04-05,2024-10-06,,Pending,517,Community Forest Right,True,Delayed Processing,Medium
FRA-04160,Odisha,Mayurbhanj,21.611656,85.105301,4.94,4.78,2023-03-19,2023-06-28,2023-07-30,Approved,0,Individual Forest Right,False,None,None
FRA-04161,Kerala,Wayanad,9.539086,75.713777,9.11,9.5,2025-01-05,2025-04-12,,Under Verification,607,Individual Forest Right,False,None,None
FRA-04162,Odisha,Sundargarh,21.397781,85.963172,5.1,5.54,2022-11-23,2023-03-17,2023-05-15,Approved,0,Community Forest Resource,False,None,None
FRA-04163,Madhya Pradesh,Dindori,22.110562,77.078927,14.21,13.9,2023-10-12,,,Pending,1058,Community Forest Resource,False,None,None
FRA-04164,Kerala,Palakkad,11.617043,75.323587,5.86,5.72,2025-02-05,2025-04-29,2025-05-31,Approved,0,Community Forest Right,False,None,None
FRA-04165,Odisha,Koraput,21.011814,84.352445,4.77,4.54,2025-11-12,2026-02-03,2026-04-19,Approved,0,Community Forest Resource,False,None,None
FRA-04166,Chhattisgarh,Surguja,19.885054,82.845416,6.16,6.63,2024-12-07,2025-01-18,2025-03-01,Approved,0,Community Forest Right,False,None,None
FRA-04167,Madhya Pradesh,Balaghat,23.512552,78.617707,5.3,2.14,2025-11-08,,,Pending,300,Community Forest Right,True,Land Record Mismatch,Medium
FRA-04168,Madhya Pradesh,Dindori,24.230073,80.191631,2.01,1.73,2023-08-20,,,Rejected,0,Community Forest Resource,False,None,None
FRA-04169,Jharkhand,Ranchi,22.189257,84.217402,10.81,5.87,2023-04-08,2023-06-18,,Under Verification,1245,Community Forest Resource,True,Land Record Mismatch,High
FRA-04170,Kerala,Idukki,10.541187,76.883931,7.87,7.16,2024-10-13,,,Pending,691,Community Forest Resource,False,None,None
FRA-04171,Jharkhand,Simdega,22.361764,85.225203,7.14,8.03,2023-04-01,,,Pending,1252,Individual Forest Right,False,None,None
FRA-04172,Maharashtra,Chandrapur,21.304284,73.476561,10.81,9.37,2024-11-07,2025-01-13,2025-03-01,Approved,0,Individual Forest Right,False,None,None
FRA-04173,Odisha,Mayurbhanj,22.387202,84.434079,12.03,13.29,2025-07-18,2025-11-03,,Under Verification,413,Community Forest Resource,False,None,None
FRA-04174,Chhattisgarh,Dantewada,22.293142,80.626935,14.96,13.02,2023-01-06,2023-05-16,,Under Verification,1337,Community Forest Right,False,None,None
FRA-04175,Madhya Pradesh,Dindori,23.836461,77.599324,5.08,4.95,2022-05-12,,,Pending,1576,Community Forest Resource,False,None,None
FRA-04176,Chhattisgarh,Surguja,21.262914,81.249726,8.41,7.34,2024-12-16,2025-02-21,2025-04-13,Approved,0,Community Forest Right,False,None,None
FRA-04177,Chhattisgarh,Bastar,21.812363,80.204946,13.12,12.69,2022-06-13,,,Pending,1544,Individual Forest Right,False,None,None
FRA-04178,Maharashtra,Nashik,19.226296,80.185234,1.37,1.5,2025-10-30,2025-06-20,2025-08-29,Under Verification,309,Community Forest Right,True,Delayed Processing,High
FRA-04179,Maharashtra,Nandurbar,20.503485,80.713791,7.37,7.32,2023-11-04,2023-12-01,2024-01-03,Approved,0,Community Forest Right,False,None,None
FRA-04180,Madhya Pradesh,Mandla,22.861376,80.543793,7.05,7.39,2022-01-14,,,Rejected,0,Individual Forest Right,False,None,None
FRA-04181,Jharkhand,Simdega,23.994088,86.25704,6.76,6.44,2025-03-13,2025-06-16,2025-08-08,Approved,0,Community Forest Right,False,None,None
FRA-04182,Chhattisgarh,Dantewada,19.849174,80.755469,10.28,9.54,2023-04-25,,,Rejected,0,Community Forest Resource,False,None,None
FRA-04183,Maharashtra,Nandurbar,20.420226,75.88999,5.69,5.24,2025-09-06,2025-10-07,2025-11-04,Approved,0,Community Forest Resource,False,None,None
FRA-04184,Odisha,Sundargarh,18.634506,84.156676,4.27,4.74,2024-01-04,,,Pending,974,Individual Forest Right,False,None,None
FRA-04185,Maharashtra,Gadchiroli,18.272249,77.49756,10.0,9.66,2025-07-06,2026-01-07,,Under Verification,425,Community Forest Resource,True,Delayed Processing,Medium
FRA-04186,Maharashtra,Chandrapur,21.618802,74.173958,13.12,12.93,2023-12-25,,,Rejected,0,Community Forest Right,False,None,None
FRA-04187,Kerala,Idukki,10.17413,75.328634,8.95,9.46,2024-08-12,2024-10-22,,Under Verification,753,Community Forest Right,False,None,None
FRA-04188,Odisha,Mayurbhanj,21.712501,83.273096,9.42,10.82,2023-06-16,,,Rejected,0,Individual Forest Right,False,None,None
FRA-04189,Odisha,Sundargarh,20.562247,84.73356,11.0,11.42,2025-12-27,2026-06-17,,Under Verification,251,Community Forest Resource,False,None,None
FRA-04190,Kerala,Kannur,10.701706,77.220946,12.69,14.36,2022-12-23,,,Pending,1351,Community Forest Right,False,None,None
FRA-04191,Madhya Pradesh,Bhopal,22.877382,79.199483,3.31,3.59,2026-01-01,2025-03-07,2025-03-27,Pending,246,Community Forest Resource,True,Delayed Processing,High
FRA-04192,Jharkhand,Gumla,22.945215,85.658001,1.74,1.87,2024-10-11,2024-11-27,2024-12-04,Approved,0,Individual Forest Right,False,None,None
FRA-04193,Madhya Pradesh,Bhopal,22.994504,78.661565,11.73,10.39,2022-12-14,2023-03-20,2023-06-17,Approved,0,Community Forest Resource,False,None,None
FRA-04194,Maharashtra,Nashik,19.918075,80.380269,3.0,3.21,2024-10-25,2024-12-13,2025-02-15,Approved,0,Community Forest Resource,False,None,None
FRA-04195,Kerala,Palakkad,9.877876,76.235088,9.96,11.12,2025-02-04,2025-02-19,2025-04-23,Approved,0,Community Forest Right,False,None,None
FRA-04196,Madhya Pradesh,Mandla,23.297032,79.283127,7.17,6.4,2024-07-23,,,Pending,773,Individual Forest Right,False,None,None
FRA-04197,Odisha,Mayurbhanj,20.890622,83.248224,14.96,16.24,2025-03-24,2023-02-10,2023-03-15,Under Verification,529,Community Forest Right,True,Delayed Processing,Medium
FRA-04198,Chhattisgarh,Surguja,20.391662,82.615919,96.4,98.06,2023-12-10,2024-04-30,,Under Verification,999,Community Forest Resource,True,Unusual Claim Area,Medium
FRA-04199,Odisha,Koraput,20.278463,86.519845,14.54,14.33,2022-02-23,2022-05-04,2022-07-31,Approved,0,Community Forest Resource,False,None,None
FRA-04200,Maharashtra,Nandurbar,21.306831,73.935753,1.91,2.11,2023-09-02,2023-11-21,2023-12-21,Approved,0,Community Forest Right,False,None,None
FRA-04201,Chhattisgarh,Surguja,19.611969,80.024351,3.73,3.57,2023-05-13,,,Pending,1210,Community Forest Resource,False,None,None
FRA-04202,Chhattisgarh,Bastar,18.165321,80.481489,14.25,15.1,2024-07-12,2024-11-08,2025-01-28,Approved,0,Community Forest Resource,False,None,None
FRA-04203,Maharashtra,Chandrapur,21.3963,79.103711,11.47,11.37,2023-04-22,2023-08-13,2023-10-18,Approved,0,Community Forest Right,False,None,None
FRA-04204,Maharashtra,Nandurbar,19.478763,74.569414,1.1,1.23,2024-11-11,2023-05-16,2023-07-09,Under Verification,662,Community Forest Resource,True,Delayed Processing,Medium
FRA-04205,Maharashtra,Nandurbar,19.747787,76.468648,6.58,7.27,2023-09-08,2023-12-06,,Under Verification,1092,Community Forest Resource,False,None,None
FRA-04206,Maharashtra,Gadchiroli,18.121432,76.230443,14.34,15.42,2024-04-24,2024-06-22,,Under Verification,863,Community Forest Resource,False,None,None
FRA-04207,Madhya Pradesh,Dindori,24.051715,80.13723,4.48,10.44,2025-04-03,2025-06-30,2025-09-21,Approved,0,Community Forest Right,True,Land Record Mismatch,Medium
FRA-04208,Odisha,Mayurbhanj,21.069185,86.5623,5.45,12.2,2025-09-21,,,Pending,348,Individual Forest Right,True,Land Record Mismatch,Medium
FRA-04209,Madhya Pradesh,Bhopal,22.346011,77.074083,7.92,8.45,2025-06-13,,,Pending,448,Community Forest Resource,False,None,None
FRA-04210,Madhya Pradesh,Bhopal,22.922702,77.010315,10.16,6.05,2024-01-23,,,Pending,955,Community Forest Resource,True,Land Record Mismatch,High
FRA-04211,Kerala,Kannur,11.038574,77.375052,1.05,0.34,2022-03-05,2022-04-25,2022-06-03,Approved,0,Individual Forest Right,True,Land Record Mismatch,Medium
FRA-04212,Odisha,Mayurbhanj,22.170615,84.873292,13.78,13.75,2023-02-06,2023-05-21,2023-06-08,Approved,0,Community Forest Right,False,None,None
FRA-04213,Odisha,Keonjhar,20.977799,86.326138,9.88,8.78,2022-06-17,,,Rejected,0,Community Forest Resource,False,None,None
FRA-04214,Madhya Pradesh,Dindori,24.106127,80.971436,9.51,9.96,2025-05-18,2025-07-27,,Under Verification,474,Individual Forest Right,False,None,None
FRA-04215,Jharkhand,West Singhbhum,22.792486,86.447759,2.37,2.66,2024-01-25,2024-04-21,,Under Verification,953,Individual Forest Right,False,None,None
FRA-04216,Jharkhand,Ranchi,24.252605,87.465266,13.4,15.36,2024-05-11,,,Rejected,0,Individual Forest Right,False,None,None
FRA-04217,Odisha,Mayurbhanj,22.460116,84.873589,9.55,8.95,2025-05-31,2025-08-29,2025-09-28,Approved,0,Community Forest Resource,False,None,None
FRA-04218,Jharkhand,Gumla,22.315247,84.010439,8.96,7.71,2025-07-26,2022-10-18,2022-11-17,Under Verification,405,Individual Forest Right,True,Delayed Processing,Medium
FRA-04219,Odisha,Sundargarh,21.480075,87.171799,10.32,11.86,2025-01-24,,,Rejected,0,Community Forest Resource,False,None,None
FRA-04220,Maharashtra,Gadchiroli,21.456613,75.403452,9.14,7.89,2024-04-23,2024-07-31,2024-09-16,Approved,0,Individual Forest Right,False,None,None
FRA-04221,Kerala,Kannur,11.210512,75.525796,10.9,3.6,2023-11-13,2024-05-04,,Under Verification,1026,Community Forest Right,True,Land Record Mismatch,High
FRA-04222,Chhattisgarh,Bastar,21.133835,80.703338,9.84,10.07,2025-11-21,2026-03-09,2026-05-04,Approved,0,Community Forest Resource,False,None,None
FRA-04223,Madhya Pradesh,Mandla,22.387934,80.929151,13.75,13.06,2024-10-29,2025-02-12,,Under Verification,675,Community Forest Resource,False,None,None
FRA-04224,Madhya Pradesh,Mandla,23.737599,77.756541,4.28,4.4,2022-03-08,2022-07-27,,Under Verification,1641,Community Forest Resource,False,None,None
FRA-04225,Maharashtra,Nandurbar,19.306249,80.29315,8.33,8.67,2024-09-18,,,Pending,716,Community Forest Resource,False,None,None
FRA-04226,Maharashtra,Gadchiroli,18.766913,73.189657,7.06,6.44,2025-03-10,2022-08-15,2022-10-29,Under Verification,543,Individual Forest Right,True,Delayed Processing,High
FRA-04227,Kerala,Wayanad,10.870739,76.301255,14.24,12.44,2023-01-22,2023-02-03,2023-04-24,Approved,0,Community Forest Resource,False,None,None
FRA-04228,Madhya Pradesh,Mandla,22.035644,77.229176,1.54,1.36,2025-12-25,,,Rejected,0,Community Forest Right,False,None,None
FRA-04229,Madhya Pradesh,Bhopal,22.09301,78.104599,12.39,11.66,2025-09-07,2026-01-03,2026-01-25,Approved,0,Community Forest Resource,False,None,None
FRA-04230,Odisha,Koraput,18.533572,86.26311,4.62,4.38,2023-10-14,2023-11-24,2024-02-10,Approved,0,Community Forest Right,False,None,None
FRA-04231,Odisha,Sundargarh,18.813269,84.210185,34.29,38.52,2025-11-18,,,Rejected,0,Individual Forest Right,True,Unusual Claim Area,High
FRA-04232,Maharashtra,Nandurbar,20.645359,73.969259,2.61,2.42,2024-10-13,,,Rejected,0,Individual Forest Right,False,None,None
FRA-04233,Odisha,Mayurbhanj,19.130201,86.375607,1.05,1.71,2023-12-04,2024-01-17,,Under Verification,1005,Community Forest Right,True,Land Record Mismatch,High
FRA-04234,Kerala,Idukki,11.048794,77.292171,12.76,11.08,2022-06-07,2022-09-15,2022-10-16,Approved,0,Community Forest Resource,False,None,None
FRA-04235,Madhya Pradesh,Bhopal,23.049415,79.318815,6.03,6.9,2025-07-05,2025-12-28,,Under Verification,426,Individual Forest Right,False,None,None
FRA-04236,Chhattisgarh,Kanker,20.741761,81.941405,14.77,13.41,2024-10-31,2024-12-17,2025-01-21,Approved,0,Community Forest Right,False,None,None
FRA-04237,Chhattisgarh,Kanker,22.009768,80.067878,7.56,7.93,2025-08-10,2025-09-14,2025-11-23,Approved,0,Community Forest Resource,False,None,None
FRA-04238,Maharashtra,Gadchiroli,19.370956,77.909859,0.61,0.66,2023-07-08,2023-10-08,2023-10-21,Approved,0,Individual Forest Right,False,None,None
FRA-04239,Jharkhand,Gumla,22.828397,85.559643,3.1,2.66,2024-10-24,,,Pending,680,Individual Forest Right,False,None,None
FRA-04240,Madhya Pradesh,Mandla,23.457518,80.665434,13.74,14.73,2025-03-26,,,Under Verification,527,Community Forest Right,True,Delayed Processing,Medium
FRA-04241,Madhya Pradesh,Mandla,23.482389,79.872732,11.96,10.77,2024-05-18,2024-08-16,2024-09-30,Approved,0,Individual Forest Right,False,None,None
FRA-04242,Jharkhand,Gumla,22.320537,85.069199,4.34,4.37,2025-08-10,,,Pending,390,Individual Forest Right,False,None,None
FRA-04243,Kerala,Palakkad,9.567484,75.38729,1.6,1.81,2022-12-19,2023-04-07,2023-04-25,Approved,0,Individual Forest Right,False,None,None
FRA-04244,Kerala,Idukki,9.936828,75.780921,5.37,5.35,2022-08-16,2022-10-27,,Under Verification,1480,Community Forest Right,False,None,None
FRA-04245,Jharkhand,Gumla,23.804167,84.794973,3.67,4.09,2023-07-29,,,Rejected,0,Individual Forest Right,False,None,None
FRA-04246,Madhya Pradesh,Bhopal,22.527335,78.126765,4.88,4.6,2022-06-21,2022-08-29,2022-11-24,Approved,0,Community Forest Resource,False,None,None
FRA-04247,Kerala,Wayanad,12.393572,75.928273,10.12,10.48,2022-09-30,2023-02-08,,Under Verification,1435,Community Forest Resource,False,None,None
FRA-04248,Chhattisgarh,Dantewada,18.26537,80.917327,7.26,7.53,2025-08-25,,,Pending,375,Community Forest Resource,False,None,None
FRA-04249,Jharkhand,Gumla,22.878842,86.351497,6.82,14.45,2022-06-09,2022-08-02,2022-08-08,Approved,0,Community Forest Right,True,Land Record Mismatch,High
FRA-04250,Chhattisgarh,Dantewada,21.532734,80.570001,8.69,18.75,2022-03-24,2022-04-16,2022-07-08,Approved,0,Community Forest Resource,True,Land Record Mismatch,High
FRA-04251,Chhattisgarh,Kanker,18.227401,80.198149,39.97,45.44,2024-09-17,,,Rejected,0,Community Forest Right,True,Unusual Claim Area,High
FRA-04252,Maharashtra,Nandurbar,18.941879,78.741885,2.51,2.71,2022-06-25,,,Rejected,0,Individual Forest Right,False,None,None
FRA-04253,Jharkhand,Ranchi,23.078452,85.421411,13.01,14.49,2024-08-23,2024-10-11,2024-12-07,Approved,0,Individual Forest Right,False,None,None
FRA-04254,Jharkhand,Ranchi,22.280013,87.486043,12.2,12.49,2022-05-20,,,Rejected,0,Community Forest Right,False,None,None
FRA-04255,Maharashtra,Nashik,18.513532,77.66318,13.75,4.17,2023-10-22,,,Pending,1048,Individual Forest Right,True,Land Record Mismatch,High
FRA-04256,Jharkhand,Gumla,23.809756,85.058181,12.06,12.2,2023-08-08,,,Rejected,0,Individual Forest Right,False,None,None
FRA-04257,Jharkhand,Ranchi,24.031111,85.615902,8.5,8.11,2022-02-22,,,Pending,1655,Community Forest Resource,False,None,None
FRA-04258,Kerala,Kannur,11.381217,75.168747,14.64,16.16,2024-12-18,2025-02-05,2025-03-17,Approved,0,Individual Forest Right,False,None,None
FRA-04259,Kerala,Kannur,11.975899,76.934666,9.23,8.32,2023-09-21,2024-01-22,,Under Verification,1079,Individual Forest Right,False,None,None
FRA-04260,Jharkhand,West Singhbhum,23.069413,84.182561,4.99,5.37,2024-07-28,2024-10-14,2024-12-25,Approved,0,Individual Forest Right,False,None,None
FRA-04261,Maharashtra,Nandurbar,20.959307,78.73478,9.85,9.25,2024-07-01,,,Pending,795,Community Forest Right,False,None,None
FRA-04262,Maharashtra,Chandrapur,19.499591,74.003418,13.49,14.27,2023-05-12,,,Pending,1211,Community Forest Resource,False,None,None
FRA-04263,Maharashtra,Gadchiroli,19.27059,76.964062,12.9,11.43,2023-03-14,,,Rejected,0,Community Forest Resource,False,None,None
FRA-04264,Odisha,Keonjhar,21.147503,85.687275,9.73,8.36,2024-07-31,,,Pending,765,Community Forest Right,False,None,None
FRA-04265,Jharkhand,Ranchi,24.08106,86.208194,5.91,6.74,2022-02-24,2022-03-24,,Under Verification,1653,Individual Forest Right,False,None,None
FRA-04266,Odisha,Koraput,19.10541,83.774398,5.6,5.05,2025-07-31,2025-10-29,2026-01-12,Approved,0,Community Forest Right,False,None,None
FRA-04267,Kerala,Palakkad,10.274998,75.916821,5.46,5.7,2025-07-07,2025-11-02,2025-11-20,Approved,0,Community Forest Right,False,None,None
FRA-04268,Kerala,Idukki,10.79321,75.390032,9.93,9.36,2022-11-15,,,Rejected,0,Individual Forest Right,False,None,None
FRA-04269,Jharkhand,Simdega,22.386135,86.605438,11.84,10.15,2022-09-18,2022-10-07,2022-10-12,Approved,0,Community Forest Resource,False,None,None
FRA-04270,Jharkhand,Ranchi,23.144024,85.315969,2.77,2.41,2025-11-07,2025-12-22,2026-03-02,Approved,0,Individual Forest Right,False,None,None
FRA-04271,Maharashtra,Nashik,19.805664,74.854981,2.97,2.55,2025-03-20,2025-04-19,2025-05-09,Approved,0,Community Forest Right,False,None,None
FRA-04272,Jharkhand,Gumla,23.973049,84.207231,11.12,25.22,2023-12-13,2024-03-04,2024-04-27,Approved,0,Community Forest Resource,True,Land Record Mismatch,Medium
FRA-04273,Maharashtra,Chandrapur,19.090122,75.8099,3.65,3.38,2025-02-17,2023-10-09,2023-10-17,Pending,564,Community Forest Right,True,Delayed Processing,Medium
FRA-04274,Jharkhand,Ranchi,22.74369,87.316752,6.47,5.97,2023-01-17,2023-03-14,2023-04-03,Approved,0,Community Forest Right,False,None,None
FRA-04275,Odisha,Koraput,20.909186,85.127494,11.99,13.39,2024-04-15,2024-06-30,2024-08-29,Approved,0,Individual Forest Right,False,None,None
FRA-04276,Odisha,Mayurbhanj,19.581932,83.801617,0.98,1.61,2023-08-11,2023-11-30,2023-12-10,Approved,0,Community Forest Right,True,Land Record Mismatch,High
FRA-04277,Maharashtra,Chandrapur,21.65014,77.53129,11.14,11.1,2023-08-24,2023-12-05,2024-01-29,Approved,0,Community Forest Right,False,None,None
FRA-04278,Jharkhand,West Singhbhum,23.669199,85.854262,14.35,16.1,2025-09-13,2024-12-15,2024-12-28,Under Verification,356,Community Forest Resource,True,Delayed Processing,Medium
FRA-04279,Maharashtra,Nandurbar,21.779919,77.237046,5.78,6.59,2022-10-30,2023-01-11,2023-02-27,Approved,0,Community Forest Right,False,None,None
FRA-04280,Maharashtra,Gadchiroli,19.590132,74.937234,3.21,3.0,2025-10-27,,,Pending,312,Community Forest Right,False,None,None
FRA-04281,Madhya Pradesh,Mandla,24.110595,80.705069,10.84,10.57,2024-03-22,,,Rejected,0,Community Forest Resource,False,None,None
FRA-04282,Odisha,Mayurbhanj,20.368332,84.114343,10.05,10.26,2022-04-25,2022-06-12,2022-09-10,Approved,0,Community Forest Resource,False,None,None
FRA-04283,Jharkhand,Ranchi,22.779675,86.342874,1.56,1.4,2025-05-12,2025-11-30,,Under Verification,480,Individual Forest Right,True,Delayed Processing,High
FRA-04284,Maharashtra,Gadchiroli,21.03033,75.121471,7.59,8.43,2022-12-08,,,Pending,1366,Individual Forest Right,False,None,None
FRA-04285,Odisha,Koraput,19.322339,84.860991,57.79,53.78,2024-07-12,,,Rejected,0,Community Forest Right,True,Unusual Claim Area,High
FRA-04286,Jharkhand,Ranchi,22.735265,86.66011,13.41,14.91,2022-06-24,,,Pending,1533,Community Forest Right,False,None,None
FRA-04287,Odisha,Sundargarh,21.428195,83.791737,3.2,3.11,2025-09-05,2025-06-17,2025-07-01,Pending,364,Community Forest Right,True,Delayed Processing,High
FRA-04288,Maharashtra,Nandurbar,20.72628,74.428369,14.53,12.69,2025-05-07,2025-06-03,2025-06-26,Approved,0,Community Forest Resource,False,None,None
FRA-04289,Chhattisgarh,Surguja,19.233812,80.771741,8.5,8.07,2024-09-06,2024-12-24,,Under Verification,728,Community Forest Right,False,None,None
FRA-04290,Odisha,Sundargarh,19.147186,86.0145,60.52,51.7,2024-12-02,2025-04-24,,Under Verification,641,Community Forest Resource,True,Unusual Claim Area,Medium
FRA-04291,Maharashtra,Nandurbar,18.9396,78.30314,1.19,1.08,2023-02-03,,,Pending,1309,Community Forest Resource,False,None,None
FRA-04292,Madhya Pradesh,Mandla,24.083009,79.305212,12.85,12.52,2024-04-11,2024-06-26,2024-07-04,Approved,0,Individual Forest Right,False,None,None
FRA-04293,Jharkhand,Simdega,23.042699,84.835036,0.87,0.79,2022-10-21,,,Pending,1414,Community Forest Resource,False,None,None
FRA-04294,Chhattisgarh,Dantewada,21.295068,80.04727,7.32,6.23,2022-11-15,,,Pending,1389,Individual Forest Right,False,None,None
FRA-04295,Jharkhand,Ranchi,22.662161,86.387752,3.63,3.6,2024-07-09,,,Rejected,0,Community Forest Resource,False,None,None
FRA-04296,Chhattisgarh,Kanker,21.154297,82.055716,14.85,15.76,2025-06-28,2025-09-19,2025-11-04,Approved,0,Community Forest Right,False,None,None
FRA-04297,Jharkhand,Gumla,23.52686,86.551271,11.53,13.05,2025-03-21,2025-08-08,,Under Verification,532,Community Forest Right,False,None,None
FRA-04298,Madhya Pradesh,Dindori,22.434653,80.666222,1.74,2.0,2023-12-09,,,Pending,1000,Community Forest Resource,False,None,None
FRA-04299,Jharkhand,Ranchi,23.661984,84.089094,12.09,13.25,2022-03-05,,,Pending,1644,Individual Forest Right,False,None,None
FRA-04300,Odisha,Koraput,20.999884,84.040061,10.99,10.78,2023-07-05,,,Rejected,0,Individual Forest Right,False,None,None
FRA-04301,Chhattisgarh,Dantewada,19.796965,80.776975,6.15,5.66,2022-10-02,,,Pending,1433,Community Forest Right,False,None,None
FRA-04302,Chhattisgarh,Kanker,22.478255,80.305726,5.07,4.84,2022-10-27,2023-02-13,2023-03-02,Approved,0,Community Forest Resource,False,None,None
FRA-04303,Chhattisgarh,Kanker,20.833491,82.7228,4.18,3.67,2025-12-14,,,Pending,264,Community Forest Resource,False,None,None
FRA-04304,Madhya Pradesh,Dindori,22.010536,78.595921,11.74,4.22,2025-04-29,,,Rejected,0,Community Forest Resource,True,Land Record Mismatch,Medium
FRA-04305,Odisha,Sundargarh,19.794829,83.670234,8.84,8.56,2023-09-17,2024-01-27,,Under Verification,1083,Community Forest Resource,False,None,None
FRA-04306,Madhya Pradesh,Bhopal,22.530492,80.586045,10.05,9.91,2023-01-31,,,Rejected,0,Community Forest Resource,False,None,None
FRA-04307,Madhya Pradesh,Mandla,24.433441,78.318465,5.79,5.02,2024-04-21,2024-08-19,,Under Verification,866,Community Forest Resource,False,None,None
FRA-04308,Maharashtra,Chandrapur,21.987583,79.302146,14.56,14.38,2024-05-11,,,Pending,846,Community Forest Resource,False,None,None
FRA-04309,Maharashtra,Gadchiroli,21.766181,77.775564,14.97,14.58,2024-06-25,2024-10-07,2024-11-04,Approved,0,Community Forest Right,False,None,None
FRA-04310,Odisha,Keonjhar,20.788403,85.580081,12.08,12.76,2023-08-16,2023-11-19,2023-11-24,Approved,0,Individual Forest Right,False,None,None
FRA-04311,Kerala,Idukki,12.421505,75.741895,2.0,1.95,2024-05-30,2024-08-11,2024-10-14,Approved,0,Community Forest Right,False,None,None
FRA-04312,Kerala,Idukki,9.943743,75.362814,12.94,13.64,2025-12-04,2022-11-02,,Pending,274,Community Forest Resource,True,Delayed Processing,High
FRA-04313,Kerala,Wayanad,12.250281,75.643434,3.46,1.79,2022-07-26,2022-08-27,2022-11-15,Approved,0,Individual Forest Right,True,Land Record Mismatch,Medium
FRA-04314,Chhattisgarh,Dantewada,18.505608,80.895262,3.51,3.99,2022-06-29,2022-09-28,,Under Verification,1528,Community Forest Resource,False,None,None
FRA-04315,Chhattisgarh,Surguja,22.981132,80.196315,6.87,15.85,2025-10-11,2025-11-06,,Under Verification,328,Community Forest Right,True,Land Record Mismatch,High
FRA-04316,Jharkhand,Ranchi,23.753934,87.050713,13.05,20.98,2025-08-01,,,Pending,399,Community Forest Resource,True,Land Record Mismatch,Medium
FRA-04317,Maharashtra,Nandurbar,20.757351,74.176928,6.27,2.52,2025-03-12,2025-08-20,,Under Verification,541,Individual Forest Right,True,Land Record Mismatch,High
FRA-04318,Maharashtra,Chandrapur,19.386287,73.947972,8.57,8.76,2025-11-07,2026-04-10,,Under Verification,301,Community Forest Resource,False,None,None
FRA-04319,Madhya Pradesh,Dindori,23.85888,78.476589,4.75,4.9,2022-08-07,2022-11-07,,Under Verification,1489,Community Forest Right,False,None,None
FRA-04320,Odisha,Koraput,19.301233,87.142904,14.51,12.82,2025-11-26,2023-07-09,2023-08-20,Under Verification,282,Community Forest Right,True,Delayed Processing,Medium
FRA-04321,Madhya Pradesh,Mandla,22.681762,77.906067,10.39,10.34,2025-12-18,,,Under Verification,260,Individual Forest Right,True,Delayed Processing,High
FRA-04322,Jharkhand,Simdega,23.209707,85.461615,11.42,12.63,2023-05-06,,,Rejected,0,Community Forest Right,False,None,None
FRA-04323,Maharashtra,Chandrapur,21.425059,78.304365,6.12,6.62,2022-10-15,2023-02-11,,Under Verification,1420,Individual Forest Right,False,None,None
FRA-04324,Madhya Pradesh,Mandla,22.222682,78.720131,9.39,20.56,2022-08-05,,,Pending,1491,Community Forest Resource,True,Land Record Mismatch,High
FRA-04325,Odisha,Sundargarh,22.358285,83.064232,11.8,10.44,2022-10-22,,,Pending,1413,Individual Forest Right,False,None,None
FRA-04326,Jharkhand,Simdega,22.81551,84.004237,6.17,5.43,2025-07-19,2022-09-26,2022-12-09,Pending,412,Community Forest Resource,True,Delayed Processing,High
FRA-04327,Jharkhand,Gumla,24.113492,85.668683,4.58,4.5,2025-04-21,,,Pending,501,Individual Forest Right,False,None,None
FRA-04328,Odisha,Mayurbhanj,19.923137,85.970354,1.4,1.34,2023-02-07,2023-05-21,2023-06-02,Approved,0,Community Forest Right,False,None,None
FRA-04329,Kerala,Idukki,9.981391,76.889338,3.2,2.83,2023-03-07,2023-06-04,2023-08-02,Approved,0,Individual Forest Right,False,None,None
FRA-04330,Odisha,Mayurbhanj,22.233907,85.411017,10.41,20.95,2025-03-31,2025-06-26,2025-08-29,Approved,0,Community Forest Resource,True,Land Record Mismatch,High
FRA-04331,Kerala,Palakkad,9.925278,76.781564,10.62,9.89,2024-09-25,,,Pending,709,Community Forest Right,False,None,None
FRA-04332,Chhattisgarh,Dantewada,18.484767,81.384377,2.18,2.38,2024-01-30,2024-07-21,,Under Verification,948,Community Forest Right,False,None,None
FRA-04333,Odisha,Mayurbhanj,20.92198,87.163606,12.2,11.93,2025-03-09,,,Pending,544,Community Forest Resource,False,None,None
FRA-04334,Chhattisgarh,Surguja,20.690595,80.706415,12.13,12.52,2024-08-03,,,Rejected,0,Community Forest Right,False,None,None
FRA-04335,Kerala,Idukki,9.864203,76.450968,10.66,11.52,2023-09-05,2023-10-06,,Under Verification,1095,Community Forest Resource,False,None,None
FRA-04336,Kerala,Wayanad,10.289926,77.276686,5.67,5.35,2022-03-09,,,Pending,1640,Community Forest Right,False,None,None
FRA-04337,Chhattisgarh,Surguja,22.5489,81.650737,14.31,14.29,2022-03-09,2022-06-26,2022-08-17,Approved,0,Community Forest Resource,False,None,None
FRA-04338,Kerala,Kannur,11.409857,76.163105,13.96,11.95,2024-01-25,2024-04-03,2024-06-02,Approved,0,Individual Forest Right,False,None,None
FRA-04339,Madhya Pradesh,Dindori,23.973384,79.635603,6.9,7.55,2024-09-27,2024-12-31,2025-03-28,Approved,0,Individual Forest Right,False,None,None
FRA-04340,Jharkhand,Simdega,23.916384,87.381725,1.93,2.13,2025-01-15,,,Under Verification,597,Individual Forest Right,True,Delayed Processing,Medium
FRA-04341,Odisha,Koraput,19.587784,86.204641,1.41,1.22,2022-11-10,,,Pending,1394,Community Forest Resource,False,None,None
FRA-04342,Chhattisgarh,Surguja,18.440204,82.099982,9.46,8.05,2025-04-13,,,Pending,509,Community Forest Resource,False,None,None
FRA-04343,Madhya Pradesh,Mandla,23.103013,80.611507,12.52,12.32,2025-06-17,,,Pending,444,Community Forest Right,False,None,None
FRA-04344,Odisha,Mayurbhanj,19.462551,85.268082,10.57,9.07,2025-06-09,2025-10-23,,Under Verification,452,Community Forest Resource,False,None,None
FRA-04345,Odisha,Keonjhar,20.006974,85.448836,4.61,5.06,2025-03-23,2023-08-13,2023-09-18,Under Verification,530,Individual Forest Right,True,Delayed Processing,High
FRA-04346,Maharashtra,Gadchiroli,18.828706,75.327648,3.4,2.94,2022-10-10,2022-11-15,2022-11-25,Approved,0,Individual Forest Right,False,None,None
FRA-04347,Jharkhand,Simdega,23.653702,86.587657,12.17,10.49,2024-01-20,,,Pending,958,Community Forest Right,False,None,None
FRA-04348,Madhya Pradesh,Dindori,23.707125,79.957149,9.57,8.69,2023-08-07,,,Rejected,0,Community Forest Resource,False,None,None
FRA-04349,Kerala,Wayanad,12.371352,76.758856,13.79,13.6,2025-01-25,,,Rejected,0,Individual Forest Right,False,None,None
FRA-04350,Kerala,Palakkad,9.776067,75.957265,66.97,64.48,2023-01-21,,,Pending,1322,Community Forest Resource,True,Unusual Claim Area,Medium
FRA-04351,Kerala,Wayanad,11.525484,76.653542,12.45,12.61,2022-05-05,2022-06-14,2022-08-27,Approved,0,Community Forest Right,False,None,None
FRA-04352,Maharashtra,Nashik,21.639337,79.16284,2.54,2.8,2025-06-05,2024-02-18,2024-03-24,Under Verification,456,Community Forest Resource,True,Delayed Processing,High
FRA-04353,Madhya Pradesh,Bhopal,23.51431,79.726406,5.56,6.24,2024-07-13,,,Pending,783,Individual Forest Right,False,None,None
FRA-04354,Maharashtra,Nashik,18.650164,79.458017,10.12,9.3,2025-12-09,2026-03-08,2026-03-31,Approved,0,Individual Forest Right,False,None,None
FRA-04355,Jharkhand,Simdega,23.5576,84.914714,0.65,0.56,2025-08-09,2025-09-12,2025-12-05,Approved,0,Community Forest Right,False,None,None
FRA-04356,Chhattisgarh,Dantewada,21.078569,81.844601,3.92,4.45,2022-07-03,2022-10-29,2023-01-03,Approved,0,Individual Forest Right,False,None,None
FRA-04357,Maharashtra,Nandurbar,19.778577,80.761542,5.14,4.7,2023-08-29,,,Pending,1102,Individual Forest Right,False,None,None
FRA-04358,Kerala,Idukki,11.229447,75.978026,9.43,10.01,2023-04-28,2023-08-08,,Under Verification,1225,Community Forest Resource,False,None,None
FRA-04359,Odisha,Mayurbhanj,18.608875,83.007268,13.88,15.89,2025-12-03,2026-03-16,,Under Verification,275,Community Forest Right,False,None,None
FRA-04360,Odisha,Keonjhar,20.465149,83.635419,6.98,6.05,2025-08-27,,,Pending,373,Community Forest Resource,True,Delayed Processing,High
FRA-04361,Chhattisgarh,Kanker,18.513393,81.955158,7.12,7.37,2022-04-22,2022-08-09,2022-09-15,Approved,0,Community Forest Resource,False,None,None
FRA-04362,Maharashtra,Nandurbar,20.296683,73.20843,14.78,13.34,2025-11-16,2026-02-26,2026-03-09,Approved,0,Community Forest Right,False,None,None
FRA-04363,Chhattisgarh,Bastar,18.273951,80.450543,11.41,11.74,2025-03-08,,,Under Verification,545,Individual Forest Right,True,Delayed Processing,High
FRA-04364,Chhattisgarh,Dantewada,19.073027,80.167516,1.31,0.47,2024-05-23,,,Rejected,0,Individual Forest Right,True,Land Record Mismatch,Medium
FRA-04365,Odisha,Koraput,20.367839,84.932376,12.62,13.09,2022-12-23,2023-01-23,2023-03-31,Approved,0,Individual Forest Right,False,None,None
FRA-04366,Madhya Pradesh,Balaghat,22.53521,78.457686,13.41,7.79,2022-12-29,,,Pending,1345,Community Forest Resource,True,Land Record Mismatch,High
FRA-04367,Chhattisgarh,Surguja,22.224898,80.098633,13.49,13.76,2023-09-01,2023-10-19,2023-12-26,Approved,0,Individual Forest Right,False,None,None
FRA-04368,Jharkhand,West Singhbhum,24.114928,86.643504,11.53,12.94,2025-04-23,2023-02-27,2023-04-10,Under Verification,499,Community Forest Right,True,Delayed Processing,High
FRA-04369,Jharkhand,West Singhbhum,23.458892,87.145287,5.19,10.89,2022-01-10,2022-04-01,2022-05-28,Approved,0,Community Forest Right,True,Land Record Mismatch,Medium
FRA-04370,Odisha,Koraput,18.897742,85.636539,0.58,0.6,2023-11-10,2024-01-17,2024-01-22,Approved,0,Individual Forest Right,False,None,None
FRA-04371,Jharkhand,Simdega,22.94476,86.136245,9.45,8.16,2025-01-22,2025-05-11,2025-06-23,Approved,0,Community Forest Right,False,None,None
FRA-04372,Madhya Pradesh,Dindori,22.55093,79.81649,12.37,11.2,2024-01-31,2024-03-18,2024-04-05,Approved,0,Community Forest Right,False,None,None
FRA-04373,Odisha,Koraput,21.935696,85.833396,2.86,2.98,2022-11-20,2022-12-22,2023-01-10,Approved,0,Individual Forest Right,False,None,None
FRA-04374,Maharashtra,Gadchiroli,18.698233,79.536129,10.96,4.09,2024-02-22,2024-04-06,,Under Verification,925,Community Forest Right,True,Land Record Mismatch,High
FRA-04375,Maharashtra,Nashik,19.054222,79.823983,9.64,9.11,2022-07-19,2022-10-13,2022-11-29,Approved,0,Community Forest Resource,False,None,None
FRA-04376,Maharashtra,Nandurbar,20.920508,77.369495,3.74,3.89,2023-04-10,2023-08-08,2023-11-05,Approved,0,Community Forest Resource,False,None,None
FRA-04377,Kerala,Wayanad,10.799772,75.86862,14.19,15.99,2025-08-14,,,Pending,386,Individual Forest Right,False,None,None
FRA-04378,Chhattisgarh,Dantewada,21.26138,80.96508,2.38,2.03,2025-11-20,2026-02-08,2026-02-24,Approved,0,Community Forest Right,False,None,None
FRA-04379,Maharashtra,Nashik,18.997712,73.506163,1.65,1.84,2024-05-16,2024-07-19,2024-07-27,Approved,0,Community Forest Resource,False,None,None
FRA-04380,Kerala,Wayanad,12.287958,75.134497,10.21,9.54,2023-10-22,,,Pending,1048,Individual Forest Right,False,None,None
FRA-04381,Maharashtra,Nashik,21.599481,80.697171,1.39,1.53,2024-01-12,,,Pending,966,Community Forest Resource,False,None,None
FRA-04382,Chhattisgarh,Surguja,22.555397,82.976214,5.69,6.09,2022-12-11,2023-03-22,2023-05-04,Approved,0,Community Forest Resource,False,None,None
FRA-04383,Maharashtra,Chandrapur,21.254576,80.011322,3.21,3.33,2025-04-10,2024-07-04,2024-07-13,Pending,512,Community Forest Right,True,Delayed Processing,High
FRA-04384,Madhya Pradesh,Mandla,22.777081,78.338378,13.36,13.79,2025-02-13,2025-05-17,2025-07-18,Under Verification,568,Community Forest Resource,True,Delayed Processing,Medium
FRA-04385,Madhya Pradesh,Dindori,22.23169,79.681688,9.01,7.96,2024-01-18,,,Rejected,0,Community Forest Resource,False,None,None
FRA-04386,Odisha,Mayurbhanj,20.019509,85.70426,14.68,15.93,2025-04-19,,,Rejected,0,Individual Forest Right,False,None,None
FRA-04387,Jharkhand,West Singhbhum,23.842653,86.426111,8.95,9.88,2022-10-07,2023-02-01,2023-05-01,Approved,0,Community Forest Right,False,None,None
FRA-04388,Jharkhand,Simdega,23.495078,85.522367,0.8,0.81,2022-12-31,,,Pending,1343,Individual Forest Right,False,None,None
FRA-04389,Chhattisgarh,Kanker,19.770591,80.230873,2.49,2.81,2023-06-15,2023-09-08,2023-11-01,Approved,0,Community Forest Right,False,None,None
FRA-04390,Jharkhand,Gumla,23.759752,86.103153,13.27,13.52,2025-07-24,,,Pending,407,Community Forest Right,False,None,None
FRA-04391,Odisha,Keonjhar,20.869027,83.382601,11.12,5.21,2025-12-18,,,Pending,260,Individual Forest Right,True,Land Record Mismatch,Medium
FRA-04392,Kerala,Palakkad,10.200948,76.183132,5.22,5.48,2022-11-24,2022-12-16,2023-01-24,Approved,0,Community Forest Right,False,None,None
FRA-04393,Madhya Pradesh,Dindori,22.03113,78.861246,11.5,10.11,2025-06-30,,,Pending,431,Community Forest Resource,True,Delayed Processing,High
FRA-04394,Maharashtra,Nashik,21.03785,77.930274,1.09,1.09,2022-05-21,2022-06-22,2022-07-19,Approved,0,Community Forest Resource,False,None,None
FRA-04395,Chhattisgarh,Kanker,22.39595,80.915711,8.03,8.41,2023-05-05,2023-06-12,,Under Verification,1218,Community Forest Resource,False,None,None
FRA-04396,Maharashtra,Gadchiroli,19.661536,75.043289,99.41,102.13,2022-03-12,,,Rejected,0,Individual Forest Right,True,Unusual Claim Area,High
FRA-04397,Kerala,Palakkad,11.033631,75.410156,4.49,3.95,2022-03-31,,,Rejected,0,Community Forest Resource,False,None,None
FRA-04398,Chhattisgarh,Bastar,19.192792,81.476583,4.5,4.17,2025-04-02,2023-04-30,,Pending,520,Community Forest Resource,True,Delayed Processing,High
FRA-04399,Kerala,Wayanad,10.994046,75.557411,13.87,13.96,2023-04-22,2023-05-22,2023-06-16,Approved,0,Community Forest Resource,False,None,None
FRA-04400,Odisha,Mayurbhanj,20.952796,87.173457,7.55,7.37,2024-01-24,2024-05-16,,Under Verification,954,Individual Forest Right,False,None,None
FRA-04401,Jharkhand,West Singhbhum,22.021729,84.187399,2.88,2.89,2022-08-05,,,Rejected,0,Community Forest Right,False,None,None
FRA-04402,Kerala,Kannur,10.798123,76.797586,9.72,10.21,2023-03-13,2023-07-07,2023-09-23,Approved,0,Community Forest Resource,False,None,None
FRA-04403,Chhattisgarh,Surguja,18.219136,82.561042,2.02,1.88,2025-05-25,2025-08-31,2025-11-18,Approved,0,Community Forest Resource,False,None,None
FRA-04404,Chhattisgarh,Bastar,22.209251,81.579924,7.88,15.28,2025-04-30,2025-06-13,2025-09-11,Approved,0,Community Forest Right,True,Land Record Mismatch,High
FRA-04405,Jharkhand,Gumla,23.646783,86.672421,4.69,4.34,2023-09-20,2023-10-27,,Under Verification,1080,Community Forest Right,False,None,None
FRA-04406,Jharkhand,Gumla,23.422519,86.053802,14.15,15.48,2023-10-29,2023-12-14,2024-01-26,Approved,0,Community Forest Right,False,None,None
FRA-04407,Kerala,Idukki,10.954972,76.292029,12.07,12.94,2025-02-13,2023-03-04,2023-05-13,Under Verification,568,Community Forest Right,True,Delayed Processing,High
FRA-04408,Madhya Pradesh,Balaghat,24.23767,78.000009,14.73,28.53,2025-02-16,2025-03-07,2025-04-11,Approved,0,Community Forest Right,True,Land Record Mismatch,Medium
FRA-04409,Odisha,Mayurbhanj,20.960986,85.194543,88.51,79.57,2024-06-22,,,Rejected,0,Individual Forest Right,True,Unusual Claim Area,High
FRA-04410,Chhattisgarh,Surguja,22.853449,82.965005,0.52,0.47,2024-12-15,,,Pending,628,Individual Forest Right,False,None,None
FRA-04411,Chhattisgarh,Surguja,20.374034,80.541283,14.63,16.19,2022-10-27,2022-12-14,2022-12-27,Approved,0,Community Forest Right,False,None,None
FRA-04412,Chhattisgarh,Dantewada,18.246485,82.02437,12.91,22.07,2023-04-26,,,Pending,1227,Individual Forest Right,True,Land Record Mismatch,High
FRA-04413,Madhya Pradesh,Bhopal,23.327445,80.664268,41.14,36.05,2024-01-19,2024-04-07,2024-05-04,Approved,0,Community Forest Resource,True,Unusual Claim Area,Medium
FRA-04414,Odisha,Keonjhar,22.016079,86.272673,8.57,8.18,2024-11-05,,,Pending,668,Community Forest Resource,False,None,None
FRA-04415,Kerala,Wayanad,11.083308,77.279813,12.09,12.46,2025-10-21,2023-08-02,2023-10-09,Under Verification,318,Community Forest Resource,True,Delayed Processing,Medium
FRA-04416,Madhya Pradesh,Dindori,22.638017,77.801897,13.81,14.83,2023-10-16,2024-02-06,2024-03-21,Approved,0,Community Forest Right,False,None,None
FRA-04417,Maharashtra,Nashik,20.849148,79.149227,6.95,7.21,2023-07-08,2023-09-28,2023-10-30,Approved,0,Individual Forest Right,False,None,None
FRA-04418,Odisha,Mayurbhanj,21.81182,87.370155,12.63,10.86,2022-02-20,,,Pending,1657,Community Forest Resource,False,None,None
FRA-04419,Jharkhand,Gumla,22.278979,84.674504,2.44,2.55,2022-01-08,,,Pending,1700,Community Forest Resource,False,None,None
FRA-04420,Jharkhand,Gumla,22.764453,85.680425,3.97,6.62,2022-02-28,2022-04-09,,Under Verification,1649,Community Forest Resource,True,Land Record Mismatch,Medium
FRA-04421,Maharashtra,Nashik,21.738161,80.877352,1.22,1.15,2022-08-17,,,Pending,1479,Community Forest Resource,False,None,None
FRA-04422,Chhattisgarh,Dantewada,21.826181,82.989176,4.72,4.89,2022-12-28,2023-04-29,,Under Verification,1346,Community Forest Resource,False,None,None
FRA-04423,Kerala,Wayanad,10.566987,77.040294,8.34,7.3,2025-03-04,,,Pending,549,Community Forest Right,False,None,None
FRA-04424,Madhya Pradesh,Dindori,23.014225,80.417881,1.32,1.16,2024-12-31,2025-02-26,2025-04-07,Approved,0,Individual Forest Right,False,None,None
FRA-04425,Chhattisgarh,Dantewada,20.187886,80.177286,10.15,9.01,2022-07-19,2022-09-10,2022-11-14,Approved,0,Individual Forest Right,False,None,None
FRA-04426,Madhya Pradesh,Bhopal,22.539017,80.441085,68.41,75.75,2023-10-02,2024-01-19,2024-03-24,Approved,0,Community Forest Right,True,Unusual Claim Area,Medium
FRA-04427,Kerala,Wayanad,11.73526,76.366962,12.13,4.03,2022-06-02,2022-08-09,,Under Verification,1555,Community Forest Resource,True,Land Record Mismatch,Medium
FRA-04428,Chhattisgarh,Kanker,20.035239,82.946986,7.38,6.57,2022-08-20,2022-11-14,2023-02-11,Approved,0,Individual Forest Right,False,None,None
FRA-04429,Kerala,Palakkad,12.365091,76.800214,1.26,1.21,2023-04-22,2023-06-17,2023-06-26,Approved,0,Community Forest Right,False,None,None
FRA-04430,Kerala,Idukki,11.170981,77.331706,10.31,9.26,2022-11-09,,,Pending,1395,Community Forest Right,False,None,None
FRA-04431,Odisha,Keonjhar,20.477248,84.001427,1.61,1.66,2023-09-01,2023-11-26,2023-12-07,Approved,0,Community Forest Right,False,None,None
FRA-04432,Chhattisgarh,Surguja,22.995193,82.776262,13.4,12.03,2023-02-22,2023-04-05,2023-06-04,Approved,0,Community Forest Right,False,None,None
FRA-04433,Kerala,Palakkad,10.002091,77.278779,7.49,6.53,2023-09-15,,,Pending,1085,Community Forest Right,False,None,None
FRA-04434,Odisha,Keonjhar,22.258758,86.402578,4.77,5.14,2025-11-18,2026-02-12,2026-04-12,Approved,0,Individual Forest Right,False,None,None
FRA-04435,Odisha,Keonjhar,20.917154,85.395805,5.94,12.75,2022-06-20,,,Pending,1537,Community Forest Resource,True,Land Record Mismatch,High
FRA-04436,Maharashtra,Nashik,21.650127,74.776917,2.07,3.3,2023-12-14,2024-02-05,2024-03-11,Approved,0,Community Forest Right,True,Land Record Mismatch,High
FRA-04437,Chhattisgarh,Surguja,18.024154,81.041874,79.26,77.26,2025-08-02,,,Pending,398,Community Forest Resource,True,Unusual Claim Area,Medium
FRA-04438,Madhya Pradesh,Balaghat,22.846006,79.873093,5.85,10.31,2024-10-26,,,Pending,678,Community Forest Right,True,Land Record Mismatch,High
FRA-04439,Maharashtra,Nashik,20.297841,79.175572,10.81,5.61,2023-12-17,,,Rejected,0,Community Forest Right,True,Land Record Mismatch,Medium
FRA-04440,Maharashtra,Nandurbar,21.18905,75.612932,7.97,8.17,2024-10-10,2025-03-04,,Under Verification,694,Community Forest Resource,False,None,None
FRA-04441,Jharkhand,West Singhbhum,24.268504,85.68423,3.13,2.96,2022-04-27,,,Rejected,0,Community Forest Resource,False,None,None
FRA-04442,Madhya Pradesh,Dindori,24.408538,79.089754,11.78,6.37,2023-06-20,2023-07-13,2023-10-03,Approved,0,Community Forest Resource,True,Land Record Mismatch,Medium
FRA-04443,Kerala,Palakkad,10.892482,75.427696,6.87,6.06,2022-01-18,,,Rejected,0,Community Forest Resource,False,None,None
FRA-04444,Odisha,Sundargarh,19.262133,83.331825,11.61,12.82,2023-12-20,,,Pending,989,Individual Forest Right,False,None,None
FRA-04445,Madhya Pradesh,Balaghat,22.940676,77.885037,9.65,8.39,2023-10-01,,,Rejected,0,Individual Forest Right,False,None,None
FRA-04446,Maharashtra,Nashik,18.630858,77.515115,14.56,13.64,2025-09-09,2025-11-12,2026-01-19,Approved,0,Individual Forest Right,False,None,None
FRA-04447,Jharkhand,Gumla,22.384234,86.555019,11.71,11.8,2025-04-26,2025-05-15,2025-05-31,Approved,0,Individual Forest Right,False,None,None
FRA-04448,Madhya Pradesh,Balaghat,24.374019,78.938154,9.48,8.35,2023-06-26,2023-09-02,2023-11-21,Approved,0,Community Forest Right,False,None,None
FRA-04449,Jharkhand,Gumla,23.189498,87.398847,2.03,1.98,2025-03-15,,,Rejected,0,Community Forest Resource,False,None,None
FRA-04450,Chhattisgarh,Dantewada,19.54764,82.77943,1.72,2.67,2024-03-29,,,Pending,889,Individual Forest Right,True,Land Record Mismatch,High
FRA-04451,Madhya Pradesh,Balaghat,22.330663,79.518879,10.49,10.17,2022-05-27,,,Pending,1561,Individual Forest Right,False,None,None
FRA-04452,Maharashtra,Chandrapur,21.145773,79.486182,1.09,1.09,2022-02-12,2022-03-13,2022-04-04,Approved,0,Individual Forest Right,False,None,None
FRA-04453,Chhattisgarh,Dantewada,20.798015,80.654532,14.69,15.19,2023-10-15,2024-01-28,2024-02-06,Approved,0,Individual Forest Right,False,None,None
FRA-04454,Maharashtra,Gadchiroli,20.935754,77.530338,11.95,12.76,2022-08-18,2022-10-15,2022-12-18,Approved,0,Community Forest Resource,False,None,None
FRA-04455,Jharkhand,Ranchi,22.099165,87.432565,4.58,1.69,2022-06-17,,,Rejected,0,Community Forest Resource,True,Land Record Mismatch,High
FRA-04456,Chhattisgarh,Surguja,18.560369,81.143402,11.71,13.16,2025-04-23,2025-09-09,,Under Verification,499,Individual Forest Right,False,None,None
FRA-04457,Jharkhand,West Singhbhum,22.364635,84.220196,13.18,11.28,2022-11-16,,,Rejected,0,Community Forest Right,False,None,None
FRA-04458,Maharashtra,Nashik,19.264582,73.288269,2.78,2.59,2025-06-12,2022-12-18,,Under Verification,449,Community Forest Resource,True,Delayed Processing,Medium
FRA-04459,Maharashtra,Gadchiroli,19.325339,76.732841,5.51,6.07,2023-11-05,2023-12-06,2024-01-17,Approved,0,Community Forest Right,False,None,None
FRA-04460,Kerala,Palakkad,10.756791,75.61277,5.93,5.44,2025-09-12,,,Pending,357,Community Forest Resource,False,None,None
FRA-04461,Jharkhand,West Singhbhum,24.35756,86.953525,14.44,12.94,2022-11-13,2022-12-04,2023-01-04,Approved,0,Community Forest Resource,False,None,None
FRA-04462,Chhattisgarh,Bastar,19.175529,82.334441,6.52,6.37,2024-08-04,2024-10-19,2024-11-14,Approved,0,Community Forest Resource,False,None,None
FRA-04463,Jharkhand,Ranchi,23.247495,84.683558,1.4,1.58,2023-09-05,,,Pending,1095,Community Forest Resource,False,None,None
FRA-04464,Maharashtra,Nashik,19.669674,79.935707,11.49,6.71,2025-03-08,2025-06-06,2025-07-01,Approved,0,Community Forest Resource,True,Land Record Mismatch,High
FRA-04465,Madhya Pradesh,Mandla,23.980022,78.971022,14.77,13.87,2025-05-04,2025-06-15,2025-07-31,Approved,0,Community Forest Right,False,None,None
FRA-04466,Kerala,Idukki,12.22786,75.860431,7.2,2.4,2023-05-18,,,Pending,1205,Community Forest Right,True,Land Record Mismatch,High
FRA-04467,Maharashtra,Nandurbar,20.542449,74.396105,13.68,13.53,2025-04-14,2023-07-05,2023-08-01,Under Verification,508,Community Forest Right,True,Delayed Processing,High
FRA-04468,Kerala,Idukki,9.88427,77.153109,11.64,12.58,2023-08-17,2023-11-13,,Under Verification,1114,Community Forest Right,False,None,None
FRA-04469,Kerala,Wayanad,10.067314,76.823848,10.94,9.81,2022-07-25,,,Rejected,0,Community Forest Right,False,None,None
FRA-04470,Odisha,Keonjhar,19.936414,87.119334,8.53,8.67,2025-07-28,2023-04-27,2023-06-10,Pending,403,Community Forest Right,True,Delayed Processing,High
FRA-04471,Jharkhand,West Singhbhum,23.286738,84.56669,2.42,2.61,2025-05-02,2025-09-04,,Under Verification,490,Community Forest Resource,True,Delayed Processing,High
FRA-04472,Kerala,Palakkad,11.493617,77.432986,14.68,16.18,2025-06-13,,,Pending,448,Individual Forest Right,False,None,None
FRA-04473,Kerala,Kannur,11.416489,75.183063,94.0,104.62,2025-10-08,,,Pending,331,Individual Forest Right,True,Unusual Claim Area,Medium
FRA-04474,Madhya Pradesh,Mandla,23.871737,79.11331,9.73,10.72,2023-03-10,2023-04-20,2023-07-12,Approved,0,Community Forest Resource,False,None,None
FRA-04475,Madhya Pradesh,Bhopal,22.895474,78.850587,10.98,10.67,2022-03-21,,,Pending,1628,Individual Forest Right,False,None,None
FRA-04476,Maharashtra,Nashik,21.521946,75.914322,5.85,5.74,2026-01-02,,,Under Verification,245,Individual Forest Right,True,Delayed Processing,Medium
FRA-04477,Kerala,Wayanad,9.686362,76.611157,12.9,12.11,2022-01-31,2022-04-09,2022-06-15,Approved,0,Individual Forest Right,False,None,None
FRA-04478,Kerala,Kannur,10.507694,76.41465,2.62,2.73,2025-07-11,2025-07-22,2025-10-16,Approved,0,Community Forest Right,False,None,None
FRA-04479,Chhattisgarh,Kanker,22.356676,82.429557,6.55,6.01,2025-08-06,2025-09-24,2025-10-30,Approved,0,Individual Forest Right,False,None,None
FRA-04480,Jharkhand,Simdega,22.571708,86.088543,13.04,14.53,2024-09-01,2024-11-20,,Under Verification,733,Individual Forest Right,False,None,None
FRA-04481,Jharkhand,Simdega,22.33507,84.772594,12.01,6.99,2023-06-11,,,Rejected,0,Community Forest Resource,True,Land Record Mismatch,High
FRA-04482,Maharashtra,Gadchiroli,19.65212,75.403711,11.0,19.63,2025-05-03,,,Rejected,0,Community Forest Right,True,Land Record Mismatch,Medium
FRA-04483,Chhattisgarh,Surguja,20.442847,81.008146,12.05,13.67,2024-09-18,,,Rejected,0,Community Forest Right,False,None,None
FRA-04484,Odisha,Sundargarh,22.149975,85.501337,9.05,8.18,2023-08-13,2023-11-19,2023-12-31,Approved,0,Community Forest Resource,False,None,None
FRA-04485,Odisha,Mayurbhanj,18.988477,83.042408,4.85,4.98,2024-03-29,2024-07-14,2024-09-17,Approved,0,Community Forest Right,False,None,None
FRA-04486,Odisha,Keonjhar,19.334971,86.325092,9.91,10.57,2024-06-20,,,Rejected,0,Community Forest Right,False,None,None
FRA-04487,Chhattisgarh,Dantewada,20.972777,82.548762,3.62,3.69,2023-05-10,2023-05-22,,Under Verification,1213,Community Forest Resource,False,None,None
FRA-04488,Kerala,Palakkad,11.463063,76.845583,14.16,14.56,2025-09-11,2025-12-11,2026-02-01,Approved,0,Individual Forest Right,False,None,None
FRA-04489,Jharkhand,West Singhbhum,23.670483,84.763686,3.05,2.92,2025-12-01,2024-01-10,2024-03-17,Pending,277,Community Forest Resource,True,Delayed Processing,Medium
FRA-04490,Madhya Pradesh,Bhopal,23.11227,77.487687,3.95,3.6,2025-03-29,2025-03-15,2025-04-26,Pending,524,Individual Forest Right,True,Delayed Processing,Medium
FRA-04491,Odisha,Sundargarh,20.816573,84.401595,8.52,9.51,2024-09-01,2024-09-19,2024-10-23,Approved,0,Community Forest Resource,False,None,None
FRA-04492,Maharashtra,Nandurbar,19.394161,78.570495,7.95,8.15,2022-04-26,2022-07-16,,Under Verification,1592,Individual Forest Right,False,None,None
FRA-04493,Odisha,Sundargarh,19.136197,87.088763,3.59,1.17,2023-07-29,2023-11-15,2023-12-15,Approved,0,Community Forest Resource,True,Land Record Mismatch,High
FRA-04494,Jharkhand,West Singhbhum,23.395888,84.536095,10.57,10.51,2022-07-30,2022-09-28,2022-12-26,Approved,0,Individual Forest Right,False,None,None
FRA-04495,Madhya Pradesh,Dindori,24.153303,79.994522,5.63,6.18,2024-02-09,,,Pending,938,Community Forest Resource,False,None,None
FRA-04496,Chhattisgarh,Surguja,22.829042,82.214695,8.01,8.17,2025-11-27,2023-09-19,2023-10-30,Pending,281,Individual Forest Right,True,Delayed Processing,Medium
FRA-04497,Madhya Pradesh,Mandla,22.953802,79.548866,8.36,7.89,2022-02-28,2022-06-13,2022-07-04,Approved,0,Individual Forest Right,False,None,None
FRA-04498,Jharkhand,Ranchi,23.789416,86.625682,6.43,5.79,2025-11-03,2025-11-28,2026-02-11,Approved,0,Individual Forest Right,False,None,None
FRA-04499,Chhattisgarh,Bastar,20.137704,81.062314,1.85,1.96,2022-05-07,,,Rejected,0,Individual Forest Right,False,None,None
FRA-04500,Maharashtra,Nashik,18.314137,78.361274,7.91,8.34,2023-07-09,2023-08-13,2023-08-21,Approved,0,Community Forest Resource,False,None,None
FRA-04501,Odisha,Keonjhar,21.759496,86.434879,14.52,15.56,2024-08-18,2024-09-28,,Under Verification,747,Community Forest Right,False,None,None
FRA-04502,Jharkhand,Simdega,24.169542,85.754992,1.91,3.24,2022-12-25,2023-03-01,,Under Verification,1349,Community Forest Right,True,Land Record Mismatch,Medium
FRA-04503,Kerala,Idukki,10.889999,76.264117,6.01,6.69,2024-11-26,2024-09-12,,Pending,647,Community Forest Resource,True,Delayed Processing,High
FRA-04504,Jharkhand,West Singhbhum,23.066892,87.277201,8.85,9.31,2022-02-09,,,Pending,1668,Individual Forest Right,False,None,None
FRA-04505,Jharkhand,Ranchi,24.37143,85.473014,9.44,9.08,2023-03-05,2023-06-20,2023-07-27,Approved,0,Individual Forest Right,False,None,None
FRA-04506,Kerala,Idukki,9.692334,76.68122,0.7,0.75,2023-06-17,2023-08-21,2023-10-31,Approved,0,Individual Forest Right,False,None,None
FRA-04507,Odisha,Sundargarh,18.700336,83.024056,1.48,1.55,2022-11-15,2023-01-29,2023-04-06,Approved,0,Community Forest Resource,False,None,None
FRA-04508,Chhattisgarh,Bastar,20.962084,82.132773,8.94,9.32,2024-09-03,2024-09-25,2024-12-03,Approved,0,Individual Forest Right,False,None,None
FRA-04509,Maharashtra,Gadchiroli,21.814361,77.274287,81.59,80.53,2024-04-26,2024-05-18,2024-07-29,Approved,0,Community Forest Resource,True,Unusual Claim Area,High
FRA-04510,Madhya Pradesh,Bhopal,23.278541,80.860862,6.75,6.63,2023-10-17,,,Rejected,0,Individual Forest Right,False,None,None
FRA-04511,Odisha,Koraput,19.835165,86.08756,9.41,14.87,2022-08-08,2022-11-29,,Under Verification,1488,Individual Forest Right,True,Land Record Mismatch,High
FRA-04512,Madhya Pradesh,Balaghat,22.208615,79.45716,12.16,13.62,2025-03-12,2025-04-21,2025-06-06,Approved,0,Community Forest Resource,False,None,None
FRA-04513,Jharkhand,West Singhbhum,24.000262,86.741968,5.5,5.69,2024-10-04,2024-11-30,2024-12-13,Approved,0,Community Forest Resource,False,None,None
FRA-04514,Chhattisgarh,Surguja,20.18647,82.632336,9.58,9.11,2024-02-25,2024-03-20,2024-05-22,Approved,0,Individual Forest Right,False,None,None
FRA-04515,Odisha,Keonjhar,20.639207,83.874317,3.0,2.63,2023-02-04,2023-03-15,2023-05-01,Approved,0,Individual Forest Right,False,None,None
FRA-04516,Odisha,Sundargarh,18.549501,85.130255,14.88,14.5,2025-07-23,2025-11-22,,Under Verification,408,Community Forest Right,False,None,None
FRA-04517,Kerala,Idukki,10.783683,75.788259,10.78,3.94,2022-08-24,,,Pending,1472,Individual Forest Right,True,Land Record Mismatch,High
FRA-04518,Chhattisgarh,Surguja,22.527481,81.530311,14.12,32.05,2023-07-27,,,Rejected,0,Individual Forest Right,True,Land Record Mismatch,High
FRA-04519,Chhattisgarh,Surguja,21.820736,81.137735,1.28,1.36,2024-05-01,2024-07-03,2024-09-25,Approved,0,Community Forest Right,False,None,None
FRA-04520,Kerala,Palakkad,11.136539,76.973007,4.75,5.3,2022-06-10,2022-07-01,2022-07-27,Approved,0,Individual Forest Right,False,None,None
FRA-04521,Kerala,Palakkad,10.290865,77.078071,0.87,0.84,2024-07-28,,,Rejected,0,Community Forest Resource,False,None,None
FRA-04522,Kerala,Kannur,10.764744,75.956108,6.62,3.24,2025-12-31,,,Rejected,0,Individual Forest Right,True,Land Record Mismatch,High
FRA-04523,Jharkhand,West Singhbhum,24.137398,85.704475,4.21,4.65,2022-03-10,2022-08-10,,Under Verification,1639,Community Forest Resource,False,None,None
FRA-04524,Jharkhand,Ranchi,23.873367,86.666705,8.04,9.21,2022-04-23,2022-06-27,,Under Verification,1595,Community Forest Right,False,None,None
FRA-04525,Madhya Pradesh,Balaghat,22.83833,80.021188,3.16,3.38,2022-08-21,2023-01-02,,Under Verification,1475,Community Forest Resource,False,None,None
FRA-04526,Chhattisgarh,Bastar,19.055826,81.992936,6.84,6.62,2024-06-11,,,Rejected,0,Community Forest Resource,False,None,None
FRA-04527,Odisha,Sundargarh,20.535099,85.286951,10.88,11.35,2024-08-14,,,Pending,751,Community Forest Right,False,None,None
FRA-04528,Odisha,Sundargarh,20.976873,86.957213,7.25,7.43,2022-06-24,2022-09-18,2022-10-04,Approved,0,Community Forest Resource,False,None,None
FRA-04529,Odisha,Sundargarh,18.768146,86.903878,1.29,1.24,2026-02-15,2026-02-14,,Pending,201,Community Forest Resource,True,Delayed Processing,High
FRA-04530,Kerala,Palakkad,12.344765,76.904812,10.22,11.64,2024-03-14,,,Pending,904,Community Forest Resource,False,None,None
FRA-04531,Maharashtra,Chandrapur,18.584402,73.167001,3.22,1.22,2023-11-09,2023-12-18,2023-12-29,Approved,0,Individual Forest Right,True,Land Record Mismatch,Medium
FRA-04532,Kerala,Kannur,12.49308,75.934797,1.88,2.05,2023-03-19,2023-07-14,2023-09-29,Approved,0,Community Forest Right,False,None,None
FRA-04533,Jharkhand,West Singhbhum,22.132611,86.491991,9.64,9.84,2025-11-12,2025-11-25,2026-02-07,Approved,0,Community Forest Resource,False,None,None
FRA-04534,Kerala,Palakkad,11.765502,76.476469,1.28,1.38,2023-02-26,,,Pending,1286,Community Forest Right,False,None,None
FRA-04535,Jharkhand,Ranchi,22.358694,86.628676,7.01,6.99,2022-11-08,2023-02-07,2023-03-09,Approved,0,Community Forest Resource,False,None,None
FRA-04536,Odisha,Sundargarh,21.502473,87.468521,10.96,19.77,2022-09-04,2022-10-09,2023-01-07,Approved,0,Individual Forest Right,True,Land Record Mismatch,Medium
FRA-04537,Madhya Pradesh,Balaghat,24.175358,80.649006,0.96,1.04,2025-03-27,2025-06-24,,Under Verification,526,Individual Forest Right,False,None,None
FRA-04538,Chhattisgarh,Surguja,18.520009,82.032219,0.96,0.93,2023-05-31,2023-07-11,2023-09-16,Approved,0,Individual Forest Right,False,None,None
FRA-04539,Madhya Pradesh,Balaghat,22.747351,79.533995,5.01,4.7,2025-07-06,2025-10-26,2026-01-04,Approved,0,Community Forest Right,False,None,None
FRA-04540,Jharkhand,Gumla,24.112602,86.658752,11.86,11.75,2025-09-12,,,Rejected,0,Community Forest Right,False,None,None
FRA-04541,Kerala,Palakkad,12.38546,76.604477,3.08,2.65,2022-08-01,,,Pending,1495,Community Forest Right,False,None,None
FRA-04542,Maharashtra,Nandurbar,18.323629,75.725221,1.76,1.75,2023-11-22,2024-04-05,,Under Verification,1017,Community Forest Right,False,None,None
FRA-04543,Chhattisgarh,Bastar,19.124562,80.821578,1.38,1.53,2025-12-04,,,Under Verification,274,Community Forest Resource,True,Delayed Processing,High
FRA-04544,Jharkhand,West Singhbhum,22.42925,84.321671,5.59,2.98,2024-05-18,2024-08-24,2024-11-05,Approved,0,Community Forest Right,True,Land Record Mismatch,High
FRA-04545,Maharashtra,Chandrapur,20.785188,76.588448,1.9,2.12,2024-08-06,2024-08-24,2024-11-10,Approved,0,Individual Forest Right,False,None,None
FRA-04546,Kerala,Wayanad,10.977963,76.803282,7.43,7.8,2024-09-29,,,Pending,705,Individual Forest Right,False,None,None
FRA-04547,Kerala,Kannur,11.232263,76.059734,2.83,4.28,2023-11-21,2024-02-03,2024-03-16,Approved,0,Community Forest Resource,True,Land Record Mismatch,Medium
FRA-04548,Kerala,Wayanad,10.760133,76.957733,4.66,5.22,2023-11-29,,,Rejected,0,Community Forest Resource,False,None,None
FRA-04549,Madhya Pradesh,Dindori,23.356996,79.930335,12.57,12.95,2024-11-12,,,Pending,661,Community Forest Resource,False,None,None
FRA-04550,Chhattisgarh,Kanker,18.038544,82.165096,2.55,2.46,2024-04-04,,,Pending,883,Community Forest Resource,False,None,None
FRA-04551,Chhattisgarh,Dantewada,19.835246,82.910321,11.2,11.17,2024-01-24,,,Rejected,0,Community Forest Right,False,None,None
FRA-04552,Kerala,Kannur,12.160475,75.535909,8.91,8.27,2024-05-07,2024-05-19,2024-07-27,Approved,0,Individual Forest Right,False,None,None
FRA-04553,Chhattisgarh,Kanker,19.730058,81.381485,0.78,0.68,2022-12-02,2023-01-20,2023-02-24,Approved,0,Community Forest Right,False,None,None
FRA-04554,Kerala,Wayanad,11.215985,77.095752,5.07,5.78,2025-08-17,,,Pending,383,Community Forest Right,False,None,None
FRA-04555,Maharashtra,Nandurbar,20.637986,76.391585,3.07,3.35,2023-06-03,,,Pending,1189,Individual Forest Right,False,None,None
FRA-04556,Maharashtra,Nandurbar,21.221856,80.734254,1.36,1.55,2022-05-05,2022-06-16,2022-07-31,Approved,0,Community Forest Resource,False,None,None
FRA-04557,Maharashtra,Nashik,19.091342,78.03169,10.0,9.22,2025-05-19,,,Rejected,0,Community Forest Resource,False,None,None
FRA-04558,Chhattisgarh,Kanker,21.779268,81.838435,3.44,3.45,2025-10-06,,,Under Verification,333,Community Forest Right,True,Delayed Processing,Medium
FRA-04559,Maharashtra,Gadchiroli,21.838368,74.683149,13.12,12.86,2025-01-07,2025-03-06,2025-04-24,Approved,0,Individual Forest Right,False,None,None
FRA-04560,Chhattisgarh,Surguja,18.185725,82.424807,9.71,10.68,2025-07-17,,,Pending,414,Community Forest Right,False,None,None
FRA-04561,Chhattisgarh,Surguja,18.665348,81.739293,8.08,7.78,2024-11-23,2025-02-17,2025-04-14,Approved,0,Individual Forest Right,False,None,None
FRA-04562,Chhattisgarh,Surguja,18.882548,82.726104,11.81,12.61,2022-04-28,,,Pending,1590,Community Forest Resource,False,None,None
FRA-04563,Chhattisgarh,Dantewada,21.313331,81.301761,8.25,9.24,2025-07-17,2024-09-15,2024-11-15,Under Verification,414,Community Forest Resource,True,Delayed Processing,High
FRA-04564,Maharashtra,Nashik,18.300944,80.966974,14.76,12.75,2025-08-28,,,Pending,372,Community Forest Right,False,None,None
FRA-04565,Maharashtra,Nandurbar,18.868833,75.892407,10.54,9.85,2025-10-01,2025-11-12,2025-12-04,Approved,0,Individual Forest Right,False,None,None
FRA-04566,Kerala,Palakkad,10.224838,75.699137,8.56,8.49,2023-01-20,2023-02-12,2023-04-25,Approved,0,Community Forest Resource,False,None,None
FRA-04567,Madhya Pradesh,Dindori,23.885733,77.324248,2.55,2.4,2024-03-30,2024-05-25,2024-07-29,Approved,0,Community Forest Right,False,None,None
FRA-04568,Jharkhand,Gumla,23.498546,85.21884,11.6,12.67,2025-09-14,,,Pending,355,Individual Forest Right,False,None,None
FRA-04569,Jharkhand,Gumla,23.381891,86.36914,4.84,4.44,2025-08-20,,,Rejected,0,Individual Forest Right,False,None,None
FRA-04570,Madhya Pradesh,Dindori,23.084224,79.747049,10.65,9.57,2025-04-08,2026-05-23,,Pending,514,Individual Forest Right,True,Delayed Processing,High
FRA-04571,Odisha,Koraput,19.741838,86.399898,11.34,10.81,2025-05-28,,,Pending,464,Community Forest Right,False,None,None
FRA-04572,Odisha,Mayurbhanj,22.465593,86.783937,9.47,9.16,2022-05-06,,,Pending,1582,Community Forest Resource,False,None,None
FRA-04573,Maharashtra,Nashik,19.826098,74.195991,2.55,2.5,2024-02-15,,,Rejected,0,Community Forest Right,False,None,None
FRA-04574,Chhattisgarh,Kanker,22.749016,80.031433,7.7,17.75,2024-01-15,,,Rejected,0,Community Forest Resource,True,Land Record Mismatch,High
FRA-04575,Jharkhand,Gumla,24.140964,86.421579,13.51,11.92,2024-01-04,2024-03-24,2024-05-16,Approved,0,Community Forest Resource,False,None,None
FRA-04576,Madhya Pradesh,Bhopal,24.326613,79.062887,13.15,4.04,2022-03-18,,,Pending,1631,Community Forest Right,True,Land Record Mismatch,Medium
FRA-04577,Odisha,Keonjhar,22.211768,83.985697,8.99,9.43,2022-10-22,2023-01-05,,Under Verification,1413,Community Forest Right,False,None,None
FRA-04578,Odisha,Mayurbhanj,19.348511,83.572261,4.9,5.59,2025-06-13,2025-09-29,2025-10-14,Approved,0,Community Forest Resource,False,None,None
FRA-04579,Maharashtra,Chandrapur,20.623816,80.279495,6.33,6.52,2023-03-04,2023-05-14,,Under Verification,1280,Community Forest Right,False,None,None
FRA-04580,Jharkhand,Simdega,23.468143,84.145573,0.69,0.74,2025-10-11,,,Rejected,0,Community Forest Resource,False,None,None
FRA-04581,Madhya Pradesh,Bhopal,24.098697,80.288889,3.53,3.96,2026-01-25,,,Under Verification,222,Community Forest Resource,True,Delayed Processing,High
FRA-04582,Maharashtra,Gadchiroli,18.255386,79.619539,14.73,15.56,2025-03-29,,,Rejected,0,Community Forest Resource,False,None,None
FRA-04583,Chhattisgarh,Bastar,19.376976,80.397007,6.89,7.92,2024-10-07,,,Pending,697,Community Forest Resource,True,Delayed Processing,High
FRA-04584,Chhattisgarh,Bastar,21.904067,80.561281,4.66,4.47,2022-06-03,,,Pending,1554,Community Forest Right,False,None,None
FRA-04585,Madhya Pradesh,Balaghat,23.860118,79.283825,2.67,2.6,2023-06-22,,,Rejected,0,Community Forest Resource,False,None,None
FRA-04586,Maharashtra,Nashik,19.303796,77.90608,8.5,3.45,2023-07-11,2023-07-22,2023-10-11,Approved,0,Community Forest Resource,True,Land Record Mismatch,High
FRA-04587,Chhattisgarh,Dantewada,21.207333,82.82633,10.47,10.07,2024-11-11,,,Pending,662,Individual Forest Right,False,None,None
FRA-04588,Odisha,Sundargarh,20.022252,84.012674,12.94,14.6,2022-04-07,,,Rejected,0,Individual Forest Right,False,None,None
FRA-04589,Maharashtra,Chandrapur,19.088861,76.130697,2.07,4.41,2022-07-19,2022-11-05,2022-12-08,Approved,0,Community Forest Right,True,Land Record Mismatch,Medium
FRA-04590,Madhya Pradesh,Mandla,22.072734,78.395629,0.8,0.8,2024-01-09,,,Pending,969,Community Forest Right,False,None,None
FRA-04591,Odisha,Sundargarh,20.651306,85.585195,12.48,12.39,2025-12-03,2026-05-11,,Under Verification,275,Community Forest Resource,False,None,None
FRA-04592,Odisha,Sundargarh,19.56621,85.077511,13.21,14.57,2022-03-27,,,Rejected,0,Individual Forest Right,False,None,None
FRA-04593,Madhya Pradesh,Dindori,24.020068,77.073116,2.31,2.06,2024-05-15,2024-08-02,,Under Verification,842,Community Forest Right,False,None,None
FRA-04594,Chhattisgarh,Surguja,21.377882,80.683634,1.67,1.46,2025-07-19,,,Pending,412,Community Forest Resource,False,None,None
FRA-04595,Jharkhand,Gumla,22.586385,85.575063,14.88,4.5,2022-08-12,,,Rejected,0,Individual Forest Right,True,Land Record Mismatch,Medium
FRA-04596,Odisha,Keonjhar,22.412947,84.124507,8.24,8.9,2025-06-11,2022-03-27,2022-04-28,Under Verification,450,Community Forest Resource,True,Delayed Processing,Medium
FRA-04597,Chhattisgarh,Surguja,20.08423,81.210234,13.53,13.74,2024-04-27,,,Rejected,0,Community Forest Resource,False,None,None
FRA-04598,Odisha,Koraput,18.625498,86.219882,13.66,13.97,2023-12-18,2024-02-21,,Under Verification,991,Community Forest Right,False,None,None
FRA-04599,Jharkhand,Simdega,24.162896,84.185979,61.78,54.49,2023-03-29,,,Pending,1255,Community Forest Resource,True,Unusual Claim Area,High
FRA-04600,Madhya Pradesh,Dindori,23.135236,80.866521,10.83,4.38,2022-08-07,,,Rejected,0,Community Forest Right,True,Land Record Mismatch,Medium
FRA-04601,Odisha,Sundargarh,20.125371,86.998722,10.04,9.56,2022-08-15,,,Pending,1481,Community Forest Right,False,None,None
FRA-04602,Odisha,Sundargarh,21.873661,87.098147,6.17,6.24,2024-01-12,2024-05-01,2024-06-15,Approved,0,Individual Forest Right,False,None,None
FRA-04603,Kerala,Kannur,10.159496,77.327902,7.7,7.55,2025-05-22,,,Pending,470,Community Forest Resource,False,None,None
FRA-04604,Madhya Pradesh,Balaghat,23.656766,78.102128,13.88,15.12,2023-04-23,2023-09-23,,Under Verification,1230,Community Forest Right,False,None,None
FRA-04605,Chhattisgarh,Kanker,19.905988,82.917468,7.9,7.45,2025-08-16,2025-11-16,2026-01-10,Approved,0,Community Forest Right,False,None,None
FRA-04606,Chhattisgarh,Kanker,20.019481,82.136989,8.29,7.2,2024-02-06,,,Rejected,0,Community Forest Resource,False,None,None
FRA-04607,Odisha,Koraput,21.019793,83.347546,14.69,29.48,2022-08-21,,,Rejected,0,Individual Forest Right,True,Land Record Mismatch,Medium
FRA-04608,Odisha,Keonjhar,20.324962,86.736976,11.94,11.75,2022-12-26,2023-03-25,2023-04-13,Approved,0,Community Forest Right,False,None,None
FRA-04609,Madhya Pradesh,Dindori,23.393913,80.524508,5.52,5.6,2025-09-26,2025-12-14,,Under Verification,343,Individual Forest Right,False,None,None
FRA-04610,Chhattisgarh,Surguja,21.481089,82.042415,4.91,4.95,2023-09-22,2023-10-05,2023-12-06,Approved,0,Community Forest Right,False,None,None
FRA-04611,Chhattisgarh,Dantewada,18.52177,81.46131,6.41,6.29,2024-10-06,,,Pending,698,Individual Forest Right,True,Delayed Processing,High
FRA-04612,Kerala,Idukki,10.287627,75.822007,1.75,1.51,2023-10-10,2023-11-29,2023-12-13,Approved,0,Community Forest Resource,False,None,None
FRA-04613,Chhattisgarh,Surguja,18.522352,82.765667,7.95,7.79,2023-09-30,,,Pending,1070,Community Forest Right,False,None,None
FRA-04614,Madhya Pradesh,Dindori,22.119887,80.327982,78.24,74.71,2022-08-29,2022-10-19,2022-11-20,Approved,0,Individual Forest Right,True,Unusual Claim Area,High
FRA-04615,Madhya Pradesh,Bhopal,24.047496,78.52468,91.68,84.2,2025-10-10,2026-01-15,2026-02-27,Approved,0,Community Forest Right,True,Unusual Claim Area,High
FRA-04616,Jharkhand,Simdega,22.018014,86.166822,3.42,2.98,2024-10-03,,,Pending,701,Individual Forest Right,False,None,None
FRA-04617,Jharkhand,Ranchi,23.434614,85.686728,1.98,2.25,2023-12-08,2024-03-01,2024-04-20,Approved,0,Community Forest Resource,False,None,None
FRA-04618,Kerala,Idukki,10.480675,76.937006,42.24,40.9,2024-02-25,,,Pending,922,Community Forest Resource,True,Unusual Claim Area,High
FRA-04619,Madhya Pradesh,Bhopal,23.337746,77.964975,8.05,8.98,2024-02-23,,,Rejected,0,Individual Forest Right,False,None,None
FRA-04620,Jharkhand,Gumla,24.44759,86.28249,0.84,0.86,2022-03-06,,,Pending,1643,Community Forest Right,False,None,None
FRA-04621,Kerala,Kannur,10.326421,75.850963,3.92,4.11,2024-02-13,,,Pending,934,Community Forest Resource,False,None,None
FRA-04622,Kerala,Wayanad,11.522221,76.536685,7.92,8.72,2024-09-08,2024-09-24,2024-10-02,Approved,0,Community Forest Resource,False,None,None
FRA-04623,Jharkhand,Gumla,23.786243,84.485483,14.98,13.56,2023-02-28,,,Rejected,0,Community Forest Right,False,None,None
FRA-04624,Maharashtra,Chandrapur,18.237002,79.649189,2.62,2.74,2022-04-02,2022-04-18,2022-05-26,Approved,0,Community Forest Right,False,None,None
FRA-04625,Chhattisgarh,Surguja,22.216764,80.492916,90.29,102.79,2024-01-20,2024-02-25,2024-03-07,Approved,0,Community Forest Resource,True,Unusual Claim Area,High
FRA-04626,Jharkhand,Gumla,23.922169,86.952141,1.9,2.0,2023-12-12,,,Rejected,0,Community Forest Right,False,None,None
FRA-04627,Chhattisgarh,Dantewada,18.296182,81.139534,1.4,1.2,2025-02-24,,,Pending,557,Community Forest Right,False,None,None
FRA-04628,Odisha,Koraput,21.302628,83.403715,9.99,9.22,2024-03-03,2024-06-22,2024-07-05,Approved,0,Individual Forest Right,False,None,None
FRA-04629,Kerala,Palakkad,10.802629,76.049724,10.9,4.67,2022-11-17,,,Pending,1387,Community Forest Resource,True,Land Record Mismatch,Medium
FRA-04630,Kerala,Palakkad,10.001764,76.301621,3.45,3.81,2025-06-01,2025-07-29,,Under Verification,460,Community Forest Resource,False,None,None
FRA-04631,Odisha,Keonjhar,19.969131,87.071123,8.7,7.8,2022-05-11,,,Pending,1577,Community Forest Right,False,None,None
FRA-04632,Odisha,Mayurbhanj,20.885948,85.802022,7.15,6.93,2023-10-07,2023-12-21,2024-02-29,Approved,0,Community Forest Resource,False,None,None
FRA-04633,Kerala,Idukki,12.485722,75.50462,3.23,3.22,2024-05-17,2024-07-24,2024-08-05,Approved,0,Community Forest Resource,False,None,None
FRA-04634,Madhya Pradesh,Bhopal,22.41913,79.509632,4.06,4.24,2025-12-04,2026-04-19,,Under Verification,274,Individual Forest Right,False,None,None
FRA-04635,Kerala,Idukki,10.035663,75.753266,11.19,10.23,2024-10-06,2024-03-07,2024-04-23,Under Verification,698,Community Forest Resource,True,Delayed Processing,High
FRA-04636,Kerala,Palakkad,11.355295,77.213927,14.57,14.84,2022-09-18,2022-11-14,2022-12-25,Approved,0,Community Forest Resource,False,None,None
FRA-04637,Chhattisgarh,Surguja,21.446244,82.795904,5.42,6.18,2024-12-21,2024-01-26,2024-03-07,Pending,622,Community Forest Resource,True,Delayed Processing,High
FRA-04638,Kerala,Palakkad,12.416371,75.639389,1.98,1.9,2023-10-20,2023-11-12,2023-11-19,Approved,0,Community Forest Resource,False,None,None
FRA-04639,Madhya Pradesh,Bhopal,24.002054,80.277011,2.85,3.18,2022-10-14,2022-12-06,2023-01-26,Approved,0,Individual Forest Right,False,None,None
FRA-04640,Jharkhand,Gumla,22.340996,84.536521,5.65,5.24,2023-06-21,2023-08-12,,Under Verification,1171,Individual Forest Right,False,None,None
FRA-04641,Kerala,Palakkad,10.737381,77.497844,2.35,2.21,2023-10-17,2023-12-26,2024-01-13,Approved,0,Individual Forest Right,False,None,None
FRA-04642,Odisha,Keonjhar,18.998545,85.780409,7.58,8.4,2025-03-12,,,Pending,541,Community Forest Resource,True,Delayed Processing,Medium
FRA-04643,Madhya Pradesh,Balaghat,22.446528,79.146931,3.2,3.59,2025-12-17,,,Pending,261,Community Forest Right,False,None,None
FRA-04644,Odisha,Sundargarh,20.943318,83.182803,3.29,3.18,2025-02-26,,,Rejected,0,Community Forest Right,False,None,None
FRA-04645,Jharkhand,Ranchi,23.41893,84.865696,3.4,3.45,2023-12-27,2024-02-18,2024-03-11,Approved,0,Community Forest Resource,False,None,None
FRA-04646,Kerala,Kannur,10.81112,76.945487,9.64,8.21,2023-01-09,2023-04-13,,Under Verification,1334,Individual Forest Right,False,None,None
FRA-04647,Kerala,Palakkad,9.543629,76.529895,9.43,9.24,2025-05-28,2025-11-07,,Under Verification,464,Individual Forest Right,False,None,None
FRA-04648,Jharkhand,West Singhbhum,23.238608,85.991437,92.08,95.61,2025-03-05,2025-05-21,2025-06-08,Approved,0,Community Forest Right,True,Unusual Claim Area,Medium
FRA-04649,Maharashtra,Nashik,19.091491,73.941679,3.9,4.09,2025-05-10,,,Pending,482,Individual Forest Right,False,None,None
FRA-04650,Odisha,Koraput,19.949147,83.508853,12.8,12.14,2024-03-22,2024-07-25,,Under Verification,896,Individual Forest Right,False,None,None
FRA-04651,Chhattisgarh,Kanker,22.397736,80.102782,7.82,8.56,2025-05-23,2025-07-27,2025-10-04,Approved,0,Community Forest Resource,False,None,None
FRA-04652,Odisha,Keonjhar,19.350122,83.400022,2.84,2.47,2025-12-29,,,Pending,249,Individual Forest Right,False,None,None
FRA-04653,Odisha,Keonjhar,21.869495,83.930353,9.4,9.13,2024-01-15,,,Pending,963,Individual Forest Right,False,None,None
FRA-04654,Madhya Pradesh,Bhopal,22.849783,78.75579,62.27,63.64,2023-02-24,,,Pending,1288,Individual Forest Right,True,Unusual Claim Area,Medium
FRA-04655,Maharashtra,Chandrapur,20.192022,77.878598,9.31,10.67,2024-12-03,2025-01-14,2025-02-08,Approved,0,Community Forest Right,False,None,None
FRA-04656,Maharashtra,Chandrapur,21.076564,74.336545,1.97,1.88,2025-01-27,2025-04-01,2025-04-23,Approved,0,Individual Forest Right,False,None,None
FRA-04657,Maharashtra,Gadchiroli,20.206225,78.457027,1.19,1.22,2025-06-21,,,Pending,440,Community Forest Right,False,None,None
FRA-04658,Kerala,Wayanad,10.375431,75.895683,1.36,1.3,2025-09-24,2025-11-03,2025-12-12,Approved,0,Community Forest Right,False,None,None
FRA-04659,Kerala,Palakkad,12.410828,76.720122,13.68,14.84,2025-10-21,2023-07-09,2023-08-04,Under Verification,318,Community Forest Right,True,Delayed Processing,High
FRA-04660,Kerala,Idukki,11.56795,76.748403,11.23,10.15,2023-11-29,2024-03-10,2024-05-04,Approved,0,Community Forest Right,False,None,None
FRA-04661,Chhattisgarh,Surguja,18.130837,82.863075,7.08,3.25,2023-07-21,2023-10-25,2023-11-29,Approved,0,Community Forest Right,True,Land Record Mismatch,High
FRA-04662,Jharkhand,Gumla,22.047902,84.34264,9.89,8.71,2022-11-09,2023-02-25,2023-04-20,Approved,0,Community Forest Right,False,None,None
FRA-04663,Chhattisgarh,Bastar,21.027216,81.464651,2.84,2.93,2024-08-16,,,Pending,749,Community Forest Right,False,None,None
FRA-04664,Kerala,Palakkad,10.573845,77.284589,12.55,13.25,2025-06-29,2025-09-07,2025-10-25,Approved,0,Individual Forest Right,False,None,None
FRA-04665,Madhya Pradesh,Dindori,22.137189,79.682848,5.58,5.08,2024-10-18,,,Pending,686,Community Forest Right,False,None,None
FRA-04666,Madhya Pradesh,Mandla,24.245302,77.942678,11.57,13.03,2025-12-10,,,Under Verification,268,Community Forest Right,True,Delayed Processing,Medium
FRA-04667,Chhattisgarh,Bastar,21.423258,80.969992,3.98,3.41,2023-02-13,2023-04-11,,Under Verification,1299,Community Forest Right,False,None,None
FRA-04668,Maharashtra,Nashik,19.086431,79.107949,13.78,11.99,2023-04-29,2023-05-21,2023-07-10,Approved,0,Community Forest Right,False,None,None
FRA-04669,Maharashtra,Nandurbar,20.440753,80.895388,11.38,12.04,2022-11-20,2023-02-21,2023-04-22,Approved,0,Community Forest Right,False,None,None
FRA-04670,Odisha,Mayurbhanj,18.570471,86.962307,9.42,10.82,2025-08-07,2025-11-04,,Under Verification,393,Individual Forest Right,False,None,None
FRA-04671,Chhattisgarh,Bastar,19.778915,81.142944,5.47,6.06,2025-12-24,2026-03-07,2026-03-23,Approved,0,Community Forest Right,False,None,None
FRA-04672,Jharkhand,Gumla,22.821751,86.614111,4.87,4.39,2024-11-20,,,Rejected,0,Individual Forest Right,False,None,None
FRA-04673,Odisha,Mayurbhanj,21.822888,85.301816,5.15,4.67,2025-05-04,2025-07-31,2025-10-16,Approved,0,Community Forest Right,False,None,None
FRA-04674,Maharashtra,Nashik,19.421145,76.505008,5.07,4.67,2025-08-06,2025-09-07,2025-09-27,Approved,0,Community Forest Right,False,None,None
FRA-04675,Madhya Pradesh,Dindori,22.7355,80.8184,4.68,4.18,2025-11-18,2026-05-11,,Under Verification,290,Community Forest Right,False,None,None
FRA-04676,Madhya Pradesh,Balaghat,22.770427,80.919837,7.79,6.64,2024-07-15,2024-07-28,,Under Verification,781,Individual Forest Right,False,None,None
FRA-04677,Chhattisgarh,Dantewada,21.171972,82.875897,9.94,10.15,2023-06-02,2023-06-14,2023-08-02,Approved,0,Community Forest Resource,False,None,None
FRA-04678,Kerala,Kannur,10.10302,77.321437,14.05,12.65,2022-11-09,,,Rejected,0,Community Forest Right,False,None,None
FRA-04679,Odisha,Keonjhar,22.264571,83.912146,7.55,7.57,2024-09-12,,,Pending,722,Community Forest Resource,False,None,None
FRA-04680,Odisha,Sundargarh,20.41737,86.849785,3.2,3.29,2024-04-16,,,Rejected,0,Individual Forest Right,False,None,None
FRA-04681,Kerala,Palakkad,10.118371,75.331479,9.42,9.59,2025-01-05,2025-03-06,,Pending,607,Community Forest Resource,True,Delayed Processing,Medium
FRA-04682,Jharkhand,Ranchi,23.507568,85.346826,4.8,4.95,2025-06-30,2025-09-17,2025-11-06,Approved,0,Community Forest Resource,False,None,None
FRA-04683,Jharkhand,Simdega,23.056174,84.431141,6.53,5.63,2023-03-04,,,Pending,1280,Community Forest Right,False,None,None
FRA-04684,Kerala,Palakkad,10.694983,77.047819,7.97,7.21,2022-11-19,2023-03-26,,Under Verification,1385,Community Forest Resource,False,None,None
FRA-04685,Jharkhand,Ranchi,22.767123,84.296202,0.66,0.74,2024-02-23,2024-04-20,2024-07-12,Approved,0,Individual Forest Right,False,None,None
FRA-04686,Chhattisgarh,Surguja,22.76592,81.355387,9.19,10.32,2024-10-30,2024-11-14,2025-01-12,Approved,0,Individual Forest Right,False,None,None
FRA-04687,Madhya Pradesh,Balaghat,22.714008,79.993761,7.5,8.26,2022-05-26,2022-06-11,2022-07-03,Approved,0,Individual Forest Right,False,None,None
FRA-04688,Kerala,Palakkad,12.211862,77.183169,9.57,10.89,2025-07-31,,,Pending,400,Individual Forest Right,False,None,None
FRA-04689,Kerala,Palakkad,11.27762,75.385143,14.31,14.16,2022-10-29,2023-02-17,2023-03-20,Approved,0,Community Forest Resource,False,None,None
FRA-04690,Maharashtra,Nandurbar,18.890352,77.610758,83.42,82.66,2022-08-05,,,Pending,1491,Individual Forest Right,True,Unusual Claim Area,High
FRA-04691,Maharashtra,Nashik,20.406452,76.512035,14.87,14.38,2024-06-15,2024-08-04,,Under Verification,811,Individual Forest Right,False,None,None
FRA-04692,Kerala,Idukki,10.04703,76.482891,6.06,6.74,2024-04-15,2024-06-02,2024-07-09,Approved,0,Community Forest Resource,False,None,None
FRA-04693,Jharkhand,Simdega,23.148773,84.692838,13.53,12.13,2022-02-17,2022-03-07,2022-04-20,Approved,0,Community Forest Resource,False,None,None
FRA-04694,Kerala,Idukki,11.928465,76.536012,2.29,2.29,2024-06-18,2024-07-20,2024-10-08,Approved,0,Individual Forest Right,False,None,None
FRA-04695,Chhattisgarh,Bastar,21.796007,81.553159,3.95,4.12,2025-04-13,2025-05-30,2025-06-14,Approved,0,Community Forest Resource,False,None,None
FRA-04696,Madhya Pradesh,Bhopal,23.751876,79.531895,70.0,66.64,2023-02-04,2023-03-29,2023-04-03,Approved,0,Community Forest Right,True,Unusual Claim Area,High
FRA-04697,Odisha,Mayurbhanj,21.887628,83.768638,1.9,3.84,2022-12-07,,,Pending,1367,Individual Forest Right,True,Land Record Mismatch,Medium
FRA-04698,Jharkhand,Ranchi,23.685433,86.071659,14.69,16.72,2023-01-02,2023-01-19,2023-03-31,Approved,0,Community Forest Right,False,None,None
FRA-04699,Madhya Pradesh,Dindori,22.581609,77.962106,2.0,1.99,2023-10-18,,,Pending,1052,Individual Forest Right,False,None,None
FRA-04700,Madhya Pradesh,Balaghat,23.189578,80.7088,3.04,3.36,2023-11-17,,,Pending,1022,Community Forest Right,False,None,None
FRA-04701,Chhattisgarh,Surguja,22.655579,82.388232,3.55,3.39,2024-06-02,2024-08-14,2024-10-24,Approved,0,Individual Forest Right,False,None,None
FRA-04702,Jharkhand,Simdega,23.968432,84.973137,6.79,7.45,2023-07-17,,,Rejected,0,Individual Forest Right,False,None,None
FRA-04703,Chhattisgarh,Bastar,21.961517,80.301394,1.35,3.16,2025-05-21,,,Pending,471,Community Forest Resource,True,Land Record Mismatch,High
FRA-04704,Madhya Pradesh,Bhopal,24.066602,77.21272,4.64,4.01,2023-01-27,,,Rejected,0,Community Forest Right,False,None,None
FRA-04705,Kerala,Kannur,11.028116,76.275622,0.71,0.77,2024-12-24,,,Under Verification,619,Individual Forest Right,True,Delayed Processing,Medium
FRA-04706,Madhya Pradesh,Dindori,23.237947,78.530187,1.21,1.19,2024-03-24,,,Pending,894,Community Forest Resource,False,None,None
FRA-04707,Kerala,Idukki,12.112465,76.28146,10.45,21.23,2022-07-03,,,Pending,1524,Community Forest Right,True,Land Record Mismatch,Medium
FRA-04708,Kerala,Kannur,11.741515,75.870213,42.93,43.15,2023-06-08,,,Pending,1184,Individual Forest Right,True,Unusual Claim Area,Medium
FRA-04709,Chhattisgarh,Bastar,21.521523,82.091736,12.66,11.42,2026-02-15,2025-08-14,,Pending,201,Community Forest Right,True,Delayed Processing,High
FRA-04710,Odisha,Keonjhar,20.027161,85.089991,9.59,9.01,2023-11-03,,,Pending,1036,Community Forest Resource,False,None,None
FRA-04711,Madhya Pradesh,Bhopal,24.324469,79.362978,6.59,7.03,2025-06-01,2025-07-16,2025-09-05,Approved,0,Community Forest Right,False,None,None
FRA-04712,Madhya Pradesh,Mandla,22.223223,77.346598,9.63,4.27,2024-06-26,,,Rejected,0,Community Forest Right,True,Land Record Mismatch,Medium
FRA-04713,Kerala,Kannur,11.169076,75.669082,6.5,7.08,2025-01-07,,,Pending,605,Community Forest Resource,False,None,None
FRA-04714,Madhya Pradesh,Dindori,22.316196,78.238087,8.09,8.9,2022-05-26,,,Pending,1562,Community Forest Resource,False,None,None
FRA-04715,Jharkhand,Gumla,22.565811,84.982749,13.5,11.7,2024-01-28,2024-05-25,2024-07-08,Approved,0,Community Forest Right,False,None,None
FRA-04716,Chhattisgarh,Bastar,21.954404,82.341569,6.44,5.85,2024-04-06,2024-07-15,2024-10-02,Approved,0,Individual Forest Right,False,None,None
FRA-04717,Kerala,Idukki,11.25264,77.303539,14.31,22.26,2025-12-06,2026-01-09,2026-01-22,Approved,0,Community Forest Right,True,Land Record Mismatch,Medium
FRA-04718,Maharashtra,Nashik,18.971135,76.502997,1.95,1.98,2024-01-14,,,Rejected,0,Community Forest Right,False,None,None
FRA-04719,Maharashtra,Chandrapur,20.906584,80.381313,10.0,10.92,2025-12-08,,,Under Verification,270,Individual Forest Right,True,Delayed Processing,High
FRA-04720,Jharkhand,Simdega,22.970687,85.212611,12.93,13.68,2022-07-26,,,Pending,1501,Community Forest Right,False,None,None
FRA-04721,Jharkhand,West Singhbhum,22.237819,85.60435,11.99,10.59,2022-06-20,,,Rejected,0,Community Forest Right,False,None,None
FRA-04722,Madhya Pradesh,Bhopal,23.305773,79.628543,10.54,10.94,2025-03-06,2025-05-02,2025-07-18,Approved,0,Community Forest Resource,False,None,None
FRA-04723,Maharashtra,Nandurbar,21.216013,80.073519,3.15,3.36,2023-11-26,2024-02-02,2024-03-31,Approved,0,Individual Forest Right,False,None,None
FRA-04724,Kerala,Palakkad,10.062598,77.179383,9.31,9.67,2025-08-15,2025-08-31,2025-11-10,Approved,0,Community Forest Resource,False,None,None
FRA-04725,Jharkhand,Gumla,23.879598,86.866936,3.46,1.6,2022-11-26,,,Pending,1378,Community Forest Resource,True,Land Record Mismatch,High
FRA-04726,Kerala,Wayanad,9.693643,75.601105,13.56,13.74,2023-03-21,2023-04-01,2023-05-11,Approved,0,Individual Forest Right,False,None,None
FRA-04727,Jharkhand,West Singhbhum,22.861738,85.08247,11.16,12.48,2025-03-07,,,Pending,546,Community Forest Right,False,None,None
FRA-04728,Madhya Pradesh,Mandla,23.081629,79.943128,2.65,2.53,2025-01-27,,,Pending,585,Community Forest Resource,False,None,None
FRA-04729,Madhya Pradesh,Mandla,23.526462,77.572081,13.8,14.77,2025-02-28,2025-04-29,2025-05-28,Approved,0,Individual Forest Right,False,None,None
FRA-04730,Maharashtra,Gadchiroli,20.065346,74.54322,8.06,8.98,2024-12-22,,,Rejected,0,Individual Forest Right,False,None,None
FRA-04731,Jharkhand,West Singhbhum,22.198811,86.451655,6.14,12.88,2024-08-30,2025-01-03,,Under Verification,735,Community Forest Resource,True,Land Record Mismatch,High
FRA-04732,Chhattisgarh,Dantewada,21.113916,81.072547,4.44,4.49,2025-06-11,,,Pending,450,Community Forest Resource,False,None,None
FRA-04733,Madhya Pradesh,Mandla,22.240723,77.553034,5.25,4.72,2024-06-29,,,Rejected,0,Community Forest Right,False,None,None
FRA-04734,Madhya Pradesh,Dindori,22.844612,78.351871,5.17,4.65,2023-08-28,,,Rejected,0,Community Forest Resource,False,None,None
FRA-04735,Kerala,Kannur,10.825712,77.402333,10.88,17.0,2022-07-27,2022-10-18,2022-11-06,Approved,0,Community Forest Resource,True,Land Record Mismatch,Medium
FRA-04736,Madhya Pradesh,Mandla,24.189176,77.087805,3.99,1.86,2025-09-06,,,Rejected,0,Community Forest Resource,True,Land Record Mismatch,Medium
FRA-04737,Kerala,Wayanad,12.306827,75.776655,4.75,4.29,2024-08-30,,,Pending,735,Individual Forest Right,False,None,None
FRA-04738,Odisha,Sundargarh,22.207955,83.832336,6.45,5.8,2023-04-11,2023-06-24,2023-09-21,Approved,0,Individual Forest Right,False,None,None
FRA-04739,Odisha,Keonjhar,21.606272,84.394488,10.0,9.35,2025-05-09,2023-07-19,,Under Verification,483,Community Forest Resource,True,Delayed Processing,Medium
FRA-04740,Jharkhand,West Singhbhum,22.254311,85.611736,10.91,9.89,2024-08-25,,,Pending,740,Community Forest Resource,False,None,None
FRA-04741,Madhya Pradesh,Mandla,22.991988,78.677487,7.25,7.46,2024-02-02,2024-05-18,2024-05-28,Approved,0,Community Forest Right,False,None,None
FRA-04742,Jharkhand,Gumla,22.796284,86.425915,2.43,2.11,2025-07-05,,,Pending,426,Individual Forest Right,False,None,None
FRA-04743,Odisha,Sundargarh,21.532422,86.873617,14.62,13.93,2022-02-17,2022-03-06,2022-04-12,Approved,0,Individual Forest Right,False,None,None
FRA-04744,Odisha,Sundargarh,21.905785,86.750097,6.04,2.49,2024-02-06,,,Rejected,0,Individual Forest Right,True,Land Record Mismatch,High
FRA-04745,Chhattisgarh,Bastar,20.255008,81.622028,3.09,3.48,2023-03-11,,,Pending,1273,Individual Forest Right,False,None,None
FRA-04746,Jharkhand,Ranchi,22.293821,84.793897,7.43,7.19,2022-03-01,2022-08-28,,Under Verification,1648,Individual Forest Right,False,None,None
FRA-04747,Kerala,Palakkad,9.957972,76.829582,8.03,16.95,2022-10-16,2022-12-24,2023-02-28,Approved,0,Community Forest Right,True,Land Record Mismatch,High
FRA-04748,Jharkhand,Simdega,22.511265,84.651829,92.13,90.51,2024-10-31,2025-01-02,2025-03-31,Approved,0,Community Forest Right,True,Unusual Claim Area,Medium
FRA-04749,Kerala,Idukki,10.811639,75.861288,5.41,5.82,2025-01-29,2025-05-24,2025-07-06,Approved,0,Community Forest Resource,False,None,None
FRA-04750,Maharashtra,Nandurbar,19.108152,76.587533,4.01,3.87,2025-10-27,2026-01-28,2026-04-21,Approved,0,Community Forest Right,False,None,None
FRA-04751,Madhya Pradesh,Dindori,22.86468,77.734359,8.06,9.21,2023-03-02,2023-03-23,2023-06-06,Approved,0,Community Forest Resource,False,None,None
FRA-04752,Jharkhand,Gumla,22.648969,86.194729,4.47,4.55,2024-09-06,,,Pending,728,Community Forest Right,False,None,None
FRA-04753,Jharkhand,Gumla,23.460477,86.306276,1.62,1.85,2022-02-07,2022-04-25,2022-07-07,Approved,0,Individual Forest Right,False,None,None
FRA-04754,Jharkhand,West Singhbhum,24.184181,87.321346,14.55,16.19,2025-05-23,,,Under Verification,469,Community Forest Resource,True,Delayed Processing,High
FRA-04755,Chhattisgarh,Bastar,19.652556,82.108714,10.14,11.18,2024-08-21,,,Pending,744,Individual Forest Right,False,None,None
FRA-04756,Chhattisgarh,Bastar,20.026251,80.7856,6.4,5.62,2024-04-08,2024-05-17,,Under Verification,879,Individual Forest Right,False,None,None
FRA-04757,Chhattisgarh,Bastar,19.465367,80.215238,12.95,13.77,2022-09-14,,,Pending,1451,Community Forest Right,False,None,None
FRA-04758,Maharashtra,Gadchiroli,20.126586,79.646782,6.74,2.91,2023-10-07,,,Rejected,0,Individual Forest Right,True,Land Record Mismatch,High
FRA-04759,Jharkhand,Ranchi,23.99966,86.582882,8.72,9.02,2024-08-06,2024-11-28,2025-01-14,Approved,0,Individual Forest Right,False,None,None
FRA-04760,Chhattisgarh,Dantewada,19.541212,82.213896,4.31,2.22,2024-02-06,2024-05-14,2024-08-11,Approved,0,Community Forest Right,True,Land Record Mismatch,High
FRA-04761,Madhya Pradesh,Dindori,23.357494,77.558295,14.14,12.78,2024-08-06,,,Rejected,0,Community Forest Resource,False,None,None
FRA-04762,Madhya Pradesh,Bhopal,22.14966,77.329055,61.0,64.4,2022-03-07,,,Rejected,0,Community Forest Right,True,Unusual Claim Area,High
FRA-04763,Odisha,Sundargarh,21.237756,84.109697,10.46,9.57,2025-02-21,2025-05-19,2025-06-01,Approved,0,Community Forest Resource,False,None,None
FRA-04764,Kerala,Wayanad,11.14939,77.058273,4.0,3.87,2023-06-22,,,Pending,1170,Community Forest Resource,False,None,None
FRA-04765,Maharashtra,Gadchiroli,20.097488,76.12034,7.98,15.38,2023-02-27,2023-06-17,2023-08-19,Approved,0,Individual Forest Right,True,Land Record Mismatch,High
FRA-04766,Kerala,Palakkad,10.89872,76.562823,4.26,4.0,2025-06-03,,,Pending,458,Community Forest Resource,False,None,None
FRA-04767,Maharashtra,Gadchiroli,20.407591,76.036816,13.98,12.0,2023-09-01,,,Pending,1099,Individual Forest Right,False,None,None
FRA-04768,Jharkhand,Gumla,24.304793,85.489909,6.38,7.31,2024-10-25,2025-03-28,,Under Verification,679,Community Forest Right,False,None,None
FRA-04769,Chhattisgarh,Surguja,19.339566,80.901589,13.66,15.59,2024-11-24,2022-09-03,2022-10-13,Pending,649,Community Forest Right,True,Delayed Processing,Medium
FRA-04770,Maharashtra,Nandurbar,20.741905,79.617685,53.89,47.36,2022-06-13,2022-06-27,2022-07-25,Approved,0,Individual Forest Right,True,Unusual Claim Area,Medium
FRA-04771,Kerala,Idukki,9.734798,75.958205,4.54,4.3,2022-08-10,,,Rejected,0,Individual Forest Right,False,None,None
FRA-04772,Chhattisgarh,Dantewada,18.039254,82.299197,12.96,12.77,2025-09-27,2024-11-29,2024-12-10,Pending,342,Community Forest Resource,True,Delayed Processing,Medium
FRA-04773,Jharkhand,Ranchi,23.189526,85.004287,59.55,68.42,2023-08-11,2023-10-14,2023-12-17,Approved,0,Individual Forest Right,True,Unusual Claim Area,High
FRA-04774,Madhya Pradesh,Bhopal,24.042601,80.95686,2.53,2.9,2024-12-18,2025-04-30,,Under Verification,625,Community Forest Right,True,Delayed Processing,Medium
FRA-04775,Chhattisgarh,Bastar,21.734946,81.643944,8.3,7.25,2025-10-18,2024-08-04,,Pending,321,Community Forest Right,True,Delayed Processing,High
FRA-04776,Chhattisgarh,Bastar,22.557659,82.041051,13.25,11.86,2024-01-19,2024-06-05,,Under Verification,959,Individual Forest Right,False,None,None
FRA-04777,Kerala,Palakkad,11.567964,75.052401,8.38,7.79,2022-09-19,2022-12-22,,Under Verification,1446,Community Forest Resource,False,None,None
FRA-04778,Jharkhand,West Singhbhum,24.257502,85.600437,12.56,13.33,2025-08-28,,,Rejected,0,Community Forest Right,False,None,None
FRA-04779,Odisha,Keonjhar,19.701777,86.71575,7.3,7.64,2024-06-16,2024-07-25,2024-08-13,Approved,0,Community Forest Resource,False,None,None
FRA-04780,Jharkhand,West Singhbhum,22.527226,86.358215,2.39,4.85,2023-08-29,2023-12-09,2024-02-06,Approved,0,Community Forest Resource,True,Land Record Mismatch,High
FRA-04781,Chhattisgarh,Bastar,22.037276,82.400948,0.71,0.79,2025-02-10,,,Pending,571,Community Forest Right,False,None,None
FRA-04782,Chhattisgarh,Dantewada,18.952022,80.562337,12.14,11.59,2023-01-19,,,Pending,1324,Individual Forest Right,False,None,None
FRA-04783,Jharkhand,Simdega,22.460645,86.610654,3.01,5.82,2024-06-17,,,Rejected,0,Community Forest Resource,True,Land Record Mismatch,Medium
FRA-04784,Kerala,Idukki,11.207322,76.234088,5.99,6.21,2023-10-03,,,Pending,1067,Community Forest Resource,False,None,None
FRA-04785,Kerala,Wayanad,11.1896,76.01173,9.64,8.97,2025-09-17,2025-11-27,,Under Verification,352,Individual Forest Right,False,None,None
FRA-04786,Chhattisgarh,Surguja,21.941037,80.516487,13.4,14.86,2024-11-07,,,Pending,666,Individual Forest Right,False,None,None
FRA-04787,Madhya Pradesh,Balaghat,22.446953,80.952574,5.7,5.07,2022-12-08,2023-03-03,2023-04-07,Approved,0,Community Forest Right,False,None,None
FRA-04788,Jharkhand,Ranchi,23.322843,85.849186,4.73,9.63,2024-07-04,2024-10-30,2024-11-05,Approved,0,Community Forest Right,True,Land Record Mismatch,High
FRA-04789,Odisha,Koraput,21.57587,87.070525,3.28,2.83,2024-03-14,2024-03-31,2024-05-26,Approved,0,Community Forest Resource,False,None,None
FRA-04790,Kerala,Idukki,10.886145,76.074022,1.06,1.05,2025-10-02,2023-02-20,2023-03-27,Pending,337,Community Forest Resource,True,Delayed Processing,High
FRA-04791,Odisha,Keonjhar,18.56244,86.700422,40.81,45.8,2024-08-06,,,Rejected,0,Individual Forest Right,True,Unusual Claim Area,High
FRA-04792,Kerala,Kannur,11.325251,75.642908,11.62,12.47,2024-06-02,2024-09-17,,Under Verification,824,Community Forest Right,False,None,None
FRA-04793,Jharkhand,West Singhbhum,23.933124,87.263295,11.11,10.29,2025-06-11,2025-07-21,,Under Verification,450,Community Forest Resource,False,None,None
FRA-04794,Maharashtra,Chandrapur,18.033435,73.040377,13.61,11.62,2025-11-29,2026-03-16,2026-05-16,Approved,0,Community Forest Right,False,None,None
FRA-04795,Maharashtra,Chandrapur,19.956416,73.780967,11.49,10.59,2023-01-01,2023-02-03,2023-02-26,Approved,0,Community Forest Resource,False,None,None
FRA-04796,Kerala,Palakkad,10.16961,76.068746,11.67,10.5,2022-10-17,2022-12-19,,Under Verification,1418,Community Forest Right,False,None,None
FRA-04797,Odisha,Koraput,18.962425,84.241744,7.33,7.12,2024-08-03,,,Pending,762,Community Forest Right,False,None,None
FRA-04798,Madhya Pradesh,Bhopal,23.745784,77.201853,0.78,0.75,2022-06-26,2022-08-06,,Under Verification,1531,Community Forest Right,False,None,None
FRA-04799,Chhattisgarh,Surguja,20.497889,82.256472,9.54,9.9,2023-02-27,2023-07-17,,Under Verification,1285,Individual Forest Right,False,None,None
FRA-04800,Odisha,Koraput,19.013578,87.367341,9.81,9.48,2023-04-07,2023-05-27,2023-07-15,Approved,0,Community Forest Resource,False,None,None
FRA-04801,Maharashtra,Gadchiroli,20.593992,77.027001,5.87,6.35,2024-08-01,2024-11-07,2024-12-09,Approved,0,Individual Forest Right,False,None,None
FRA-04802,Kerala,Palakkad,12.313157,76.22801,10.15,10.26,2023-07-17,2023-10-03,2023-12-28,Approved,0,Individual Forest Right,False,None,None
FRA-04803,Kerala,Palakkad,11.39304,75.219099,7.85,13.04,2025-10-17,2025-11-09,2026-01-23,Approved,0,Community Forest Resource,True,Land Record Mismatch,Medium
FRA-04804,Odisha,Keonjhar,20.314282,83.295765,13.0,14.79,2024-07-08,2024-11-02,2025-01-08,Approved,0,Individual Forest Right,False,None,None
FRA-04805,Madhya Pradesh,Dindori,22.903381,78.606517,5.52,6.0,2025-03-03,,,Pending,550,Community Forest Resource,False,None,None
FRA-04806,Chhattisgarh,Bastar,21.135112,81.602008,13.24,11.91,2025-08-20,,,Pending,380,Community Forest Resource,False,None,None
FRA-04807,Maharashtra,Gadchiroli,19.737099,73.176283,2.18,2.14,2024-03-06,2024-05-01,2024-06-24,Approved,0,Individual Forest Right,False,None,None
FRA-04808,Madhya Pradesh,Balaghat,23.376629,77.518652,1.76,1.51,2024-09-11,2024-11-15,2024-12-28,Approved,0,Community Forest Resource,False,None,None
FRA-04809,Chhattisgarh,Bastar,20.925804,80.965327,14.84,6.69,2023-02-10,2023-03-25,2023-06-12,Approved,0,Community Forest Resource,True,Land Record Mismatch,Medium
FRA-04810,Kerala,Kannur,9.860232,76.187165,9.88,10.01,2023-03-23,2023-05-12,2023-08-09,Approved,0,Community Forest Resource,False,None,None
FRA-04811,Jharkhand,Simdega,23.668759,84.593532,0.92,1.01,2025-03-08,2025-08-11,,Under Verification,545,Community Forest Right,False,None,None
FRA-04812,Odisha,Mayurbhanj,18.717882,83.891676,12.58,12.71,2025-09-21,,,Rejected,0,Community Forest Right,False,None,None
FRA-04813,Odisha,Sundargarh,21.005567,87.292905,4.18,2.31,2022-07-18,,,Rejected,0,Individual Forest Right,True,Land Record Mismatch,High
FRA-04814,Maharashtra,Nandurbar,19.762609,80.908277,14.07,15.53,2024-06-25,,,Pending,801,Individual Forest Right,False,None,None
FRA-04815,Jharkhand,Gumla,22.344214,87.350605,1.65,1.68,2024-03-01,,,Pending,917,Community Forest Right,False,None,None
FRA-04816,Jharkhand,Ranchi,22.298015,84.790676,1.13,0.98,2024-10-03,2025-02-01,,Under Verification,701,Community Forest Right,False,None,None
FRA-04817,Odisha,Sundargarh,21.527431,84.177703,7.37,7.62,2024-10-25,2025-01-10,2025-01-15,Approved,0,Individual Forest Right,False,None,None
FRA-04818,Madhya Pradesh,Bhopal,24.191189,77.360907,3.96,4.36,2025-11-08,,,Pending,300,Community Forest Right,False,None,None
FRA-04819,Maharashtra,Gadchiroli,19.021062,73.064216,1.86,2.04,2025-03-10,,,Pending,543,Community Forest Resource,True,Delayed Processing,Medium
FRA-04820,Kerala,Wayanad,11.240667,76.165177,56.42,56.72,2023-08-15,2023-10-21,2023-12-18,Approved,0,Community Forest Resource,True,Unusual Claim Area,High
FRA-04821,Odisha,Sundargarh,20.743502,87.002696,5.91,6.24,2025-01-21,,,Rejected,0,Community Forest Right,False,None,None
FRA-04822,Odisha,Sundargarh,19.738276,86.977826,13.99,14.53,2025-04-24,2025-07-08,2025-09-10,Approved,0,Community Forest Resource,False,None,None
FRA-04823,Madhya Pradesh,Balaghat,23.743361,79.435887,0.72,0.72,2024-12-31,2023-06-20,2023-07-11,Under Verification,612,Individual Forest Right,True,Delayed Processing,High
FRA-04824,Maharashtra,Nashik,20.138767,79.426267,8.92,9.04,2022-05-25,2022-07-25,2022-09-20,Approved,0,Community Forest Resource,False,None,None
FRA-04825,Madhya Pradesh,Dindori,23.824139,79.296262,8.71,7.82,2024-07-26,2024-08-11,,Under Verification,770,Community Forest Resource,False,None,None
FRA-04826,Kerala,Kannur,11.588092,75.942074,7.11,7.97,2023-08-31,2023-12-27,,Under Verification,1100,Community Forest Resource,False,None,None
FRA-04827,Jharkhand,West Singhbhum,23.65902,85.119138,13.67,13.52,2024-06-07,,,Pending,819,Community Forest Resource,False,None,None
FRA-04828,Maharashtra,Gadchiroli,18.156949,76.698957,0.99,1.08,2025-07-07,2025-03-13,2025-04-18,Pending,424,Community Forest Right,True,Delayed Processing,Medium
FRA-04829,Jharkhand,Simdega,23.72803,87.243083,10.92,10.7,2024-12-06,,,Pending,637,Individual Forest Right,True,Delayed Processing,High
FRA-04830,Kerala,Idukki,10.284554,76.006597,11.29,12.15,2022-11-15,2023-01-22,2023-02-22,Approved,0,Individual Forest Right,False,None,None
FRA-04831,Chhattisgarh,Bastar,21.190943,81.541867,6.86,6.98,2022-12-09,,,Rejected,0,Individual Forest Right,False,None,None
FRA-04832,Chhattisgarh,Kanker,20.942113,82.450468,5.34,5.74,2024-10-20,2025-02-03,2025-03-07,Approved,0,Community Forest Resource,False,None,None
FRA-04833,Maharashtra,Nandurbar,19.992668,78.469424,6.86,7.34,2022-05-21,,,Rejected,0,Community Forest Resource,False,None,None
FRA-04834,Madhya Pradesh,Dindori,22.318493,79.739954,9.91,9.45,2023-08-01,2023-09-19,2023-10-31,Approved,0,Community Forest Resource,False,None,None
FRA-04835,Jharkhand,Simdega,24.232279,85.589454,9.75,11.13,2023-08-08,,,Pending,1123,Individual Forest Right,False,None,None
FRA-04836,Madhya Pradesh,Dindori,23.886194,77.633422,9.34,9.71,2025-04-14,2025-05-26,2025-06-25,Approved,0,Community Forest Resource,False,None,None
FRA-04837,Madhya Pradesh,Mandla,22.260923,80.733933,9.65,10.46,2024-03-13,2024-05-07,,Under Verification,905,Community Forest Resource,False,None,None
FRA-04838,Maharashtra,Nashik,18.655811,78.317832,1.32,0.56,2023-05-21,2023-06-12,2023-08-03,Approved,0,Community Forest Resource,True,Land Record Mismatch,High
FRA-04839,Jharkhand,Ranchi,23.161918,84.025402,11.9,12.67,2025-03-18,,,Rejected,0,Individual Forest Right,False,None,None
FRA-04840,Jharkhand,Ranchi,24.275139,87.032438,8.48,8.91,2022-02-15,2022-03-07,2022-04-12,Approved,0,Community Forest Resource,False,None,None
FRA-04841,Maharashtra,Nashik,18.129422,73.279575,13.82,13.34,2025-07-22,2025-08-31,2025-10-12,Approved,0,Community Forest Right,False,None,None
FRA-04842,Kerala,Idukki,12.233867,75.697064,95.35,90.78,2023-09-07,2023-12-29,2024-01-26,Approved,0,Community Forest Resource,True,Unusual Claim Area,Medium
FRA-04843,Madhya Pradesh,Dindori,23.984533,80.020188,11.32,9.92,2025-09-05,2025-10-09,2025-10-17,Approved,0,Community Forest Right,False,None,None
FRA-04844,Chhattisgarh,Kanker,20.562655,82.144951,7.88,7.48,2022-04-22,2022-06-08,2022-07-16,Approved,0,Individual Forest Right,False,None,None
FRA-04845,Odisha,Koraput,18.757205,85.549962,6.49,5.97,2024-11-02,,,Under Verification,671,Community Forest Right,True,Delayed Processing,High
FRA-04846,Maharashtra,Gadchiroli,21.289035,74.663716,1.44,1.57,2022-11-03,2023-03-02,2023-04-11,Approved,0,Community Forest Right,False,None,None
FRA-04847,Odisha,Koraput,21.240308,84.423563,5.52,4.73,2022-02-05,,,Pending,1672,Community Forest Right,False,None,None
FRA-04848,Kerala,Wayanad,12.000409,75.693218,14.24,13.72,2023-03-04,,,Pending,1280,Community Forest Right,False,None,None
FRA-04849,Kerala,Kannur,10.591971,76.949152,3.46,3.89,2022-06-25,2022-08-12,2022-11-04,Approved,0,Individual Forest Right,False,None,None
FRA-04850,Chhattisgarh,Dantewada,21.829616,82.979546,11.77,13.46,2025-09-27,2023-07-14,,Pending,342,Community Forest Resource,True,Delayed Processing,Medium
FRA-04851,Madhya Pradesh,Mandla,22.121749,79.422712,14.91,16.52,2023-05-05,,,Pending,1218,Individual Forest Right,False,None,None
FRA-04852,Kerala,Palakkad,11.95471,77.001792,2.34,2.4,2023-03-27,2023-06-15,2023-08-13,Approved,0,Community Forest Resource,False,None,None
FRA-04853,Madhya Pradesh,Bhopal,24.455887,80.451273,9.31,9.89,2025-03-21,,,Rejected,0,Community Forest Resource,False,None,None
FRA-04854,Chhattisgarh,Bastar,22.419005,81.282826,13.13,21.22,2022-08-19,,,Pending,1477,Community Forest Resource,True,Land Record Mismatch,Medium
FRA-04855,Madhya Pradesh,Dindori,23.125363,77.489382,10.87,10.66,2024-10-03,,,Pending,701,Community Forest Right,False,None,None
FRA-04856,Chhattisgarh,Kanker,19.185725,82.837794,10.7,10.91,2023-05-25,,,Rejected,0,Individual Forest Right,False,None,None
FRA-04857,Odisha,Mayurbhanj,19.908899,83.754059,84.0,89.51,2022-10-09,,,Rejected,0,Community Forest Resource,True,Unusual Claim Area,Medium
FRA-04858,Madhya Pradesh,Mandla,22.258825,80.173494,10.14,8.89,2024-05-28,,,Pending,829,Community Forest Resource,False,None,None
FRA-04859,Maharashtra,Nandurbar,18.31008,78.204216,4.71,4.55,2022-11-26,,,Rejected,0,Individual Forest Right,False,None,None
FRA-04860,Jharkhand,Gumla,23.494731,84.01368,8.09,8.95,2023-08-07,,,Pending,1124,Community Forest Resource,False,None,None
FRA-04861,Kerala,Kannur,12.134447,75.353777,10.89,9.97,2022-10-12,2022-12-25,,Under Verification,1423,Community Forest Right,False,None,None
FRA-04862,Chhattisgarh,Dantewada,22.924715,81.66864,3.62,3.63,2022-06-10,2022-07-22,2022-08-09,Approved,0,Individual Forest Right,False,None,None
FRA-04863,Maharashtra,Nashik,21.765592,77.331993,7.41,7.66,2023-07-23,2023-09-07,2023-09-23,Approved,0,Community Forest Right,False,None,None
FRA-04864,Chhattisgarh,Surguja,19.344265,80.01049,7.14,6.71,2025-06-29,2022-04-30,2022-05-28,Pending,432,Community Forest Resource,True,Delayed Processing,Medium
FRA-04865,Chhattisgarh,Surguja,19.494531,80.80586,8.3,7.63,2024-02-06,2024-05-01,2024-06-22,Approved,0,Individual Forest Right,False,None,None
FRA-04866,Maharashtra,Nashik,19.93129,80.376735,4.33,3.86,2025-01-18,,,Rejected,0,Community Forest Resource,False,None,None
FRA-04867,Jharkhand,Ranchi,24.279039,85.482311,5.52,9.36,2022-08-01,,,Rejected,0,Community Forest Right,True,Land Record Mismatch,Medium
FRA-04868,Madhya Pradesh,Mandla,23.531578,78.141034,13.93,12.53,2024-11-26,2024-12-22,2025-02-19,Approved,0,Individual Forest Right,False,None,None
FRA-04869,Maharashtra,Nandurbar,18.023224,79.011812,8.47,9.05,2025-02-20,2025-07-10,,Under Verification,561,Community Forest Resource,False,None,None
FRA-04870,Jharkhand,Ranchi,23.484923,85.800467,3.15,3.62,2025-04-03,,,Rejected,0,Community Forest Resource,False,None,None
FRA-04871,Madhya Pradesh,Bhopal,23.616855,80.206134,4.47,3.99,2025-07-24,2025-09-05,2025-11-11,Approved,0,Individual Forest Right,False,None,None
FRA-04872,Madhya Pradesh,Balaghat,23.224741,80.114188,2.4,2.65,2025-04-03,2025-05-23,2025-06-08,Approved,0,Community Forest Resource,False,None,None
FRA-04873,Chhattisgarh,Kanker,20.395966,81.684294,12.07,13.32,2025-06-25,,,Under Verification,436,Individual Forest Right,True,Delayed Processing,Medium
FRA-04874,Chhattisgarh,Dantewada,21.949372,80.696096,12.69,11.93,2025-02-02,2025-05-06,2025-07-09,Approved,0,Individual Forest Right,False,None,None
FRA-04875,Madhya Pradesh,Balaghat,23.202925,79.136614,7.62,8.28,2022-04-11,2022-09-06,,Under Verification,1607,Community Forest Right,False,None,None
FRA-04876,Jharkhand,Ranchi,23.265628,87.117791,8.65,8.87,2025-03-25,2025-06-29,2025-07-10,Approved,0,Individual Forest Right,False,None,None
FRA-04877,Odisha,Koraput,21.622912,83.631305,97.67,91.51,2024-02-24,2024-03-10,,Under Verification,923,Community Forest Right,True,Unusual Claim Area,High
FRA-04878,Madhya Pradesh,Bhopal,23.948137,77.43992,14.89,16.67,2023-04-26,2023-08-20,2023-10-28,Approved,0,Individual Forest Right,False,None,None
FRA-04879,Jharkhand,Gumla,23.742233,86.147838,12.13,13.14,2022-08-05,2022-10-31,2023-01-17,Approved,0,Community Forest Right,False,None,None
FRA-04880,Maharashtra,Nandurbar,19.076293,74.834064,2.46,2.51,2025-11-04,,,Pending,304,Community Forest Resource,False,None,None
FRA-04881,Jharkhand,West Singhbhum,22.18602,85.092842,14.12,14.79,2023-01-13,,,Rejected,0,Community Forest Resource,False,None,None
FRA-04882,Kerala,Idukki,11.519477,77.307805,9.13,10.22,2024-09-20,2024-12-13,2025-01-25,Approved,0,Community Forest Resource,False,None,None
FRA-04883,Jharkhand,Ranchi,22.111168,87.447099,9.2,3.77,2025-08-12,,,Rejected,0,Community Forest Right,True,Land Record Mismatch,Medium
FRA-04884,Maharashtra,Nandurbar,18.45762,80.46754,3.1,2.88,2023-11-25,,,Rejected,0,Community Forest Right,False,None,None
FRA-04885,Maharashtra,Nashik,19.68186,79.544217,2.1,2.2,2023-07-12,,,Pending,1150,Individual Forest Right,False,None,None
FRA-04886,Jharkhand,Ranchi,22.16075,85.063648,12.94,14.87,2022-08-19,,,Rejected,0,Community Forest Resource,False,None,None
FRA-04887,Maharashtra,Chandrapur,20.447279,77.779279,13.47,13.97,2025-12-25,2026-03-30,2026-06-17,Approved,0,Community Forest Right,False,None,None
FRA-04888,Chhattisgarh,Kanker,19.969579,81.169966,4.93,2.95,2023-04-02,2023-07-21,2023-09-21,Approved,0,Community Forest Resource,True,Land Record Mismatch,Medium
FRA-04889,Maharashtra,Gadchiroli,21.562334,79.606212,0.57,0.55,2025-02-11,2025-03-28,2025-05-06,Approved,0,Community Forest Right,False,None,None
FRA-04890,Odisha,Keonjhar,22.361307,85.55851,11.14,9.74,2024-11-18,,,Pending,655,Individual Forest Right,False,None,None
FRA-04891,Kerala,Kannur,11.001756,76.659806,12.95,11.26,2024-07-10,,,Pending,786,Individual Forest Right,False,None,None
FRA-04892,Jharkhand,Ranchi,24.231264,87.143796,4.41,4.55,2023-06-10,,,Pending,1182,Individual Forest Right,False,None,None
FRA-04893,Odisha,Keonjhar,18.697627,83.210081,13.24,11.39,2022-01-12,2022-03-04,2022-04-29,Approved,0,Individual Forest Right,False,None,None
FRA-04894,Maharashtra,Nandurbar,18.752827,80.771824,13.48,11.8,2025-05-18,,,Under Verification,474,Individual Forest Right,True,Delayed Processing,High
FRA-04895,Kerala,Palakkad,11.622846,76.117389,0.54,0.55,2025-03-22,,,Pending,531,Community Forest Right,False,None,None
FRA-04896,Odisha,Koraput,20.563569,83.270825,6.99,6.06,2022-08-03,2022-09-30,2022-11-21,Approved,0,Community Forest Right,False,None,None
FRA-04897,Maharashtra,Nandurbar,21.318613,73.203823,6.05,5.53,2024-10-18,2024-12-01,2025-01-20,Approved,0,Community Forest Resource,False,None,None
FRA-04898,Maharashtra,Nandurbar,20.375799,73.680754,5.78,6.37,2024-06-09,2024-09-18,2024-11-04,Approved,0,Community Forest Resource,False,None,None
FRA-04899,Chhattisgarh,Surguja,22.593321,82.866377,2.04,1.82,2024-04-20,,,Pending,867,Individual Forest Right,False,None,None
FRA-04900,Madhya Pradesh,Dindori,23.569315,80.189327,11.25,12.51,2025-12-14,,,Pending,264,Individual Forest Right,False,None,None
FRA-04901,Madhya Pradesh,Dindori,22.099541,80.261877,0.83,0.86,2024-12-11,2025-03-25,2025-05-23,Approved,0,Community Forest Resource,False,None,None
FRA-04902,Chhattisgarh,Surguja,19.677084,81.593257,2.15,2.24,2025-06-27,,,Pending,434,Community Forest Right,False,None,None
FRA-04903,Jharkhand,West Singhbhum,22.246252,85.269111,1.88,1.61,2024-10-26,2025-01-23,,Under Verification,678,Community Forest Right,False,None,None
FRA-04904,Jharkhand,West Singhbhum,23.957975,86.787635,0.78,0.72,2025-09-10,2025-12-17,,Under Verification,359,Community Forest Right,False,None,None
FRA-04905,Odisha,Sundargarh,18.869853,84.52374,4.82,4.6,2023-09-10,,,Rejected,0,Community Forest Resource,False,None,None
FRA-04906,Odisha,Koraput,20.880343,83.286949,31.96,35.59,2022-02-06,2022-03-05,,Under Verification,1671,Individual Forest Right,True,Unusual Claim Area,High
FRA-04907,Odisha,Keonjhar,22.223388,84.353148,12.91,12.61,2025-08-22,,,Rejected,0,Individual Forest Right,False,None,None
FRA-04908,Jharkhand,Simdega,22.615409,87.161422,62.02,60.23,2023-03-21,,,Rejected,0,Community Forest Resource,True,Unusual Claim Area,Medium
FRA-04909,Jharkhand,West Singhbhum,22.891562,84.531101,4.22,3.96,2022-01-29,2022-04-10,,Under Verification,1679,Community Forest Right,False,None,None
FRA-04910,Jharkhand,West Singhbhum,22.022637,87.223734,5.53,5.63,2022-07-29,2022-10-18,,Under Verification,1498,Individual Forest Right,False,None,None
FRA-04911,Jharkhand,West Singhbhum,23.376657,85.524463,5.25,10.29,2025-07-01,2025-09-14,2025-09-25,Approved,0,Community Forest Right,True,Land Record Mismatch,Medium
FRA-04912,Chhattisgarh,Kanker,22.282723,81.821747,90.14,85.9,2024-05-09,2024-07-17,2024-10-10,Approved,0,Community Forest Resource,True,Unusual Claim Area,Medium
FRA-04913,Madhya Pradesh,Balaghat,22.317934,80.879461,1.93,0.63,2023-06-17,2023-10-20,,Under Verification,1175,Individual Forest Right,True,Land Record Mismatch,Medium
FRA-04914,Chhattisgarh,Kanker,21.218215,82.721311,1.25,1.18,2025-11-01,2025-12-16,2026-02-10,Approved,0,Community Forest Right,False,None,None
FRA-04915,Madhya Pradesh,Dindori,22.234729,80.696376,14.84,16.16,2023-03-27,2023-07-12,2023-07-26,Approved,0,Community Forest Right,False,None,None
FRA-04916,Kerala,Palakkad,10.471239,76.036796,14.29,16.17,2025-02-11,2025-05-18,,Under Verification,570,Individual Forest Right,False,None,None
FRA-04917,Maharashtra,Chandrapur,20.171706,80.466139,3.93,3.79,2025-03-01,2025-04-21,2025-05-15,Under Verification,552,Community Forest Resource,True,Delayed Processing,High
FRA-04918,Jharkhand,Ranchi,22.945517,84.679372,9.37,9.98,2023-03-01,2023-04-21,,Under Verification,1283,Community Forest Resource,False,None,None
FRA-04919,Kerala,Wayanad,10.899054,75.239131,2.76,1.11,2025-12-06,,,Rejected,0,Individual Forest Right,True,Land Record Mismatch,High
FRA-04920,Odisha,Koraput,19.213576,85.451313,3.26,3.64,2023-02-04,2023-06-03,2023-08-30,Approved,0,Community Forest Resource,False,None,None
FRA-04921,Kerala,Wayanad,11.278671,75.760282,14.91,15.85,2025-07-13,2025-09-21,2025-11-20,Approved,0,Community Forest Resource,False,None,None
FRA-04922,Kerala,Kannur,9.951628,75.504077,7.04,6.2,2024-09-21,2024-10-18,2024-10-28,Approved,0,Community Forest Right,False,None,None
FRA-04923,Kerala,Kannur,11.575875,75.305353,14.7,14.45,2024-02-19,2024-06-18,2024-09-10,Approved,0,Individual Forest Right,False,None,None
FRA-04924,Chhattisgarh,Bastar,18.236539,80.391402,4.74,4.28,2023-04-19,2023-08-22,,Under Verification,1234,Community Forest Right,False,None,None
FRA-04925,Odisha,Mayurbhanj,22.452189,85.979309,3.29,3.59,2025-11-21,2025-12-11,2026-03-02,Approved,0,Community Forest Right,False,None,None
FRA-04926,Kerala,Palakkad,12.253525,75.165154,5.09,5.79,2025-01-01,2025-09-24,2025-09-30,Pending,611,Community Forest Right,True,Delayed Processing,Medium
FRA-04927,Jharkhand,Simdega,22.314207,86.220311,10.85,11.79,2026-01-26,,,Pending,221,Individual Forest Right,True,Delayed Processing,Medium
FRA-04928,Madhya Pradesh,Bhopal,22.077207,79.724119,4.3,3.7,2023-11-11,2023-11-26,2024-01-09,Approved,0,Community Forest Right,False,None,None
FRA-04929,Jharkhand,West Singhbhum,23.775166,84.311312,3.4,3.75,2024-01-04,2024-04-10,2024-07-05,Approved,0,Community Forest Right,False,None,None
FRA-04930,Kerala,Palakkad,11.978061,77.2646,11.2,9.55,2023-11-29,,,Rejected,0,Community Forest Right,False,None,None
FRA-04931,Maharashtra,Gadchiroli,19.966865,80.978816,9.18,9.8,2024-06-11,2024-08-20,2024-10-15,Approved,0,Individual Forest Right,False,None,None
FRA-04932,Maharashtra,Chandrapur,21.850394,80.639765,8.53,14.81,2024-05-17,2024-06-05,2024-07-01,Approved,0,Community Forest Right,True,Land Record Mismatch,High
FRA-04933,Maharashtra,Gadchiroli,21.796536,76.249679,11.04,18.92,2024-08-11,,,Pending,754,Community Forest Resource,True,Land Record Mismatch,Medium
FRA-04934,Odisha,Keonjhar,19.613742,86.550645,10.18,9.58,2025-05-04,,,Under Verification,488,Community Forest Right,True,Delayed Processing,High
FRA-04935,Madhya Pradesh,Mandla,22.44281,79.517285,7.22,7.48,2025-04-15,2025-05-11,2025-07-03,Approved,0,Community Forest Right,False,None,None
FRA-04936,Madhya Pradesh,Balaghat,22.507453,79.31735,4.41,4.94,2022-09-23,2023-01-11,2023-02-21,Approved,0,Individual Forest Right,False,None,None
FRA-04937,Chhattisgarh,Kanker,21.666796,81.054789,4.33,4.64,2025-07-29,2025-11-01,,Under Verification,402,Individual Forest Right,False,None,None
FRA-04938,Chhattisgarh,Dantewada,18.863958,82.891511,12.45,13.55,2024-06-22,,,Pending,804,Individual Forest Right,False,None,None
FRA-04939,Maharashtra,Nashik,20.246548,74.929575,9.37,10.0,2023-06-07,2023-08-06,2023-08-31,Approved,0,Community Forest Right,False,None,None
FRA-04940,Odisha,Mayurbhanj,20.752663,86.675301,1.76,1.84,2025-08-04,,,Pending,396,Individual Forest Right,False,None,None
FRA-04941,Maharashtra,Gadchiroli,20.04034,78.769849,13.31,14.2,2022-01-27,2022-04-26,2022-07-04,Approved,0,Community Forest Resource,False,None,None
FRA-04942,Odisha,Keonjhar,18.543601,83.16563,7.89,7.52,2025-11-03,2026-01-05,2026-01-27,Approved,0,Community Forest Resource,False,None,None
FRA-04943,Odisha,Sundargarh,21.578232,85.855702,2.84,1.6,2025-12-17,,,Rejected,0,Community Forest Resource,True,Land Record Mismatch,High
FRA-04944,Madhya Pradesh,Mandla,22.672825,78.450403,13.09,5.27,2022-06-20,,,Rejected,0,Community Forest Right,True,Land Record Mismatch,High
FRA-04945,Odisha,Sundargarh,21.498368,84.098504,4.29,4.06,2023-11-15,,,Rejected,0,Community Forest Resource,False,None,None
FRA-04946,Chhattisgarh,Kanker,18.366977,81.851208,10.46,10.53,2024-10-26,2024-11-17,2024-12-18,Approved,0,Individual Forest Right,False,None,None
FRA-04947,Odisha,Mayurbhanj,18.723655,85.582679,9.46,8.71,2025-03-04,,,Rejected,0,Individual Forest Right,False,None,None
FRA-04948,Chhattisgarh,Bastar,18.824604,82.863505,4.98,4.34,2024-10-20,2025-02-07,2025-04-28,Approved,0,Community Forest Resource,False,None,None
FRA-04949,Jharkhand,Gumla,23.741853,84.556166,2.89,3.07,2024-07-07,2024-10-12,2024-10-19,Approved,0,Community Forest Resource,False,None,None
FRA-04950,Kerala,Kannur,10.963217,75.819356,12.86,13.17,2024-04-18,2024-07-22,2024-10-11,Approved,0,Individual Forest Right,False,None,None
FRA-04951,Kerala,Wayanad,9.923361,75.543466,5.32,4.82,2022-08-31,2022-10-08,2022-11-14,Approved,0,Individual Forest Right,False,None,None
FRA-04952,Jharkhand,Simdega,22.972098,86.035201,7.24,7.08,2025-07-23,2025-09-26,2025-11-08,Approved,0,Individual Forest Right,False,None,None
FRA-04953,Kerala,Wayanad,10.303625,75.438715,42.64,47.63,2023-06-18,2023-09-20,,Under Verification,1174,Community Forest Right,True,Unusual Claim Area,High
FRA-04954,Odisha,Keonjhar,22.422752,83.732263,6.25,7.13,2026-03-08,2026-01-19,,Under Verification,180,Individual Forest Right,True,Delayed Processing,High
FRA-04955,Jharkhand,Simdega,23.996145,84.048103,84.72,86.67,2024-03-13,2024-04-12,2024-05-06,Approved,0,Community Forest Resource,True,Unusual Claim Area,High
FRA-04956,Chhattisgarh,Dantewada,22.382443,81.516317,8.16,7.18,2024-03-30,,,Pending,888,Community Forest Resource,False,None,None
FRA-04957,Chhattisgarh,Surguja,19.425483,80.934918,3.34,1.44,2025-09-14,2025-11-17,2025-12-05,Approved,0,Community Forest Resource,True,Land Record Mismatch,Medium
FRA-04958,Jharkhand,Ranchi,23.151257,84.566532,13.73,4.87,2022-03-01,2022-06-03,2022-08-28,Approved,0,Community Forest Right,True,Land Record Mismatch,Medium
FRA-04959,Maharashtra,Nandurbar,20.408408,76.542749,11.15,11.19,2022-06-20,2022-08-02,2022-10-11,Approved,0,Individual Forest Right,False,None,None
FRA-04960,Odisha,Koraput,21.464638,86.889266,2.97,3.26,2025-02-12,,,Rejected,0,Community Forest Resource,False,None,None
FRA-04961,Madhya Pradesh,Mandla,22.261874,78.229194,14.53,13.49,2025-03-16,,,Under Verification,537,Individual Forest Right,True,Delayed Processing,High
FRA-04962,Odisha,Sundargarh,20.939503,86.735398,2.44,2.16,2025-08-15,2025-11-13,2026-01-31,Approved,0,Individual Forest Right,False,None,None
FRA-04963,Jharkhand,Simdega,23.685748,85.078534,7.43,7.22,2023-04-28,2023-08-15,2023-11-07,Approved,0,Community Forest Resource,False,None,None
FRA-04964,Odisha,Sundargarh,21.597883,85.683668,4.92,5.52,2025-09-02,2026-02-06,,Under Verification,367,Community Forest Resource,False,None,None
FRA-04965,Odisha,Mayurbhanj,20.369074,87.250687,6.01,6.59,2024-07-24,2024-09-27,2024-11-14,Approved,0,Community Forest Right,False,None,None
FRA-04966,Odisha,Sundargarh,21.43994,86.434945,6.89,6.57,2024-05-08,2024-07-13,2024-07-30,Approved,0,Individual Forest Right,False,None,None
FRA-04967,Jharkhand,Ranchi,23.632643,86.470664,51.75,58.05,2024-11-26,2025-03-19,2025-05-10,Approved,0,Individual Forest Right,True,Unusual Claim Area,Medium
FRA-04968,Jharkhand,West Singhbhum,22.752009,85.916736,5.06,5.27,2023-07-13,,,Rejected,0,Community Forest Right,False,None,None
FRA-04969,Madhya Pradesh,Bhopal,22.306398,77.327542,2.9,3.27,2025-02-14,,,Pending,567,Community Forest Right,False,None,None
FRA-04970,Maharashtra,Gadchiroli,19.07944,73.425811,1.8,1.6,2025-12-03,,,Under Verification,275,Community Forest Right,True,Delayed Processing,High
FRA-04971,Kerala,Kannur,11.205992,75.241186,9.03,9.87,2022-09-23,2022-12-06,2022-12-18,Approved,0,Individual Forest Right,False,None,None
FRA-04972,Chhattisgarh,Surguja,19.610566,82.0804,2.73,3.02,2024-09-05,,,Rejected,0,Individual Forest Right,False,None,None
FRA-04973,Kerala,Kannur,9.6296,75.451104,8.0,8.69,2024-07-07,2024-08-10,2024-10-06,Approved,0,Individual Forest Right,False,None,None
FRA-04974,Odisha,Keonjhar,19.213856,84.393155,7.2,8.17,2024-03-01,,,Pending,917,Community Forest Right,False,None,None
FRA-04975,Kerala,Idukki,10.695454,76.090932,9.57,10.78,2022-01-04,,,Pending,1704,Community Forest Resource,False,None,None
FRA-04976,Jharkhand,Gumla,22.328854,86.638609,95.94,88.48,2024-12-07,,,Pending,636,Community Forest Right,True,Unusual Claim Area,High
FRA-04977,Kerala,Idukki,10.551216,76.455422,14.22,15.82,2022-04-06,,,Pending,1612,Community Forest Resource,False,None,None
FRA-04978,Madhya Pradesh,Balaghat,24.386023,79.877179,49.5,55.94,2025-05-03,,,Pending,489,Individual Forest Right,True,Unusual Claim Area,High
FRA-04979,Jharkhand,Gumla,23.049746,84.461574,5.99,6.83,2023-07-20,,,Pending,1142,Community Forest Resource,False,None,None
FRA-04980,Kerala,Idukki,11.922884,76.14449,1.3,1.22,2023-10-31,2023-12-10,2024-02-15,Approved,0,Individual Forest Right,False,None,None
FRA-04981,Jharkhand,Ranchi,24.091255,85.509518,13.49,14.58,2022-09-22,2022-12-07,2022-12-30,Approved,0,Community Forest Resource,False,None,None
FRA-04982,Madhya Pradesh,Bhopal,23.704834,77.689159,7.35,6.27,2024-12-31,,,Under Verification,612,Community Forest Right,True,Delayed Processing,Medium
FRA-04983,Kerala,Idukki,10.107592,76.524048,2.66,3.02,2022-09-05,2022-11-24,2022-12-12,Approved,0,Individual Forest Right,False,None,None
FRA-04984,Chhattisgarh,Surguja,22.097976,82.457839,11.72,13.14,2022-11-03,2023-01-15,2023-02-07,Approved,0,Community Forest Right,False,None,None
FRA-04985,Chhattisgarh,Surguja,18.35702,82.307879,6.18,12.63,2023-03-15,,,Pending,1269,Community Forest Resource,True,Land Record Mismatch,Medium
FRA-04986,Kerala,Palakkad,12.47237,75.410204,10.44,9.47,2022-12-28,,,Pending,1346,Community Forest Right,False,None,None
FRA-04987,Jharkhand,Ranchi,23.504296,85.984755,1.68,1.68,2022-07-12,,,Rejected,0,Individual Forest Right,False,None,None
FRA-04988,Madhya Pradesh,Balaghat,23.60793,78.784372,11.41,10.79,2025-05-03,2025-11-25,,Under Verification,489,Community Forest Right,True,Delayed Processing,High
FRA-04989,Jharkhand,Gumla,22.385832,84.097605,1.24,1.15,2024-11-22,2025-05-14,,Under Verification,651,Community Forest Right,False,None,None
FRA-04990,Odisha,Keonjhar,19.1612,83.787976,5.48,5.78,2024-07-15,2024-08-21,2024-10-27,Approved,0,Community Forest Right,False,None,None
FRA-04991,Kerala,Wayanad,11.073976,76.958225,6.85,6.37,2023-04-01,2023-04-17,2023-04-28,Approved,0,Individual Forest Right,False,None,None
FRA-04992,Kerala,Palakkad,9.505907,77.377272,70.71,69.47,2025-09-22,2026-01-07,2026-02-27,Approved,0,Community Forest Right,True,Unusual Claim Area,High
FRA-04993,Madhya Pradesh,Mandla,23.169518,77.937482,47.27,50.44,2024-10-24,2025-02-09,2025-04-30,Approved,0,Community Forest Resource,True,Unusual Claim Area,Medium
FRA-04994,Maharashtra,Chandrapur,21.125313,73.448149,6.83,7.3,2025-10-22,,,Rejected,0,Individual Forest Right,False,None,None
FRA-04995,Maharashtra,Nandurbar,19.853338,78.906829,8.11,7.27,2025-10-17,2026-02-22,,Under Verification,322,Community Forest Right,False,None,None
FRA-04996,Chhattisgarh,Surguja,20.70481,82.637888,12.06,11.53,2022-11-24,2022-12-21,2023-02-22,Approved,0,Individual Forest Right,False,None,None
FRA-04997,Jharkhand,Gumla,24.244892,85.563143,1.29,1.28,2025-11-20,,,Rejected,0,Individual Forest Right,False,None,None
FRA-04998,Jharkhand,Simdega,23.595154,85.165303,6.18,6.11,2023-08-26,,,Pending,1105,Individual Forest Right,False,None,None
FRA-04999,Jharkhand,West Singhbhum,23.788682,87.032748,4.28,4.41,2025-05-25,,,Rejected,0,Individual Forest Right,False,None,None
FRA-05000,Kerala,Kannur,12.347589,76.752481,7.58,7.56,2025-12-28,,,Pending,250,Individual Forest Right,False,None,None
